年,月,日,時,分,縣市,區,死,受傷,2-30,天候,光線,道路類別,速限,道路型態,事故位置,路面鋪裝,路面狀態,路面缺陷,障礙物,視距,號誌種類,號誌動作,分向設施,快車道或一般車道間,快慢車道間,路面邊線,事故類型及型態,主要肇因,受傷程度,主要傷處,保護裝備,行動電話,當事者區分,車輛用途,當事者行動狀態,駕駛資格情形,駕駛執照種類,飲酒情形,車輛撞擊部位最初,車輛撞擊部位其他,肇事因素個別,肇事因素主要,肇事逃逸,職業,旅次目的,車種,GPS緯度,GPS經度,事故類別
2022,6,3,21,51,臺中市,梧棲區,0,0,0,,,,50,,,,,,,,,,,,,,,42,,,,,B03,,,1,,2,,,42,42,1,18,,B03,120.539402,24.257699,3
2022,6,3,22,47,臺中市,北屯區,0,0,0,8,,,50,,,,,,,,,,,,,,,26,,,,,B03,,,1,,9,,,26,26,2,6,,B03,120.692659,24.162101,3
2022,6,3,23,14,臺中市,西屯區,0,2,0,8,3,5,50,4,2,1,5,4,5,7,1,1,5,4,4,2,18,43,2,9,3,4,C03,7,9,1,10,2,12,,43,43,1,22,8,C03,120.644511,24.17125,2
2022,6,3,23,20,臺中市,西區,0,0,0,8,,,50,,,,,,,,,,,,,,,18,,,,,B03,,,1,,11,,,18,18,1,21,,B03,120.66958,24.139434,3
2022,6,4,0,0,臺中市,南區,0,1,0,8,3,5,50,3,7,1,5,4,5,7,4,4,3,4,4,2,16,6,3,10,1,1,B03,7,5,1,8,2,7,,6,6,1,21,8,B03,120.666933,24.127748,2
2022,6,4,2,34,臺中市,大甲區,0,1,0,8,3,5,70,4,1,1,5,4,5,7,1,1,10,4,4,1,13,23,2,9,1,1,B03,7,9,2,18,2,1,,23,23,1,22,8,B03,120.641625,24.40441,2
2022,6,4,2,56,臺中市,西屯區,0,1,0,8,3,5,50,4,2,1,5,4,5,7,1,1,5,4,5,2,17,43,2,9,3,4,C03,7,5,1,10,2,15,,43,43,1,22,8,C03,120.64673,24.175018,2
2022,6,4,3,48,臺中市,南屯區,0,0,0,8,,,40,,,,,,,,,,,,,,,42,,,,,B03,,,1,,2,,,42,42,1,22,,B03,120.64117,24.134878,3
2022,6,4,4,29,臺中市,西屯區,0,0,0,8,,,50,,,,,,,,,,,,,,,10,,,,,B03,,,1,,2,,,10,10,1,22,,B03,120.663318,24.182619,3
2022,6,4,5,6,臺中市,北屯區,0,1,0,8,2,5,50,4,1,1,5,4,5,7,1,1,10,5,5,2,15,25,2,9,1,1,C03,7,9,1,10,7,11,,25,25,1,21,8,C03,120.685367,24.169372,2
2022,6,4,6,45,臺中市,豐原區,0,1,0,8,1,5,50,3,1,1,5,4,5,7,1,1,10,5,5,2,14,25,2,9,1,1,C03,7,9,6,18,2,11,,25,25,1,20,8,C03,120.724608,24.232348,2
2022,6,4,7,25,臺中市,太平區,0,1,0,8,1,5,50,4,1,1,5,4,5,7,1,1,10,5,5,2,16,19,2,8,1,1,C04,7,1,1,8,2,11,,19,19,1,3,8,C04,120.7187,24.148876,2
2022,6,4,7,40,臺中市,清水區,0,0,0,8,,,50,,,,,,,,,,,,,,,6,,,,,B03,,,7,,9,,,6,6,2,21,,B03,120.537845,24.269465,3
2022,6,4,7,41,臺中市,豐原區,0,1,0,8,1,5,50,11,8,1,5,4,5,7,4,4,1,4,4,2,18,21,2,9,1,1,C03,7,9,3,18,6,15,,21,21,1,22,8,C03,120.727591,24.27367,2
2022,6,4,8,15,臺中市,烏日區,0,3,0,8,1,5,30,4,1,1,5,4,5,7,4,4,10,5,5,2,15,6,2,9,1,1,C03,7,9,1,10,2,11,,6,6,1,21,8,C03,120.635027,24.11043,2
2022,6,4,8,26,臺中市,豐原區,0,1,0,8,1,5,50,14,9,1,5,4,5,7,4,4,10,5,5,2,16,6,3,10,3,4,B03,7,6,1,8,2,2,,6,6,1,22,8,B03,120.744697,24.255375,2
2022,6,4,8,36,臺中市,大肚區,0,0,0,8,,,50,,,,,,,,,,,,,,,12,,,,,B12,,,1,,2,,,12,12,1,5,,B12,120.539825,24.157086,3
2022,6,4,8,40,臺中市,北區,0,1,0,8,1,5,50,5,8,1,5,4,5,7,2,1,3,2,3,1,13,23,3,10,3,4,B03,7,1,1,8,2,1,,23,23,1,22,9,B03,120.676559,24.145004,2
2022,6,4,8,48,臺中市,中區,0,1,0,8,1,5,50,14,9,1,5,4,5,7,4,4,10,4,5,2,16,19,2,9,1,1,C03,7,1,1,10,2,12,,19,19,1,5,5,C03,120.680616,24.143982,2
2022,6,4,8,51,臺中市,神岡區,0,0,0,8,,,50,,,,,,,,,,,,,,,23,,,,,B03,,,1,,2,,,23,23,1,22,,B03,120.654725,24.280054,3
2022,6,4,9,0,臺中市,西區,0,0,0,,,,50,,,,,,,,,,,,,,,23,,,,,B02,,,1,,1,,,23,23,1,21,,B02,120.668842,24.128177,3
2022,6,4,9,15,臺中市,大里區,0,1,0,8,1,5,60,4,1,1,5,4,5,7,1,1,10,5,5,2,16,23,3,10,1,1,B03,7,5,1,8,2,5,,23,23,1,21,9,B03,120.691783,24.074106,2
2022,6,4,9,20,臺中市,豐原區,0,1,0,8,1,5,50,14,7,1,5,4,5,7,4,4,1,4,5,2,13,14,2,8,1,1,C03,7,9,1,10,2,11,,14,14,1,21,8,C03,120.708265,24.249984,2
2022,6,4,9,30,臺中市,北屯區,0,0,0,8,,,30,,,,,,,,,,,,,,,23,,,,,B12,,,1,,9,,,23,23,1,5,,B12,120.698399,24.161013,3
2022,6,4,9,50,臺中市,霧峰區,0,1,0,8,1,5,40,14,9,1,5,4,5,7,4,4,5,5,5,1,12,7,3,10,4,5,F03,7,7,8,20,2,15,,7,7,1,22,8,F03,120.690361,24.065875,2
2022,6,4,9,51,臺中市,北屯區,0,2,0,7,1,5,40,4,1,1,5,4,5,7,4,4,10,5,5,2,15,6,2,9,1,1,C03,7,9,1,10,2,12,,6,6,1,22,8,C03,120.674948,24.178368,2
2022,6,4,9,55,臺中市,梧棲區,0,1,0,6,1,5,50,3,1,1,4,4,5,7,4,4,10,5,5,2,16,6,3,10,1,1,B03,7,5,1,1,2,8,,6,6,1,11,8,B03,120.538344,24.256449,2
2022,6,4,10,0,臺中市,清水區,0,0,0,6,,,50,,,,,,,,,,,,,,,6,,,,,B03,,,1,,1,,,6,6,1,22,,B03,120.561992,24.278934,3
2022,6,4,10,3,臺中市,東區,0,0,0,8,,,50,,,,,,,,,,,,,,,42,,,,,B03,,,1,,2,,,42,42,1,22,,B03,120.692481,24.138764,3
2022,6,4,10,10,臺中市,清水區,0,0,0,6,,,50,,,,,,,,,,,,,,,6,,,,,B03,,,1,,2,,,6,6,1,22,,B03,120.555743,24.270103,3
2022,6,4,10,12,臺中市,北區,0,0,0,8,,,50,,,,,,,,,,,,,,,23,,,,,B03,,,1,,2,,,23,23,1,19,,B03,120.684902,24.149306,3
2022,6,4,10,15,臺中市,西屯區,0,0,0,8,,,30,,,,,,,,,,,,,,,23,,,,,B03,,,1,,2,,,23,23,1,22,,B03,120.621608,24.181311,3
2022,6,4,10,16,臺中市,潭子區,0,1,0,8,1,5,50,4,1,1,5,4,5,7,1,1,10,5,5,2,13,16,2,9,1,1,C03,7,9,1,10,2,13,,16,16,1,22,8,C03,120.688108,24.215965,2
2022,6,4,10,17,臺中市,豐原區,0,0,0,,,,50,,,,,,,,,,,,,,,23,,,,,B03,,,1,,2,,,23,23,1,22,,B03,120.714736,24.245224,3
2022,6,4,10,22,臺中市,西區,0,3,0,8,1,5,50,14,9,1,5,4,5,7,4,4,5,5,5,2,12,23,3,10,3,4,B03,7,9,1,8,1,5,,23,23,1,21,8,B03,120.674529,24.137087,2
2022,6,4,10,44,臺中市,東區,0,2,0,8,1,5,40,4,1,1,5,4,5,7,4,4,10,5,5,2,16,6,2,9,1,1,C03,7,9,1,10,2,11,,6,6,1,22,8,C03,120.699854,24.126243,2
2022,6,4,10,45,臺中市,西屯區,0,0,0,8,,,50,,,,,,,,,,,,,,,19,,,,,B03,,,1,,1,,,19,19,1,4,,B03,120.64172,24.178262,3
2022,6,4,10,45,臺中市,大里區,0,0,0,8,,,50,,,,,,,,,,,,,,,7,,,,,B03,,,1,,2,,,7,7,1,22,,B03,120.689842,24.112986,3
2022,6,4,10,48,臺中市,北屯區,0,0,0,8,,,40,,,,,,,,,,,,,,,16,,,,,C03,,,1,,1,,,16,16,1,22,,C03,120.696146,24.164688,3
2022,6,4,10,57,臺中市,西區,0,0,0,6,,,50,,,,,,,,,,,,,,,16,,,,,B02,,,1,,1,,,16,16,1,21,,B02,120.661587,24.155869,3
2022,6,4,10,59,臺中市,西屯區,0,2,0,6,1,5,50,14,9,1,4,4,5,7,4,4,5,4,5,2,3,51,2,9,3,4,C04,7,9,1,8,2,11,,23,51,1,22,8,C04,120.617015,24.183631,2
2022,6,4,10,59,臺中市,清水區,0,0,0,8,,,50,,,,,,,,,,,,,,,40,,,,,B03,,,1,,1,,,40,40,1,21,,B03,120.575273,24.267453,3
2022,6,4,11,0,臺中市,大甲區,0,0,0,8,,,50,,,,,,,,,,,,,,,23,,,,,B12,,,1,,1,,,23,23,1,4,,B12,120.634508,24.345801,3
2022,6,4,11,2,臺中市,東勢區,0,1,0,7,1,5,60,3,1,1,5,4,5,7,4,4,10,5,5,1,13,23,3,10,1,1,B03,7,9,1,8,2,8,,23,23,1,5,8,B03,120.840359,24.171165,2
2022,6,4,11,3,臺中市,豐原區,0,0,0,6,,,50,,,,,,,,,,,,,,,23,,,,,B03,,,1,,2,,,23,23,1,22,,B03,120.711401,24.239208,3
2022,6,4,11,6,臺中市,東區,0,0,0,6,,,50,,,,,,,,,,,,,,,43,,,,,B03,,,1,,1,,,43,43,1,22,,B03,120.692581,24.142317,3
2022,6,4,11,9,臺中市,豐原區,0,0,0,,,,50,,,,,,,,,,,,,,,12,,,,,B03,,,1,,2,,,12,12,1,22,,B03,120.712386,24.239086,3
2022,6,4,11,10,臺中市,北區,0,1,0,8,1,5,50,14,7,1,5,4,5,7,4,4,9,4,4,2,9,51,3,10,4,5,H01,8,18,8,20,10,16,,51,51,1,22,9,H01,120.677368,24.171469,2
2022,6,4,11,30,臺中市,北區,0,0,0,8,,,50,,,,,,,,,,,,,,,34,,,,,A41,,,1,,1,,,34,34,1,22,,A41,120.685187,24.165981,3
2022,6,4,11,32,臺中市,后里區,0,2,0,6,1,5,50,14,9,1,4,4,5,7,4,4,5,4,4,2,14,12,3,10,1,1,B03,7,2,1,8,2,3,,12,12,1,2,8,B03,120.712741,24.304863,2
2022,6,4,11,35,臺中市,北屯區,0,1,0,8,1,5,50,14,7,1,5,4,5,7,4,4,5,5,4,2,16,26,3,10,1,1,B03,7,5,3,18,2,8,,26,26,1,22,8,B03,120.696785,24.172813,2
2022,6,4,11,41,臺中市,和平區,0,1,0,7,1,5,50,11,9,1,5,4,5,7,4,4,4,1,5,1,26,23,2,7,1,1,C01,7,5,1,9,2,11,,23,23,1,21,6,C01,120.92877,24.33637,2
2022,6,4,11,46,臺中市,東區,0,1,0,6,1,5,50,3,2,1,4,4,5,7,4,4,1,4,5,2,18,23,2,8,1,1,C03,7,9,1,10,2,12,,23,23,1,5,8,C03,120.688574,24.136749,2
2022,6,4,11,54,臺中市,北屯區,0,3,0,6,1,5,50,4,1,1,4,4,5,7,2,1,10,5,5,2,16,6,2,9,1,1,C03,7,5,1,10,2,11,,6,6,1,21,8,C03,120.683269,24.191505,2
2022,6,4,12,2,臺中市,西屯區,0,1,0,6,1,5,40,14,8,1,4,4,5,7,4,4,8,4,4,1,17,23,2,9,1,4,C03,7,9,1,10,2,12,,23,23,1,4,8,C03,120.647441,24.165836,2
2022,6,4,12,2,臺中市,霧峰區,0,2,0,8,1,5,50,4,18,1,5,4,5,7,1,1,10,5,5,2,3,52,2,8,4,5,H01,8,16,8,20,10,16,,52,52,1,18,9,H01,120.698686,24.064478,2
2022,6,4,12,9,臺中市,東勢區,0,0,0,8,,,50,,,,,,,,,,,,,,,17,,,,,B03,,,1,,2,,,17,17,1,22,,B03,120.868406,24.241935,3
2022,6,4,12,10,臺中市,東勢區,0,0,0,8,,,50,,,,,,,,,,,,,,,23,,,,,B12,,,1,,1,,,23,23,1,22,,B12,120.83196,24.247701,3
2022,6,4,12,11,臺中市,豐原區,0,0,0,6,,,50,,,,,,,,,,,,,,,16,,,,,B03,,,1,,2,,,16,16,1,22,,B03,120.718985,24.252089,3
2022,6,4,12,15,臺中市,南屯區,0,0,0,8,1,5,30,14,9,1,5,4,5,7,4,4,10,5,5,2,17,23,3,10,1,1,B01,7,11,1,4,1,5,,23,23,1,22,8,B01,120.612499,24.149043,3
2022,6,4,12,17,臺中市,太平區,0,1,0,6,1,5,50,4,18,1,4,4,5,7,1,1,10,5,5,2,3,23,3,10,1,1,C03,7,9,1,9,2,11,,23,23,1,22,8,C03,120.717972,24.128686,2
2022,6,4,12,21,臺中市,潭子區,0,0,0,6,1,5,50,4,1,1,4,4,5,7,1,1,5,2,5,1,12,26,,,,,B03,,,1,,2,,,26,26,1,22,,B03,120.722399,24.203859,3
2022,6,4,12,22,臺中市,西屯區,0,1,0,8,1,5,30,3,1,1,5,4,5,7,4,4,10,5,5,2,16,6,3,10,1,1,B03,7,5,1,8,2,8,,6,6,1,22,8,B03,120.617665,24.186047,2
2022,6,4,12,24,臺中市,潭子區,0,0,0,6,,,50,,,,,,,,,,,,,,,43,,,,,B03,,,1,,2,,,43,43,1,22,,B03,120.700372,24.187842,3
2022,6,4,12,24,臺中市,北屯區,0,3,0,6,1,5,50,4,19,1,4,4,5,7,1,1,10,5,5,2,3,25,2,9,1,1,C03,7,9,1,10,2,11,,25,25,1,22,8,C03,120.690723,24.165098,2
2022,6,4,12,25,臺中市,大安區,0,1,0,8,1,5,60,14,13,1,5,4,5,7,4,4,5,5,4,1,12,7,3,10,1,1,B03,7,8,1,8,2,5,,7,7,1,4,8,B03,120.598279,24.373388,2
2022,6,4,12,27,臺中市,豐原區,0,0,0,6,1,5,50,4,2,1,4,4,5,7,1,1,3,3,3,1,17,14,3,10,3,4,B03,7,9,1,8,7,1,,14,14,1,22,8,B03,120.729888,24.250161,3
2022,6,4,12,31,臺中市,大雅區,0,1,0,6,1,5,50,11,9,1,4,4,5,7,4,4,1,4,5,1,16,7,3,10,1,1,A41,7,8,1,3,2,2,,7,7,1,22,9,A41,120.672136,24.215437,2
2022,6,4,12,48,臺中市,北區,0,1,0,8,1,5,50,14,8,1,5,4,5,7,4,4,3,4,3,1,16,38,2,7,3,4,C03,7,9,1,10,2,12,,23,38,1,22,9,C03,120.672341,24.170415,2
2022,6,4,12,48,臺中市,龍井區,0,0,0,8,,,50,,,,,,,,,,,,,,,23,,,,,B03,,,6,,2,,,23,23,1,12,,B03,120.546138,24.193495,3
2022,6,4,12,55,臺中市,南屯區,0,0,0,6,,,50,,,,,,,,,,,,,,,17,,,,,B03,,,1,,2,,,17,17,1,21,,B03,120.650996,24.155937,3
2022,6,4,13,3,臺中市,東區,0,2,0,7,1,5,50,14,9,1,5,4,5,7,4,4,5,4,5,2,17,40,3,10,1,1,B03,7,14,1,8,2,6,,40,40,1,5,8,B03,120.68745,24.136899,2
2022,6,4,13,6,臺中市,南屯區,0,2,0,6,1,5,50,3,2,1,4,4,5,7,2,1,5,3,5,2,12,9,3,10,1,1,B03,7,6,1,8,2,2,,9,9,1,22,8,B03,120.632393,24.126776,2
2022,6,4,13,6,臺中市,太平區,0,1,0,6,1,5,50,14,8,1,4,4,5,7,4,4,5,5,4,2,17,40,3,10,1,1,B12,7,13,1,7,2,4,,40,40,1,21,8,B12,120.715408,24.119489,2
2022,6,4,13,14,臺中市,南屯區,0,0,0,6,,,50,,,,,,,,,,,,,,,23,,,,,B03,,,1,,1,,,23,23,1,22,,B03,120.627575,24.117527,3
2022,6,4,13,17,臺中市,豐原區,0,0,0,,,,30,,,,,,,,,,,,,,,18,,,,,B03,,,1,,9,,,18,18,2,22,,B03,120.719741,24.242766,3
2022,6,4,13,19,臺中市,東區,0,1,0,6,1,5,40,4,1,1,4,4,5,7,1,1,10,5,5,2,13,23,3,10,1,1,B03,7,9,1,8,2,1,,23,23,1,22,8,B03,120.692502,24.138738,2
2022,6,4,13,23,臺中市,西區,0,0,0,6,1,5,50,4,1,1,4,4,5,7,4,4,10,5,5,2,16,6,,,,,C03,,,1,,2,,,6,6,1,21,,C03,120.664301,24.149044,3
2022,6,4,13,27,臺中市,大雅區,0,0,0,8,,,50,,,,,,,,,,,,,,,7,,,,,B03,,,1,,1,,,7,7,1,22,,B03,120.650301,24.212259,3
2022,6,4,13,30,臺中市,北區,0,2,0,6,1,5,40,3,1,1,4,4,5,7,4,4,10,5,5,2,18,43,2,9,3,4,C03,7,9,1,10,2,14,,43,43,1,5,8,C03,120.665349,24.159085,2
2022,6,4,13,31,臺中市,梧棲區,0,0,0,8,,,40,,,,,,,,,,,,,,,23,,,,,B03,,,1,,1,,,23,23,1,5,,B03,120.537677,24.249194,3
2022,6,4,13,33,臺中市,太平區,0,1,0,6,1,5,50,4,1,1,4,4,5,7,4,4,10,5,5,2,16,6,2,1,1,1,B03,7,5,4,10,1,5,,6,6,1,22,8,B03,120.719819,24.124369,2
2022,6,4,13,35,臺中市,外埔區,0,1,0,8,1,5,50,4,1,1,5,4,5,7,1,1,5,5,5,2,16,25,2,9,1,1,C03,7,9,1,10,2,12,,25,25,1,4,5,C03,120.663121,24.34012,2
2022,6,4,13,46,臺中市,大甲區,0,0,0,,,,40,,,,,,,,,,,,,,,43,,,,,B03,,,1,,1,,,43,43,1,22,,B03,120.619324,24.370636,3
2022,6,4,13,59,臺中市,北屯區,0,0,0,8,,,80,,,,,,,,,,,,,,,23,,,,,B03,,,1,,1,,,23,23,1,22,,B03,120.673491,24.201175,3
2022,6,4,14,5,臺中市,沙鹿區,0,3,0,8,1,5,50,4,9,1,5,4,5,7,4,4,4,3,5,1,15,6,2,9,1,1,C03,7,9,1,10,2,11,,6,6,1,18,1,C03,120.571125,24.224819,2
2022,6,4,14,14,臺中市,北屯區,0,2,0,7,1,5,50,3,1,1,5,4,5,7,4,4,10,5,5,2,16,7,2,9,1,1,C03,7,10,1,10,2,11,,7,7,1,18,8,C03,120.689057,24.164155,2
2022,6,4,14,15,臺中市,大甲區,0,1,0,8,1,5,50,4,1,1,5,4,5,7,4,4,10,5,5,2,17,8,3,10,1,1,C03,7,5,1,10,2,15,,8,8,1,21,4,C03,120.624641,24.343838,2
2022,6,4,14,30,臺中市,北屯區,0,3,0,1,1,5,30,3,1,1,4,4,5,7,4,4,10,4,4,2,19,23,2,9,1,1,B03,7,15,1,8,2,1,,23,23,1,5,8,B03,120.780521,24.197431,2
2022,6,4,14,30,臺中市,大安區,0,1,0,8,1,5,30,4,2,1,5,4,5,7,1,1,10,5,5,1,18,44,2,7,1,1,C03,7,9,1,10,2,12,,44,44,1,4,1,C03,120.584242,24.350155,2
2022,6,4,14,49,臺中市,北區,0,0,0,8,,,50,,,,,,,,,,,,,,,42,,,,,B03,,,1,,11,,,42,42,1,22,,B03,120.677303,24.151254,3
2022,6,4,14,55,臺中市,大雅區,0,0,0,8,,,50,,,,,,,,,,,,,,,23,,,,,B12,,,1,,2,,,23,23,1,22,,B12,120.646085,24.218389,3
2022,6,4,15,0,臺中市,清水區,0,0,0,,,,50,,,,,,,,,,,,,,,23,,,,,B03,,,1,,2,,,23,23,1,5,,B03,120.575374,24.268685,3
2022,6,4,15,2,臺中市,大甲區,0,1,0,8,1,5,50,4,1,1,5,4,5,7,1,1,10,5,5,2,17,1,2,7,1,1,C03,7,4,1,10,2,14,,1,1,1,21,8,C03,120.623719,24.349856,2
2022,6,4,15,11,臺中市,東區,0,0,0,,,,50,,,,,,,,,,,,,,,23,,,,,B03,,,1,,2,,,38,23,1,22,,B03,120.70513,24.140303,3
2022,6,4,15,11,臺中市,南屯區,0,3,0,8,1,5,50,4,1,1,5,4,5,7,2,1,10,5,5,2,16,42,2,9,1,1,C03,7,9,1,10,2,14,,42,42,1,22,8,C03,120.649886,24.142629,2
2022,6,4,15,15,臺中市,后里區,0,1,0,7,1,5,30,3,1,1,5,4,5,7,4,4,10,5,5,2,16,6,2,9,1,1,C03,7,5,1,10,2,11,,6,6,1,20,8,C03,120.675604,24.310467,2
2022,6,4,15,30,臺中市,南區,0,1,0,7,1,5,50,4,1,1,5,4,5,7,1,1,10,5,5,2,16,10,3,10,1,1,B12,7,11,1,8,2,2,,10,10,1,5,8,B12,120.671889,24.129888,2
2022,6,4,15,42,臺中市,大里區,0,1,0,6,1,5,40,3,1,1,4,4,5,7,4,4,10,5,5,2,16,6,3,10,1,1,B03,7,5,1,8,2,2,,6,6,1,5,5,B03,120.691504,24.106142,2
2022,6,4,15,43,臺中市,南屯區,0,1,0,7,1,5,50,5,1,1,5,4,5,7,1,1,10,5,5,2,16,25,3,10,1,4,C03,7,9,1,10,9,12,,25,25,2,21,8,C03,120.646246,24.142993,2
2022,6,4,15,46,臺中市,北屯區,0,1,0,6,1,5,50,4,1,1,4,4,5,7,1,1,10,5,5,2,16,6,3,10,1,1,B03,7,5,1,8,2,1,,6,6,1,21,8,B03,120.719668,24.180136,2
2022,6,4,15,47,臺中市,大甲區,0,1,0,8,1,5,30,4,1,1,5,4,5,7,4,4,10,5,5,2,17,6,3,10,1,1,B03,7,6,6,18,2,8,,6,6,1,21,8,B03,120.62397,24.418348,2
2022,6,4,15,48,臺中市,北區,0,1,0,6,1,5,50,4,1,1,4,4,5,7,3,1,10,5,5,2,15,6,2,9,1,1,C03,7,9,1,10,2,11,,6,6,1,22,8,C03,120.695965,24.159905,2
2022,6,4,15,51,臺中市,大甲區,0,3,0,7,1,5,50,4,2,1,5,4,5,7,3,1,5,5,5,1,17,16,2,9,1,1,C03,7,9,2,18,2,14,,16,16,1,15,8,C03,120.625606,24.35387,2
2022,6,4,16,19,臺中市,太平區,0,1,0,6,1,5,50,14,8,1,4,4,5,7,4,4,5,4,4,2,16,26,3,10,1,1,B03,7,5,1,7,2,2,,26,26,1,10,7,B03,120.712565,24.149979,2
2022,6,4,16,19,臺中市,東勢區,0,0,0,6,,,50,,,,,,,,,,,,,,,23,,,,,B12,,,1,,2,,,23,23,1,5,,B12,120.845886,24.242953,3
2022,6,4,16,20,臺中市,北屯區,0,1,0,6,1,5,50,4,1,1,4,4,5,7,4,4,10,5,5,2,15,6,3,10,1,1,B03,7,9,1,8,2,1,,6,6,1,21,8,B03,120.71551,24.165754,2
2022,6,4,16,20,臺中市,清水區,0,2,0,8,1,5,50,4,1,1,5,4,5,7,4,4,10,5,5,2,15,6,2,9,1,1,C03,7,9,4,10,2,11,,6,6,1,5,5,C03,120.566398,24.271784,2
2022,6,4,16,23,臺中市,北區,0,0,0,,,,50,,,,,,,,,,,,,,,12,,,,,C03,,,1,,1,,,12,12,1,5,,C03,120.686508,24.14889,3
2022,6,4,16,30,臺中市,梧棲區,0,1,0,8,1,5,60,4,1,1,5,4,5,7,1,1,10,5,5,2,16,9,3,10,1,1,B03,7,6,1,8,2,2,,9,9,1,3,8,B03,120.536137,24.25018,2
2022,6,4,16,30,臺中市,神岡區,0,0,0,6,,,50,,,,,,,,,,,,,,,18,,,,,B03,,,1,,1,,,18,18,1,12,,B03,120.68447,24.245865,3
2022,6,4,16,31,臺中市,北區,0,0,0,6,,,30,,,,,,,,,,,,,,,23,,,,,B03,,,1,,11,,,44,23,1,22,,B03,120.686759,24.162162,3
2022,6,4,16,35,臺中市,梧棲區,0,2,0,8,1,5,50,3,1,1,5,4,5,7,4,4,1,4,4,2,16,6,3,10,1,1,B03,7,6,1,6,2,5,,6,6,1,10,8,B03,120.537125,24.258669,2
2022,6,4,16,35,臺中市,大甲區,0,0,0,,,,50,,,,,,,,,,,,,,,67,,,,,B02,,,1,,2,,,67,67,1,22,,B02,120.626781,24.345419,3
2022,6,4,16,36,臺中市,北區,0,0,0,6,,,50,,,,,,,,,,,,,,,42,,,,,B03,,,1,,2,,,42,42,1,22,,B03,120.676635,24.156928,3
2022,6,4,16,37,臺中市,大雅區,0,3,0,6,1,5,50,14,7,1,4,4,5,7,4,4,1,4,4,1,16,7,2,9,1,1,C03,7,9,3,18,2,14,,44,7,1,22,9,C03,120.657159,24.220527,2
2022,6,4,16,38,臺中市,神岡區,0,1,0,6,1,5,50,4,1,1,4,4,5,7,1,1,10,5,5,2,15,25,3,10,1,1,A11,7,1,1,3,2,2,,25,25,1,10,8,A11,120.711826,24.27752,2
2022,6,4,16,40,臺中市,后里區,0,0,0,6,,,60,,,,,,,,,,,,,,,16,,,,,B03,,,1,,2,,,16,16,1,4,,B03,120.72271,24.283875,3
2022,6,4,16,49,臺中市,西屯區,0,0,0,6,,,50,,,,,,,,,,,,,,,6,,,,,B02,,,1,,1,,,6,6,1,21,,B02,120.63583,24.173971,3
2022,6,4,16,52,臺中市,霧峰區,0,1,0,6,1,5,50,3,9,1,4,4,5,7,4,4,5,5,4,2,13,23,2,9,1,1,C03,7,9,1,10,2,12,,23,23,1,22,8,C03,120.687994,24.044889,2
2022,6,4,16,55,臺中市,中區,0,1,0,8,1,5,50,4,1,1,5,4,5,7,1,1,10,5,5,2,16,26,2,9,1,1,C03,7,5,1,10,2,13,,26,26,1,21,8,C03,120.682212,24.135899,2
2022,6,4,16,55,臺中市,沙鹿區,0,1,0,6,1,5,50,4,1,1,4,4,5,7,1,1,10,5,5,2,15,25,2,9,1,1,C03,7,9,1,10,2,11,,25,25,1,5,8,C03,120.617171,24.240501,2
2022,6,4,16,59,臺中市,西區,0,1,0,6,1,5,50,4,1,1,4,4,5,7,1,1,1,1,1,1,16,25,3,10,1,1,B03,7,9,1,8,1,2,,25,25,1,21,8,B03,120.665888,24.151949,2
2022,6,4,17,5,臺中市,西區,0,2,0,6,1,5,50,4,1,1,4,4,5,7,4,4,10,5,5,2,15,6,2,9,1,1,C03,7,9,1,10,2,12,,6,6,1,21,8,C03,120.66018,24.152542,2
2022,6,4,17,9,臺中市,豐原區,0,0,0,6,,,50,,,,,,,,,,,,,,,23,,,,,B03,,,1,,2,,,23,23,1,22,,B03,120.706006,24.251595,3
2022,6,4,17,13,臺中市,南區,0,0,0,6,,,50,,,,,,,,,,,,,,,23,,,,,B12,,,1,,2,,,23,23,1,22,,B12,120.670078,24.125503,3
2022,6,4,17,14,臺中市,豐原區,0,1,0,6,1,5,50,3,2,1,4,4,5,7,1,1,3,3,3,1,18,43,2,8,3,4,C03,7,9,1,10,2,12,,43,43,1,22,8,C03,120.721986,24.275633,2
2022,6,4,17,15,臺中市,北屯區,0,0,0,8,,,50,,,,,,,,,,,,,,,6,,,,,B03,,,1,,2,,,6,6,1,5,,B03,120.716713,24.180196,3
2022,6,4,17,15,臺中市,西屯區,0,0,0,8,,,50,,,,,,,,,,,,,,,12,,,,,B03,,,1,,1,,,12,12,1,22,,B03,120.656845,24.16249,3
2022,6,4,17,18,臺中市,太平區,0,1,0,8,1,5,50,4,1,1,4,4,5,7,1,1,10,5,5,2,18,42,2,9,1,1,C03,7,5,1,10,2,14,,42,42,1,18,8,C03,120.737736,24.131531,2
2022,6,4,17,20,臺中市,神岡區,0,1,0,6,1,5,50,4,1,1,4,4,5,7,1,1,1,4,5,1,18,42,2,9,1,1,C03,7,9,1,10,2,14,,42,42,1,21,1,C03,120.696118,24.248186,2
2022,6,4,17,20,臺中市,豐原區,0,0,0,,,,40,,,,,,,,,,,,,,,8,,,,,B03,,,1,,2,,,8,8,1,22,,B03,120.7202,24.250567,3