年,月,日,時,分,縣市,區,死,受傷,2-30,天候,光線,道路類別,速限,道路型態,事故位置,路面鋪裝,路面狀態,路面缺陷,障礙物,視距,號誌種類,號誌動作,分向設施,快車道或一般車道間,快慢車道間,路面邊線,事故類型及型態,主要肇因,受傷程度,主要傷處,保護裝備,行動電話,當事者區分,車輛用途,當事者行動狀態,駕駛資格情形,駕駛執照種類,飲酒情形,車輛撞擊部位最初,車輛撞擊部位其他,肇事因素個別,肇事因素主要,肇事逃逸,職業,旅次目的,車種,GPS緯度,GPS經度,事故類別
2022,6,6,12,38,臺中市,大肚區,0,1,0,7,1,5,50,3,1,1,5,4,5,7,4,4,10,5,5,2,16,6,3,10,1,1,C03,7,5,1,10,2,11,,6,6,1,4,8,C03,120.550114,24.147453,2
2022,6,6,12,38,臺中市,梧棲區,0,2,0,8,1,5,40,3,1,1,5,4,5,7,1,1,1,2,1,1,13,23,2,7,1,1,C03,7,9,1,10,2,11,,23,23,1,10,8,C03,120.533383,24.242691,2
2022,6,6,12,40,臺中市,北屯區,0,0,0,8,,,50,,,,,,,,,,,,,,,23,,,,,B12,,,1,,2,,,23,23,1,21,,B12,120.733362,24.176977,3
2022,6,6,12,41,臺中市,梧棲區,0,0,0,8,,,50,,,,,,,,,,,,,,,25,,,,,B03,,,1,,2,,,25,25,1,5,,B03,120.545364,24.255341,3
2022,6,6,12,42,臺中市,潭子區,0,1,0,8,1,5,50,4,1,1,5,4,5,7,1,1,5,2,5,1,13,19,3,10,1,1,B02,7,1,1,8,2,8,,19,19,1,22,9,B02,120.700619,24.213454,2
2022,6,6,12,44,臺中市,清水區,0,2,0,8,1,5,50,5,1,1,5,4,5,7,3,1,10,5,5,1,13,16,2,9,3,4,C03,7,9,1,10,2,11,,16,16,1,22,8,C03,120.577788,24.276691,2
2022,6,6,12,58,臺中市,北區,0,0,0,8,,,50,,,,,,,,,,,,,,,23,,,,,B03,,,1,,1,,,23,23,1,22,,B03,120.674178,24.163564,3
2022,6,6,13,0,臺中市,大里區,0,0,0,8,,,30,,,,,,,,,,,,,,,17,,,,,G03,,,1,,2,,,17,17,1,22,,G03,120.685966,24.121235,3
2022,6,6,13,10,臺中市,北區,0,0,0,8,,,50,,,,,,,,,,,,,,,7,,,,,B03,,,1,,1,,,7,7,1,22,,B03,120.679356,24.172862,3
2022,6,6,13,42,臺中市,潭子區,0,0,0,8,,,60,,,,,,,,,,,,,,,7,,,,,B03,,,1,,2,,,7,7,1,22,,B03,120.702612,24.196937,3
2022,6,6,13,50,臺中市,大肚區,0,0,0,6,,,30,,,,,,,,,,,,,,,12,,,,,B03,,,1,,2,,,12,12,1,1,,B03,120.578669,24.119267,3
2022,6,6,13,57,臺中市,梧棲區,0,0,0,8,,,50,,,,,,,,,,,,,,,6,,,,,B03,,,1,,2,,,6,6,1,21,,B03,120.5476,24.233457,3
2022,6,6,14,10,臺中市,北屯區,0,0,0,8,,,50,,,,,,,,,,,,,,,7,,,,,C03,,,1,,1,,,7,7,1,5,,C03,120.664628,24.20075,3
2022,6,6,14,12,臺中市,烏日區,0,0,0,8,,,50,,,,,,,,,,,,,,,17,,,,,B12,,,1,,2,,,17,17,1,22,,B12,120.647139,24.096082,3
2022,6,6,14,16,臺中市,太平區,0,1,0,6,1,5,50,4,1,1,4,4,5,7,1,1,10,5,5,2,18,23,2,9,1,1,C03,7,9,1,10,2,12,,23,23,1,16,8,C03,120.701865,24.153694,2
2022,6,6,14,17,臺中市,大雅區,0,0,0,8,,,30,,,,,,,,,,,,,,,18,,,,,B03,,,1,,2,,,18,18,1,22,,B03,120.657519,24.229498,3
2022,6,6,14,23,臺中市,北區,0,1,0,6,1,5,50,4,2,1,4,4,5,7,2,1,1,2,5,2,17,23,2,9,1,1,C03,7,9,1,10,2,11,,23,23,1,22,8,C03,120.677559,24.151453,2
2022,6,6,14,26,臺中市,中區,0,0,0,6,,,50,,,,,,,,,,,,,,,26,,,,,A12,,,1,2,2,,,26,26,1,5,,A12,120.682081,24.141673,3
2022,6,6,14,30,臺中市,霧峰區,0,0,0,8,,,30,,,,,,,,,,,,,,,9,,,,,B12,,,1,,2,,,9,9,1,22,,B12,120.681321,24.05978,3
2022,6,6,14,31,臺中市,北屯區,0,1,0,8,1,5,50,3,1,1,5,4,5,7,4,4,10,5,5,2,17,40,3,10,3,4,B03,7,14,1,8,2,4,,40,40,1,21,8,B03,120.698497,24.185627,2
2022,6,6,14,41,臺中市,南區,0,0,0,6,,,40,,,,,,,,,,,,,,,10,,,,,B03,,,1,8,2,,,10,10,1,5,,B03,120.660771,24.116913,3
2022,6,6,14,46,臺中市,南屯區,0,1,0,7,1,5,50,3,2,1,5,4,5,7,4,4,4,3,4,2,16,6,3,10,1,1,C03,7,6,1,10,2,12,,6,6,1,22,8,C03,120.638311,24.141585,2
2022,6,6,14,48,臺中市,西屯區,0,0,0,8,,,50,,,,,,,,,,,,,,,43,,,,,B03,,,6,,2,,,43,43,1,22,,B03,120.656931,24.200738,3
2022,6,6,14,48,臺中市,清水區,0,0,0,8,,,50,,,,,,,,,,,,,,,23,,,,,B03,,,1,,2,,,23,23,1,22,,B03,120.558493,24.273497,3
2022,6,6,14,50,臺中市,豐原區,0,0,0,6,,,50,,,,,,,,,,,,,,,17,,,,,B03,,,1,,2,,,17,17,1,4,,B03,120.722647,24.244111,3
2022,6,6,14,51,臺中市,南區,0,2,0,6,1,5,50,3,1,1,4,4,5,7,4,4,10,5,5,2,17,42,2,8,1,1,C04,7,9,1,10,2,11,,42,42,1,22,8,C04,120.67511,24.132185,2
2022,6,6,14,59,臺中市,北屯區,0,1,0,7,1,5,50,14,7,1,4,4,5,7,4,4,1,4,4,2,12,43,2,9,1,1,B03,7,8,1,8,2,1,,43,43,1,22,8,B03,120.71356,24.164215,2
2022,6,6,15,3,臺中市,南區,0,0,0,6,1,5,50,3,2,1,4,4,5,7,4,4,10,5,5,2,16,23,,,,,C03,,,1,,2,,,23,23,1,16,,C03,120.655156,24.11246,3
2022,6,6,15,3,臺中市,豐原區,0,0,0,8,,,50,,,,,,,,,,,,,,,17,,,,,C03,,,1,,9,,,17,17,1,22,,C03,120.724973,24.251533,3
2022,6,6,15,8,臺中市,烏日區,0,2,0,8,1,5,50,3,1,1,5,4,5,7,1,1,10,5,5,2,16,25,2,9,1,1,C03,7,9,1,10,2,11,,25,25,1,21,8,C03,120.643284,24.078953,2
2022,6,6,15,15,臺中市,南屯區,0,2,0,6,1,5,40,14,8,1,4,4,5,7,4,4,5,5,4,2,1,23,2,9,1,1,C04,7,9,1,11,2,11,,23,23,1,22,8,C04,120.652018,24.153583,2
2022,6,6,15,15,臺中市,大肚區,0,0,0,6,,,30,,,,,,,,,,,,,,,12,,,,,B03,,,1,,2,,,12,12,1,19,,B03,120.566622,24.124952,3
2022,6,6,15,23,臺中市,烏日區,0,1,0,6,1,5,50,14,7,1,4,4,5,7,4,4,5,5,4,2,12,10,3,10,1,1,B03,7,11,1,8,2,4,,10,10,1,22,8,B03,120.627071,24.10586,2
2022,6,6,15,26,臺中市,北區,0,0,0,6,,,50,,,,,,,,,,,,,,,12,,,,,B03,,,1,,2,,,12,12,1,22,,B03,120.669214,24.163831,3
2022,6,6,15,30,臺中市,后里區,0,1,0,6,1,5,50,3,1,1,4,4,5,7,2,2,10,5,5,2,18,23,3,10,1,1,B03,7,1,1,8,2,15,,19,23,1,22,8,B03,120.721865,24.306226,2
2022,6,6,15,36,臺中市,太平區,0,0,0,6,,,50,,,,,,,,,,,,,,,19,,,,,B03,,,1,,2,,,19,19,1,21,,B03,120.706433,24.149947,3
2022,6,6,15,38,臺中市,北屯區,0,1,0,6,1,5,50,4,1,1,4,4,5,7,1,1,10,5,5,2,17,19,3,10,1,1,B12,7,1,1,8,2,2,,19,19,1,4,8,B12,120.676153,24.173555,2
2022,6,6,15,53,臺中市,北屯區,0,3,0,6,1,5,50,4,1,1,4,4,5,7,3,1,10,5,5,2,16,23,2,9,1,1,C03,7,9,1,10,2,11,,23,23,1,21,8,C03,120.676248,24.191636,2
2022,6,6,15,56,臺中市,西屯區,0,1,0,6,1,5,40,14,8,1,4,4,5,7,2,1,1,4,1,2,18,42,2,9,1,1,C03,7,9,1,10,2,12,,42,42,1,22,8,C03,120.655634,24.200028,2
2022,6,6,15,59,臺中市,北屯區,0,0,0,6,,,40,,,,,,,,,,,,,,,43,,,,,,,,,,,,,43,43,1,,,,120.690442,24.173306,3
2022,6,6,16,0,臺中市,石岡區,0,1,0,7,1,5,70,4,1,1,4,4,5,7,4,4,1,3,4,1,16,6,3,10,1,1,B03,7,6,1,8,2,2,,6,6,1,22,9,B03,120.788861,24.273896,2
2022,6,6,16,4,臺中市,石岡區,0,1,0,6,1,5,40,14,8,1,4,4,5,7,4,4,1,4,4,1,12,19,3,10,1,1,B03,7,1,1,8,2,7,,19,19,1,21,8,B03,120.793653,24.271739,2
2022,6,6,16,28,臺中市,南區,0,1,0,6,1,5,50,14,8,1,4,4,5,7,4,4,1,5,5,2,13,23,2,9,1,1,C03,7,9,1,10,2,11,,23,23,1,22,8,C03,120.670055,24.111603,2
2022,6,6,16,28,臺中市,北屯區,0,1,0,6,1,5,50,3,1,1,4,4,5,7,2,1,10,5,5,2,16,8,2,9,1,1,C03,7,5,1,10,2,13,,8,8,1,21,8,C03,120.678248,24.200795,2
2022,6,6,16,44,臺中市,北屯區,0,0,0,8,,,50,,,,,,,,,,,,,,,8,,,,,C03,,,1,,2,,,8,8,1,22,,C03,120.73042,24.177167,3
2022,6,6,16,53,臺中市,梧棲區,0,0,0,8,,,60,,,,,,,,,,,,,,,25,,,,,B03,,,1,,2,,,25,25,1,21,,B03,120.524722,24.223374,3
2022,6,6,16,58,臺中市,大雅區,0,1,0,7,1,5,30,3,1,1,4,4,5,7,4,4,10,5,5,2,17,42,2,9,1,1,C03,7,9,1,9,2,14,,42,42,1,22,9,C03,120.622011,24.227426,2
2022,6,6,17,7,臺中市,潭子區,0,0,0,6,,,50,,,,,,,,,,,,,,,43,,,,,B03,,,1,,9,,,43,43,1,22,,B03,120.719236,24.207478,3
2022,6,6,17,10,臺中市,大雅區,0,1,0,7,2,5,50,14,9,1,4,4,5,7,1,1,5,5,4,1,17,23,2,9,1,1,C03,7,9,1,9,2,11,,23,23,1,22,9,C03,120.64525,24.22554,2
2022,6,6,17,10,臺中市,神岡區,0,0,0,8,,,30,,,,,,,,,,,,,,,17,,,,,A12,,,1,,2,,,17,17,1,22,,A12,120.690313,24.252092,3
2022,6,6,17,16,臺中市,豐原區,0,1,0,6,1,5,60,5,2,1,4,4,5,7,2,1,10,4,4,2,12,16,2,9,3,4,C03,7,9,1,10,2,15,,16,16,1,22,8,C03,120.703452,24.242563,2
2022,6,6,17,17,臺中市,北區,0,1,0,6,1,5,50,3,1,1,4,4,5,7,4,4,10,5,5,2,17,6,3,10,1,1,C03,7,5,1,10,2,15,,6,6,1,22,9,C03,120.689674,24.154878,2
2022,6,6,17,19,臺中市,北區,0,1,0,7,1,5,50,4,1,1,5,4,5,7,1,1,10,5,5,2,18,43,2,9,1,1,C03,7,9,1,10,2,14,,43,43,1,22,8,C03,120.679306,24.16708,2
2022,6,6,17,22,臺中市,北屯區,0,0,0,6,3,7,80,14,7,1,4,4,5,7,4,4,1,4,5,2,13,16,3,10,1,1,B03,7,9,1,8,4,1,,16,16,1,21,8,B03,120.718855,24.163361,3
2022,6,6,17,23,臺中市,北屯區,0,0,0,6,,,80,,,,,,,,,,,,,,,23,,,,,B12,,,1,,2,,,23,23,1,21,,B12,120.722402,24.188152,3
2022,6,6,17,30,臺中市,大雅區,0,1,0,7,1,5,50,3,1,1,5,4,5,7,3,1,10,5,5,2,16,6,2,9,1,1,C03,7,5,1,10,2,11,,6,6,1,22,9,C03,120.649805,24.222627,2
2022,6,6,17,30,臺中市,大肚區,0,0,0,6,,,70,,,,,,,,,,,,,,,7,,,,,A11,,,1,,2,,,7,7,1,10,,A11,120.548518,24.152289,3
2022,6,6,17,31,臺中市,豐原區,0,1,0,7,1,5,50,4,1,1,4,4,5,7,1,1,1,2,4,2,16,9,3,10,1,1,B03,7,6,1,8,2,2,,9,9,1,21,8,B03,120.725421,24.254943,2
2022,6,6,17,39,臺中市,豐原區,0,0,0,6,,,60,,,,,,,,,,,,,,,16,,,,,B12,,,1,,2,,,16,16,1,22,,B12,120.722943,24.236573,3
2022,6,6,17,41,臺中市,西區,0,0,0,8,,,50,,,,,,,,,,,,,,,12,,,,,B03,,,1,,1,,,12,12,1,22,,B03,120.661012,24.136342,4
2022,6,6,17,45,臺中市,潭子區,0,0,0,8,,,60,,,,,,,,,,,,,,,23,,,,,B03,,,1,,2,,,23,23,1,22,,B03,120.706119,24.220546,3
2022,6,6,17,50,臺中市,南區,0,1,0,8,1,5,50,4,1,1,5,4,5,7,4,4,10,5,5,2,16,1,2,4,1,1,C03,7,9,1,10,2,11,,1,1,1,22,8,C03,120.682325,24.130541,2
2022,6,6,18,3,臺中市,南屯區,0,1,0,7,1,5,40,14,8,1,4,4,5,7,4,4,3,4,3,2,17,23,3,10,1,1,B03,7,1,1,8,2,15,,19,23,1,22,8,B03,120.613533,24.148601,2
2022,6,6,18,6,臺中市,北屯區,0,0,0,8,,,50,,,,,,,,,,,,,,,7,,,,,C03,,,6,,9,,,7,7,1,5,,C03,120.72185,24.17601,3
2022,6,6,18,12,臺中市,大甲區,0,1,0,8,1,5,60,3,2,1,5,4,5,7,4,4,5,5,4,1,17,10,3,10,1,1,B03,7,11,1,8,2,4,,10,10,1,21,8,B03,120.614546,24.35127,2
2022,6,6,18,17,臺中市,梧棲區,0,1,0,7,1,5,60,14,9,1,5,4,5,7,4,4,1,4,5,1,13,23,2,9,1,1,C03,7,9,1,10,2,11,,23,23,1,12,8,C03,120.534991,24.247346,2
2022,6,6,18,22,臺中市,北屯區,0,1,0,7,3,5,50,14,9,1,4,4,5,7,4,4,1,4,5,2,12,7,3,10,1,1,C03,7,10,1,10,2,13,,7,7,1,22,8,C03,120.685691,24.179899,2
2022,6,6,18,40,臺中市,北屯區,0,0,0,8,,,50,,,,,,,,,,,,,,,16,,,,,B03,,,1,,1,,,16,16,1,5,,B03,120.711246,24.1822,3
2022,6,6,18,42,臺中市,北區,0,2,0,8,3,5,50,14,7,1,4,4,5,7,4,4,5,4,4,2,13,23,3,10,1,1,B03,7,9,5,18,2,1,,23,23,1,22,9,B03,120.667038,24.159221,2
2022,6,6,18,59,臺中市,神岡區,0,1,0,7,3,5,50,3,1,1,5,4,5,7,4,4,5,4,4,2,16,6,3,10,1,1,B03,7,5,1,8,2,1,,6,6,1,22,8,B03,120.65849,24.257196,2
2022,6,6,19,3,臺中市,后里區,0,1,0,7,3,5,30,4,1,1,4,4,5,7,4,4,4,3,5,2,16,6,3,10,1,1,B03,7,5,1,8,2,1,,6,6,1,22,8,B03,120.720139,24.305336,2
2022,6,6,19,3,臺中市,神岡區,0,0,0,8,,,40,,,,,,,,,,,,,,,12,,,,,B03,,,1,,2,,,12,12,1,22,,B03,120.661,24.257642,3
2022,6,6,19,13,臺中市,北屯區,1,0,0,8,3,5,50,4,1,1,5,4,5,7,1,1,10,5,5,2,15,42,3,10,3,4,E01,7,9,1,4,2,8,,42,42,1,21,8,E01,120.680013,24.171475,1
2022,6,6,19,25,臺中市,北屯區,0,0,0,6,,,50,,,,,,,,,,,,,,,6,,,,,B03,,,1,,2,,,6,6,1,21,,B03,120.705175,24.168278,3
2022,6,6,19,31,臺中市,東區,0,0,0,,,,50,,,,,,,,,,,,,,,23,,,,,B03,,,1,,2,,,23,23,1,21,,B03,120.697229,24.129413,3
2022,6,6,19,45,臺中市,后里區,0,1,0,7,3,5,40,3,8,1,5,4,5,7,4,4,1,4,2,1,18,42,2,9,1,1,C03,7,9,1,10,2,14,12,42,42,1,21,8,C03,120.676941,24.29131,2
2022,6,6,19,47,臺中市,神岡區,0,0,0,8,,,30,,,,,,,,,,,,,,,17,,,,,B12,,,1,,2,,,17,17,1,22,,B12,120.650393,24.274971,3
2022,6,6,19,51,臺中市,神岡區,0,0,0,8,,,30,,,,,,,,,,,,,,,17,,,,,B12,,,1,,1,,,17,17,1,22,,B12,120.69146,24.243112,3
2022,6,6,19,52,臺中市,沙鹿區,0,1,0,8,3,5,40,5,1,1,5,4,5,7,2,1,10,5,5,2,17,25,2,9,1,1,C03,7,15,1,10,2,14,,25,25,1,4,5,C03,120.569509,24.237324,2
2022,6,6,20,21,臺中市,西區,0,1,0,7,3,5,50,14,9,1,5,4,5,7,4,4,5,4,5,2,13,16,3,10,1,1,C03,7,9,1,10,1,11,,16,16,1,5,8,C03,120.669317,24.146584,2
2022,6,6,20,21,臺中市,北區,0,1,0,8,3,5,50,14,9,1,5,4,5,7,4,4,10,5,5,2,16,42,2,9,1,1,C03,7,9,1,10,2,12,,42,42,1,22,9,C03,120.678212,24.163868,2
2022,6,6,20,24,臺中市,龍井區,0,1,0,7,4,5,40,14,8,1,4,4,5,7,4,4,1,4,1,1,13,23,3,10,1,1,B03,7,9,1,8,2,5,,23,23,1,5,1,B03,120.51122,24.2232,2
2022,6,6,20,55,臺中市,豐原區,0,0,0,8,,,50,,,,,,,,,,,,,,,43,,,,,,,,,,,,,43,43,1,,,,120.709704,24.253369,3
2022,6,6,21,31,臺中市,西屯區,0,2,0,8,3,5,50,4,1,1,5,4,5,7,1,1,9,4,5,2,12,6,3,10,1,1,C03,7,5,1,10,2,14,,6,6,1,12,8,C03,120.639023,24.179911,2
2022,6,6,21,51,臺中市,大雅區,0,1,0,6,3,5,50,4,1,1,4,4,5,7,1,1,5,4,5,1,16,8,3,10,1,1,B03,7,5,1,8,2,2,,8,8,1,22,8,B03,120.64796,24.222945,2
2022,6,6,21,55,臺中市,北區,0,4,0,7,3,5,50,4,1,1,5,4,5,7,1,1,10,5,5,2,16,6,3,10,1,1,B03,7,6,1,8,2,5,,6,6,1,22,8,B03,120.66923,24.159216,2
2022,6,6,22,1,臺中市,南屯區,0,1,0,7,3,5,40,3,1,1,5,4,5,7,4,4,10,5,5,2,16,42,3,10,1,1,B03,7,6,1,8,2,2,,42,42,1,5,8,B03,120.623697,24.144697,2
2022,6,6,22,7,臺中市,大雅區,0,1,0,6,3,5,50,14,9,1,4,4,5,7,4,4,5,4,5,1,16,10,2,9,1,1,C03,7,11,1,10,2,11,,10,10,1,22,9,C03,120.651535,24.227723,2
2022,6,6,22,10,臺中市,北屯區,0,1,0,6,3,5,50,4,18,1,4,4,5,7,2,1,10,5,5,2,2,15,3,10,1,1,B03,7,5,1,8,2,1,,15,15,1,5,8,B03,120.685686,24.175815,2
2022,6,6,22,16,臺中市,后里區,0,1,0,6,3,5,50,14,13,1,4,4,5,7,4,4,5,5,5,1,25,42,2,9,1,1,B03,7,9,1,3,2,8,,42,42,1,21,8,B03,120.716633,24.333745,2
2022,6,6,22,41,臺中市,北屯區,0,0,0,6,,,50,,,,,,,,,,,,,,,7,,,,,B03,,,1,,1,,,7,7,1,22,,B03,120.718737,24.182442,3
2022,6,6,23,15,臺中市,太平區,0,1,0,8,3,5,50,14,9,1,5,4,5,7,4,4,1,5,5,2,17,17,2,9,1,1,C03,7,9,3,18,2,12,,17,17,1,22,9,C03,120.721133,24.141509,2
2022,6,6,23,28,臺中市,大雅區,0,1,0,6,3,5,50,3,2,1,4,4,5,6,3,1,1,4,4,1,16,10,3,10,1,1,C03,7,11,1,10,2,13,,10,10,1,22,8,C03,120.63796,24.233333,2
2022,6,7,0,26,臺中市,北區,0,2,0,7,3,5,50,4,1,1,4,4,5,7,4,4,10,5,5,2,15,6,2,9,1,1,C03,7,9,1,10,2,12,,6,6,1,22,9,C03,120.679851,24.152896,2
2022,6,7,0,27,臺中市,西屯區,0,0,0,8,,,50,,,,,,,,,,,,,,,23,,,,,B03,,,1,,1,,,23,23,1,22,,B03,120.652678,24.166991,3
2022,6,7,4,0,臺中市,東區,0,0,0,,,,,,,,,,,,,,,,,,,43,,,,,B03,,,1,,2,,,43,,1,22,,B03,120.686858,24.141141,3
2022,6,7,4,24,臺中市,西屯區,0,0,0,8,,,50,,,,,,,,,,,,,,,4,,,,,G06,,,8,,1,,,4,4,1,22,,G06,120.658153,24.199452,3
2022,6,7,5,41,臺中市,西區,0,0,0,8,,,50,,,,,,,,,,,,,,,23,,,,,B02,,,1,,2,,,23,23,1,21,,B02,120.665402,24.143442,3
2022,6,7,5,56,臺中市,豐原區,0,1,0,8,1,5,50,4,9,1,5,4,5,7,1,1,5,5,5,2,17,10,3,10,3,4,B03,7,11,1,8,2,7,,10,10,1,22,8,B03,120.720584,24.266936,2
2022,6,7,6,38,臺中市,北屯區,0,1,0,8,1,5,50,4,1,1,5,4,5,7,3,1,10,5,5,2,15,6,3,10,1,1,B03,7,9,1,8,2,5,,6,6,1,21,8,B03,120.694756,24.188185,2
2022,6,7,6,45,臺中市,龍井區,0,1,0,8,1,5,50,3,2,1,4,4,5,7,3,1,10,5,5,2,17,1,3,10,3,4,B03,7,6,1,8,2,5,,9,1,1,4,7,B03,120.526451,24.217029,2
2022,6,7,7,10,臺中市,南屯區,0,2,0,6,1,5,50,4,1,1,4,4,5,7,1,1,5,5,5,2,16,17,2,9,1,1,C03,7,9,4,8,2,15,,17,17,1,22,9,C03,120.638358,24.147176,2
2022,6,7,7,10,臺中市,沙鹿區,0,0,0,6,,,50,,,,,,,,,,,,,,,6,,,,,B03,,,1,,2,,,6,6,1,3,,B03,120.564518,24.225243,3
2022,6,7,7,20,臺中市,大雅區,0,1,0,6,1,5,50,14,9,1,4,4,5,7,4,4,9,4,5,1,3,23,3,10,1,1,B12,7,9,1,8,2,5,,23,23,1,22,9,B12,120.6496,24.223583,2
2022,6,7,7,26,臺中市,沙鹿區,0,0,0,6,,,60,,,,,,,,,,,,,,,16,,,,,B03,,,1,,2,,,16,16,1,3,,B03,120.601562,24.249454,3
2022,6,7,7,28,臺中市,西區,0,2,0,7,1,5,50,4,1,1,4,4,5,7,2,1,10,5,5,2,12,6,2,8,1,1,C03,7,9,1,10,2,14,,6,6,1,22,8,C03,120.675979,24.13312,2
2022,6,7,7,30,臺中市,南屯區,0,1,0,6,1,5,50,3,1,1,4,4,5,7,2,1,5,4,4,2,16,17,3,10,3,4,B03,7,6,1,8,9,15,,17,17,1,22,9,B03,120.614003,24.139129,2
2022,6,7,7,32,臺中市,大肚區,0,0,0,6,,,30,,,,,,,,,,,,,,,12,,,,,B03,,,1,,2,,,12,12,1,21,,B03,120.577813,24.173585,3
2022,6,7,7,34,臺中市,南屯區,0,3,0,6,1,5,50,14,12,1,4,4,5,7,4,4,5,4,4,2,13,23,2,9,3,4,C03,7,9,1,10,2,11,,23,23,1,22,9,C03,120.617903,24.139608,2
2022,6,7,7,40,臺中市,南屯區,0,0,0,8,,,50,,,,,,,,,,,,,,,6,,,,,B03,,,1,,2,,,6,6,1,22,,B03,120.644825,24.133334,3
2022,6,7,7,40,臺中市,龍井區,0,0,0,6,,,60,,,,,,,,,,,,,,,42,,,,,B03,,,1,,11,,,42,42,1,21,,B03,120.581119,24.204912,3
2022,6,7,7,50,臺中市,豐原區,0,1,0,6,1,5,60,4,1,1,4,4,5,7,1,1,1,5,5,2,16,25,2,9,1,1,C03,7,9,1,10,2,14,,25,25,1,9,8,C03,120.70344,24.238408,2
2022,6,7,7,56,臺中市,東區,0,1,0,6,1,5,50,4,2,1,4,4,5,7,4,4,5,5,5,2,18,42,2,8,3,4,C03,7,5,1,10,2,12,,42,42,1,5,8,C03,120.709791,24.146859,2
2022,6,7,7,58,臺中市,豐原區,0,1,0,6,1,5,40,14,8,1,4,4,5,7,4,4,3,4,4,1,18,42,2,9,1,1,C03,7,9,1,10,2,11,,42,42,1,22,8,C03,120.74748,24.266333,2
2022,6,7,8,0,臺中市,大甲區,0,1,0,6,1,5,50,14,9,1,4,4,5,7,4,4,9,5,5,1,17,19,3,10,1,1,C03,7,1,1,10,2,15,,19,19,1,4,1,C03,120.662243,24.386808,2
2022,6,7,8,0,臺中市,豐原區,0,0,0,,,,50,,,,,,,,,,,,,,,23,,,,,B03,,,1,,2,,,23,23,1,22,,B03,120.714376,24.251212,3
2022,6,7,8,8,臺中市,西區,0,0,0,8,,,50,,,,,,,,,,,,,,,42,,,,,B03,,,1,,1,,,42,42,1,22,,B03,120.66753,24.131034,3
2022,6,7,8,9,臺中市,大安區,0,1,0,6,1,5,90,10,7,1,4,4,5,7,4,4,1,4,5,1,20,23,2,7,1,1,B03,7,9,1,8,2,1,,23,23,1,21,8,B03,120.604716,24.39413,2
2022,6,7,8,11,臺中市,龍井區,0,0,0,6,,,50,,,,,,,,,,,,,,,23,,,,,B03,,,1,,2,,,23,23,1,21,,B03,120.574595,24.196273,3
2022,6,7,8,12,臺中市,中區,0,1,0,8,1,5,50,4,1,1,5,4,5,7,2,1,10,5,5,2,17,43,,,,,,,,,,,,,43,43,2,,,,120.679913,24.137942,2
2022,6,7,8,15,臺中市,清水區,0,0,0,6,,,50,,,,,,,,,,,,,,,9,,,,,A41,,,1,,2,,,9,9,1,21,,A41,120.55362,24.294226,3
2022,6,7,8,15,臺中市,豐原區,0,1,0,6,1,5,50,3,2,1,4,4,5,7,4,4,1,5,5,2,16,6,2,8,1,1,C03,7,6,1,10,2,14,,6,6,1,4,8,C03,120.701703,24.249328,2
2022,6,7,8,16,臺中市,龍井區,0,0,0,6,,,40,,,,,,,,,,,,,,,23,,,,,C03,,,1,,2,,,23,23,1,21,,C03,120.587359,24.185386,3
2022,6,7,8,20,臺中市,大雅區,0,1,0,6,1,5,50,14,8,1,4,4,5,7,4,4,5,2,4,1,13,23,2,9,1,1,C03,7,8,1,10,2,11,,23,23,1,22,9,C03,120.644269,24.205593,2
2022,6,7,8,30,臺中市,西區,0,1,0,7,1,5,50,4,1,1,4,4,5,7,2,1,10,5,5,2,13,16,2,9,1,1,C03,7,9,1,10,2,11,,16,16,1,22,8,C03,120.659733,24.157301,2
2022,6,7,8,30,臺中市,南屯區,0,2,0,8,1,8,50,14,9,1,5,4,5,7,4,4,9,5,5,2,16,10,2,8,1,1,C03,7,11,1,10,2,13,,10,10,1,22,9,C03,120.634392,24.141367,2
2022,6,7,8,34,臺中市,西區,0,1,0,8,1,5,40,14,8,1,4,4,5,7,4,4,1,4,4,2,17,42,3,10,1,1,B01,7,9,1,4,2,5,,42,42,1,10,9,B01,120.670448,24.14504,2
2022,6,7,8,37,臺中市,烏日區,0,1,0,7,1,5,80,10,7,1,4,4,5,7,4,4,1,4,3,1,13,23,3,10,1,1,A12,7,9,1,7,2,1,,23,23,1,21,8,A12,120.611847,24.101043,2
2022,6,7,8,38,臺中市,西區,0,0,0,8,,,50,,,,,,,,,,,,,,,42,,,,,B03,,,1,,2,,,42,42,1,22,,B03,120.669792,24.143996,3
2022,6,7,8,39,臺中市,東區,0,1,0,7,1,5,50,5,1,1,4,4,4,7,1,1,10,5,5,2,17,42,2,7,1,1,C03,7,9,1,10,2,11,,42,42,1,22,8,C03,120.693452,24.133073,2
2022,6,7,8,43,臺中市,東勢區,0,2,0,6,1,5,60,14,8,1,4,4,5,7,4,4,1,4,4,1,13,21,2,9,1,1,C03,7,9,6,18,8,11,,21,21,1,22,8,C03,120.833275,24.244206,2
2022,6,7,8,48,臺中市,北屯區,0,1,0,7,1,5,30,4,1,1,5,4,5,7,4,4,10,5,5,2,17,6,3,10,1,1,B03,7,6,1,8,2,8,,6,6,1,5,8,B03,120.717442,24.177508,2