年,月,日,時,分,縣市,區,死,受傷,2-30,天候,光線,道路類別,速限,道路型態,事故位置,路面鋪裝,路面狀態,路面缺陷,障礙物,視距,號誌種類,號誌動作,分向設施,快車道或一般車道間,快慢車道間,路面邊線,事故類型及型態,主要肇因,受傷程度,主要傷處,保護裝備,行動電話,當事者區分,車輛用途,當事者行動狀態,駕駛資格情形,駕駛執照種類,飲酒情形,車輛撞擊部位最初,車輛撞擊部位其他,肇事因素個別,肇事因素主要,肇事逃逸,職業,旅次目的,車種,GPS緯度,GPS經度,事故類別
2022,6,7,8,50,臺中市,北屯區,0,0,0,6,,,30,,,,,,,,,,,,,,,23,,,,,B03,,,1,,2,,,23,23,1,21,,B03,120.68137,24.170735,3
2022,6,7,8,57,臺中市,霧峰區,0,0,0,8,,,40,,,,,,,,,,,,,,,23,,,,,B03,,,1,,2,,,23,23,1,22,,B03,120.663295,24.062153,3
2022,6,7,9,0,臺中市,西區,0,0,0,8,,,50,,,,,,,,,,,,,,,23,,,,,A11,,,1,,2,,,23,23,1,5,,A11,120.66018,24.152542,3
2022,6,7,9,15,臺中市,大肚區,0,0,0,6,,,50,,,,,,,,,,,,,,,6,,,,,B12,,,1,,2,,,6,6,1,9,,B12,120.539561,24.158747,3
2022,6,7,9,18,臺中市,烏日區,0,0,0,6,,,60,,,,,,,,,,,,,,,23,,,,,B11,,,1,,2,,,23,23,1,22,,B11,120.65014,24.111554,3
2022,6,7,9,25,臺中市,北區,0,1,0,6,1,5,30,4,1,1,4,4,5,7,4,4,10,5,5,2,15,6,3,10,1,1,B03,7,9,1,8,2,5,,6,6,1,22,9,B03,120.694902,24.154022,2
2022,6,7,9,29,臺中市,東勢區,0,1,0,6,1,5,50,3,1,1,4,4,5,7,4,4,5,5,5,2,16,8,3,10,1,1,B03,7,5,1,8,1,8,,8,8,1,22,8,B03,120.831854,24.254145,2
2022,6,7,9,35,臺中市,北區,0,0,0,8,,,50,,,,,,,,,,,,,,,12,,,,,B03,,,1,,1,,,12,12,1,22,,B03,120.67502,24.149051,3
2022,6,7,9,54,臺中市,梧棲區,0,0,0,6,,,50,,,,,,,,,,,,,,,18,,,,,B03,,,1,,1,,,18,18,1,3,,B03,120.531685,24.255253,3
2022,6,7,9,55,臺中市,烏日區,0,1,0,7,1,5,30,4,1,1,5,4,5,7,2,1,10,5,5,2,16,4,2,7,1,1,B12,7,5,1,8,2,8,,4,4,1,5,8,B12,120.642811,24.072897,2
2022,6,7,10,5,臺中市,大肚區,0,0,0,6,,,30,,,,,,,,,,,,,,,23,,,,,B03,,,1,,2,,,23,23,1,4,,B03,120.530927,24.157084,3
2022,6,7,10,14,臺中市,南屯區,0,1,0,7,1,5,50,14,9,1,4,4,5,7,4,4,5,4,5,2,16,19,3,10,1,1,B03,7,1,1,8,2,4,,19,19,1,22,9,B03,120.647488,24.148871,2
2022,6,7,10,35,臺中市,南區,0,0,0,8,,,40,,,,,,,,,,,,,,,23,,,,,B03,,,1,,2,,,23,23,1,22,,B03,120.678042,24.132323,3
2022,6,7,10,44,臺中市,西屯區,0,1,0,7,1,5,50,4,2,1,4,4,5,7,4,4,5,4,4,2,18,43,2,9,3,4,C03,7,9,1,10,2,14,,43,43,1,22,8,C03,120.655307,24.175035,2
2022,6,7,10,49,臺中市,北屯區,0,0,0,8,,,50,,,,,,,,,,,,,,,16,,,,,B03,,,1,,1,,,16,16,1,5,,B03,120.721887,24.181735,3
2022,6,7,10,55,臺中市,豐原區,0,0,0,6,,,50,,,,,,,,,,,,,,,12,,,,,B03,,,1,,11,,,12,12,2,4,,B03,120.71723,24.248177,3
2022,6,7,11,3,臺中市,南屯區,0,0,0,6,,,50,,,,,,,,,,,,,,,12,,,,,A12,,,1,,1,,,12,12,1,22,,A12,120.637543,24.151078,3
2022,6,7,11,5,臺中市,南區,0,0,0,8,,,50,,,,,,,,,,,,,,,23,,,,,B03,,,1,8,2,,,44,23,1,5,,B03,120.667046,24.119423,3
2022,6,7,11,9,臺中市,南區,0,2,0,6,1,5,50,4,1,1,4,4,5,7,3,1,10,5,5,2,15,6,2,9,1,1,C03,7,9,1,10,2,14,,6,6,1,22,8,C03,120.665699,24.115305,2
2022,6,7,11,12,臺中市,外埔區,0,0,0,6,1,5,50,5,9,1,4,4,5,7,1,1,5,5,4,1,14,12,3,10,1,1,B03,7,2,1,8,1,7,,12,12,1,21,8,B03,120.655541,24.332268,3
2022,6,7,11,20,臺中市,大里區,0,0,0,6,,,50,,,,,,,,,,,,,,,16,,,,,A12,,,1,,2,,,16,16,1,22,,A12,120.707616,24.095094,3
2022,6,7,11,27,臺中市,大雅區,0,0,0,6,,,50,,,,,,,,,,,,,,,7,,,,,B12,,,1,,2,,,7,7,1,22,,B12,120.66485,24.21777,3
2022,6,7,11,36,臺中市,大雅區,0,1,0,6,1,5,50,4,1,1,4,4,5,7,1,1,10,5,5,2,17,23,2,9,1,1,C03,7,9,1,10,2,11,,23,23,1,22,9,C03,120.665913,24.234796,2
2022,6,7,11,37,臺中市,潭子區,0,0,0,6,,,80,,,,,,,,,,,,,,,7,,,,,B12,,,1,,2,,,7,7,1,22,,B12,120.722413,24.192246,3
2022,6,7,11,38,臺中市,龍井區,0,1,0,8,1,5,50,4,1,1,5,4,5,7,4,4,10,5,5,2,15,6,2,9,1,1,B03,7,9,1,8,2,5,,6,6,1,21,4,B03,120.560555,24.201666,2
2022,6,7,11,40,臺中市,外埔區,0,0,0,,,,50,,,,,,,,,,,,,,,18,,,,,B03,,,1,,11,,,18,18,2,22,,B03,120.656129,24.338686,3
2022,6,7,11,40,臺中市,石岡區,0,0,0,6,1,5,50,4,9,1,4,4,5,7,3,1,5,5,5,1,15,6,3,10,3,4,B12,7,5,1,8,2,5,,6,6,1,22,8,B12,120.791152,24.271874,3
2022,6,7,12,1,臺中市,烏日區,0,0,0,6,,,40,,,,,,,,,,,,,,,23,,,,,C03,,,1,,2,,,23,23,1,16,,C03,120.642852,24.105015,3
2022,6,7,12,6,臺中市,西屯區,0,0,0,6,,,50,,,,,,,,,,,,,,,7,,,,,B03,,,1,,2,,,7,7,1,22,,B03,120.602682,24.183953,3
2022,6,7,12,12,臺中市,西屯區,0,0,0,6,,,50,,,,,,,,,,,,,,,12,,,,,B12,,,1,,2,,,12,12,1,22,,B12,120.604495,24.156231,3
2022,6,7,12,13,臺中市,南屯區,0,0,0,6,,,50,,,,,,,,,,,,,,,12,,,,,A11,,,1,,1,,,12,12,1,22,,A11,120.616101,24.152232,3
2022,6,7,12,18,臺中市,北區,0,1,0,6,1,5,50,4,1,1,4,4,5,7,1,1,10,5,5,2,17,6,3,10,1,1,B03,7,6,1,8,2,2,,6,6,1,22,8,B03,120.685725,24.155948,2
2022,6,7,12,23,臺中市,豐原區,0,1,0,6,1,5,50,3,1,1,4,4,5,7,1,1,5,2,5,1,16,6,3,10,1,1,B12,7,5,1,8,2,6,,6,6,1,22,8,B12,120.724373,24.22562,2
2022,6,7,12,24,臺中市,北區,0,1,0,6,1,5,50,4,1,1,4,4,5,7,1,1,10,5,5,2,16,6,2,9,1,1,C03,7,5,1,10,2,12,,6,6,1,22,9,C03,120.685725,24.155948,2
2022,6,7,12,30,臺中市,北屯區,0,0,0,6,,,50,,,,,,,,,,,,,,,23,,,,,B03,,,1,,1,,,23,23,1,21,,B03,120.688076,24.177106,3
2022,6,7,12,35,臺中市,東區,0,1,0,6,1,5,50,5,1,1,4,4,5,7,2,1,3,4,5,2,16,6,3,10,1,1,B03,7,5,1,8,2,1,,6,6,1,21,8,B03,120.69451,24.142756,2
2022,6,7,12,35,臺中市,清水區,0,2,0,6,1,5,30,4,1,1,4,4,5,7,4,4,10,5,5,2,15,6,2,8,1,1,C03,7,9,1,10,2,12,,6,6,1,21,8,C03,120.556857,24.275692,2
2022,6,7,12,37,臺中市,后里區,0,1,0,6,1,5,50,4,1,1,4,4,5,7,3,1,4,3,5,1,17,23,3,10,1,1,B12,7,5,1,8,2,1,,23,23,1,22,8,B12,120.72586,24.309086,2
2022,6,7,12,39,臺中市,清水區,0,1,0,6,1,5,50,3,1,1,4,4,5,5,4,4,4,5,4,2,17,23,2,9,1,1,C03,7,9,1,10,2,14,,23,23,1,21,8,C03,120.575699,24.272617,2
2022,6,7,12,46,臺中市,外埔區,0,0,0,6,1,5,70,4,2,1,4,4,5,7,1,1,1,1,5,1,17,44,3,10,1,1,B03,7,6,1,8,2,8,,44,23,1,21,8,B03,120.648818,24.325245,3
2022,6,7,13,0,臺中市,南屯區,0,0,0,6,,,50,,,,,,,,,,,,,,,12,,,,,B03,,,1,,1,,,12,12,1,22,,B03,120.640034,24.149807,3
2022,6,7,13,10,臺中市,北區,0,0,0,6,,,40,,,,,,,,,,,,,,,12,,,,,B03,,,1,,1,,,12,12,1,22,,B03,120.685009,24.161559,3
2022,6,7,13,14,臺中市,東勢區,0,1,0,6,1,5,50,14,9,1,4,4,4,7,4,4,5,5,5,1,13,23,2,9,1,1,C03,7,9,1,10,2,11,,23,23,1,22,8,C03,120.839698,24.199119,2
2022,6,7,13,23,臺中市,南區,0,0,0,6,,,40,,,,,,,,,,,,,,,42,,,,,C03,,,1,,2,,,42,42,1,22,,C03,120.656183,24.114458,3
2022,6,7,13,35,臺中市,大甲區,0,1,0,6,1,5,50,14,9,1,4,4,5,7,4,4,5,5,5,1,18,23,2,9,1,1,C03,7,9,1,10,2,12,,23,23,1,4,8,C03,120.622157,24.354895,2
2022,6,7,13,39,臺中市,北區,0,0,0,,,,50,,,,,,,,,,,,,,,16,,,,,B03,,,1,,1,,,16,16,1,21,,B03,120.676489,24.159195,3
2022,6,7,13,41,臺中市,東勢區,0,1,0,8,1,5,50,4,1,1,4,4,5,7,4,4,5,5,5,1,15,6,3,10,1,1,B03,7,9,1,8,2,1,,6,6,1,22,8,B03,120.828323,24.25595,2
2022,6,7,13,56,臺中市,中區,0,1,0,6,1,5,50,4,1,1,4,4,5,7,2,1,10,5,5,2,16,25,3,10,1,1,B03,7,6,1,8,2,5,,25,25,1,5,8,B03,120.681386,24.140824,2
2022,6,7,14,10,臺中市,大甲區,0,1,0,6,1,5,60,14,9,1,4,4,5,7,4,4,5,4,5,1,26,43,2,9,1,1,B03,7,9,1,8,2,1,,43,43,1,22,8,B03,120.627144,24.394349,2
2022,6,7,14,13,臺中市,豐原區,0,2,0,6,1,5,50,3,1,1,4,4,5,7,1,1,5,5,4,2,16,17,3,10,1,1,B12,7,5,1,8,2,8,,17,17,1,21,3,B12,120.707621,24.24693,2
2022,6,7,14,20,臺中市,大甲區,0,0,0,,,,60,,,,,,,,,,,,,,,18,,,,,B03,,,1,,1,,,18,18,1,22,,B03,120.652799,24.38914,3
2022,6,7,14,23,臺中市,大甲區,0,1,0,6,1,5,50,4,1,1,4,4,5,7,1,1,10,5,5,2,17,16,2,9,1,1,C03,7,9,1,8,2,13,,16,16,1,4,8,C03,120.630747,24.34307,2
2022,6,7,14,29,臺中市,后里區,0,1,0,6,1,5,50,14,9,1,4,4,5,7,1,1,4,3,4,1,13,23,3,10,1,1,B12,7,9,1,5,1,1,,23,23,1,22,8,B12,120.716248,24.306849,2
2022,6,7,14,34,臺中市,豐原區,0,1,0,6,1,5,50,4,1,1,4,4,5,7,4,4,10,5,5,2,17,44,3,10,1,1,B03,7,9,1,8,2,4,,44,44,1,22,8,B03,120.718799,24.252518,2
2022,6,7,15,14,臺中市,西區,0,1,0,6,1,5,50,14,9,1,4,4,5,7,4,4,5,4,5,2,16,10,3,10,1,1,B03,7,11,1,8,2,7,,10,10,1,22,9,B03,120.659101,24.146963,2
2022,6,7,15,19,臺中市,大里區,0,0,0,6,,,50,,,,,,,,,,,,,,,16,,,,,B03,,,1,,2,,,16,16,1,5,,B03,120.701208,24.102876,3
2022,6,7,15,20,臺中市,大雅區,0,0,0,8,,,30,,,,,,,,,,,,,,,5,,,,,B03,,,1,,1,,,5,5,1,22,,B03,120.64604,24.233407,3
2022,6,7,15,25,臺中市,北屯區,0,0,0,6,1,5,50,14,9,1,4,4,5,7,1,1,1,2,5,2,13,23,3,10,1,1,B12,7,9,1,8,2,1,,23,23,1,9,4,B12,120.683595,24.20127,3
2022,6,7,15,27,臺中市,大肚區,0,1,0,6,1,5,50,14,7,1,4,4,5,7,4,4,1,4,4,1,12,19,3,10,1,1,B03,7,1,1,8,2,4,,19,19,1,19,8,B03,120.563393,24.12415,2
2022,6,7,15,29,臺中市,北區,0,1,0,6,1,5,50,4,1,1,4,4,5,7,1,1,10,5,5,2,15,25,3,10,1,1,B03,7,9,1,8,2,8,,25,25,1,22,8,B03,120.674616,24.162533,2
2022,6,7,15,29,臺中市,北屯區,0,3,0,6,1,5,50,4,1,1,4,4,5,7,2,1,10,5,5,2,16,6,2,9,1,1,C03,7,6,4,11,2,12,,6,6,1,5,8,C03,120.686121,24.181448,2
2022,6,7,15,38,臺中市,大雅區,0,0,0,8,,,50,,,,,,,,,,,,,,,23,,,,,A05,,,1,,2,,,23,23,1,10,,A05,120.6477,24.21547,3
2022,6,7,15,42,臺中市,南區,0,0,0,8,,,50,,,,,,,,,,,,,,,12,,,,,B12,,,1,2,2,,,12,12,1,5,,B12,120.650021,24.115788,3
2022,6,7,15,44,臺中市,大安區,0,2,0,6,1,5,50,4,1,1,4,4,5,7,1,1,10,5,5,2,16,6,3,10,1,1,B03,7,11,1,1,2,5,,6,6,1,21,8,B03,120.586791,24.345936,2
2022,6,7,15,52,臺中市,南區,0,0,0,6,,,50,,,,,,,,,,,,,,,17,,,,,B03,,,1,,2,,,17,17,1,22,,B03,120.670294,24.111711,3
2022,6,7,15,53,臺中市,西區,0,1,0,7,1,5,50,14,9,1,4,4,5,7,4,4,5,4,5,2,16,17,3,10,1,1,C03,7,6,1,10,2,12,,17,17,1,22,8,C03,120.657148,24.150865,2
2022,6,7,16,2,臺中市,北屯區,0,1,0,6,1,5,30,3,2,1,4,4,5,7,4,4,10,5,5,2,12,40,3,10,1,1,B03,7,14,6,8,2,8,,40,40,1,22,8,B03,120.670353,24.179053,2
2022,6,7,16,14,臺中市,南屯區,0,1,0,6,1,5,50,4,1,1,4,4,5,7,2,1,1,2,5,2,16,16,2,5,1,1,C03,7,9,1,10,2,11,,16,16,1,4,8,C03,120.637876,24.148751,2
2022,6,7,16,14,臺中市,豐原區,0,1,0,6,1,5,50,4,2,1,4,4,5,7,2,1,4,1,5,1,13,16,3,10,1,1,B12,7,9,1,8,2,1,,16,16,1,4,3,B12,120.720366,24.259088,2
2022,6,7,16,20,臺中市,梧棲區,0,1,0,6,1,5,30,3,1,1,4,4,1,7,4,4,10,5,5,2,16,23,3,10,1,1,B03,7,11,1,8,2,8,,23,23,1,5,8,B03,120.647888,24.16937,2
2022,6,7,16,24,臺中市,西屯區,0,0,0,6,,,50,,,,,,,,,,,,,,,23,,,,,A11,,,1,,1,,,23,23,1,12,,A11,120.66962,24.177285,3
2022,6,7,16,26,臺中市,北區,0,0,0,6,,,50,,,,,,,,,,,,,,,42,,,,,B03,,,1,,2,,,42,42,1,22,,B03,120.687835,24.1603,3
2022,6,7,16,41,臺中市,潭子區,0,0,0,6,,,50,,,,,,,,,,,,,,,6,,,,,B03,,,1,,2,,,6,6,1,22,,B03,120.701331,24.22295,3
2022,6,7,16,47,臺中市,潭子區,0,1,0,6,1,5,50,3,1,1,4,4,5,7,1,1,10,5,5,2,17,25,3,10,1,1,B03,7,6,1,5,2,1,,25,25,1,22,8,B03,120.686616,24.20911,2
2022,6,7,16,54,臺中市,龍井區,0,1,0,6,1,5,30,4,1,1,4,4,5,7,4,4,10,5,5,2,15,6,3,10,1,1,B03,7,9,1,8,2,6,,6,6,1,20,5,B03,120.529454,24.205464,2
2022,6,7,17,0,臺中市,南屯區,0,1,0,6,1,5,50,14,9,1,4,4,5,7,4,4,5,5,5,2,16,19,3,10,1,1,B03,7,1,1,8,2,4,,19,19,1,22,8,B03,120.647951,24.14888,2
2022,6,7,17,0,臺中市,北屯區,0,1,0,6,2,5,50,5,1,1,4,4,5,7,2,1,10,5,5,2,16,26,3,10,1,1,A11,7,6,1,2,2,2,,26,26,1,4,8,A11,120.697898,24.170673,2
2022,6,7,17,0,臺中市,龍井區,0,0,0,6,,,30,,,,,,,,,,,,,,,42,,,,,C03,,,1,,11,,,42,42,1,18,,C03,120.591726,24.180093,3
2022,6,7,17,2,臺中市,北屯區,0,0,0,6,,,50,,,,,,,,,,,,,,,16,,,,,B03,,,1,,1,,,16,16,1,21,,B03,120.684337,24.201157,3
2022,6,7,17,5,臺中市,大雅區,0,0,0,6,,,50,,,,,,,,,,,,,,,9,,,,,B12,,,1,,2,,,9,9,1,22,,B12,120.67087,24.215821,3
2022,6,7,17,5,臺中市,大甲區,0,1,0,6,1,5,50,3,1,1,4,4,5,7,4,4,10,5,5,2,18,43,2,8,1,1,C03,7,5,1,10,2,12,,43,43,1,4,8,C03,120.631129,24.349905,2
2022,6,7,17,7,臺中市,西屯區,0,0,0,6,,,50,,,,,,,,,,,,,,,16,,,,,B03,,,1,,1,,,16,16,1,22,,B03,120.640429,24.17911,3
2022,6,7,17,12,臺中市,大甲區,0,0,0,6,,,30,,,,,,,,,,,,,,,11,,,,,C03,,,6,,1,,,11,11,1,21,,C03,120.617693,24.346596,3
2022,6,7,17,14,臺中市,豐原區,0,2,0,6,1,5,60,3,1,1,4,4,5,7,1,1,1,4,4,2,12,6,2,6,1,1,B03,7,6,1,8,2,6,,6,6,1,22,8,B03,120.704528,24.237326,2
2022,6,7,17,16,臺中市,南區,0,1,0,6,1,5,50,4,1,1,4,4,5,7,1,1,5,4,5,2,16,6,3,10,1,1,B03,7,5,1,8,2,6,,6,6,1,22,8,B03,120.67123,24.114635,2
2022,6,7,17,16,臺中市,梧棲區,0,1,0,6,1,5,40,3,1,1,4,4,5,7,4,4,1,4,5,1,16,42,3,10,1,1,B03,7,6,1,8,2,2,,42,42,1,20,1,B03,120.53378,24.24316,2
2022,6,7,17,25,臺中市,南屯區,0,0,0,6,,,50,,,,,,,,,,,,,,,23,,,,,B03,,,1,,1,,,23,23,1,22,,B03,120.652943,24.13536,3
2022,6,7,17,25,臺中市,北屯區,0,1,0,6,1,5,50,14,9,1,4,4,5,7,4,4,5,4,5,2,18,23,2,9,1,1,C03,7,9,1,10,2,14,,23,23,1,22,8,C03,120.68918,24.166711,2
2022,6,7,17,31,臺中市,豐原區,0,1,0,6,1,5,60,7,9,1,4,4,5,7,4,4,1,3,3,2,17,26,3,10,1,1,B03,7,8,1,8,2,15,,26,26,1,4,8,B03,120.735274,24.261552,2
2022,6,7,17,31,臺中市,豐原區,0,1,0,7,1,5,50,4,1,1,4,4,5,7,3,1,5,2,4,2,17,43,3,10,1,1,B03,7,14,1,8,2,15,,43,43,1,21,1,B03,120.713194,24.255205,2
2022,6,7,17,32,臺中市,南屯區,0,2,0,6,1,5,50,14,9,1,4,4,5,7,4,4,5,5,5,2,16,11,2,9,3,4,F01,7,11,8,20,2,16,,11,11,1,20,9,F01,120.644629,24.1382,2
2022,6,7,17,34,臺中市,北區,0,0,0,,,,50,,,,,,,,,,,,,,,12,,,,,B03,,,1,,2,,,12,12,1,21,,B03,120.683897,24.167701,3
2022,6,7,17,35,臺中市,大雅區,0,0,0,6,,,30,,,,,,,,,,,,,,,23,,,,,B03,,,1,,2,,,23,23,1,22,,B03,120.6616,24.226528,3
2022,6,7,17,41,臺中市,西屯區,0,0,0,6,,,50,,,,,,,,,,,,,,,26,,,,,B03,,,1,,1,,,26,26,1,22,,B03,120.655507,24.173717,3
2022,6,7,17,48,臺中市,東勢區,0,0,0,8,,,50,,,,,,,,,,,,,,,23,,,,,B03,,,1,,2,,,23,23,1,22,,B03,120.828878,24.253685,3
2022,6,7,17,49,臺中市,西屯區,0,2,0,6,1,5,40,4,1,1,4,4,5,7,1,1,5,4,4,2,15,25,2,9,3,4,C03,7,9,3,18,9,11,,25,25,1,22,8,C03,120.639651,24.182445,2
2022,6,7,17,52,臺中市,北區,0,0,0,8,,,50,,,,,,,,,,,,,,,67,,,,,,,,,,,,,67,67,1,,,,120.683582,24.164017,3
2022,6,7,17,52,臺中市,北區,0,0,0,6,,,50,,,,,,,,,,,,,,,43,,,,,C03,,,1,,11,,,43,43,1,22,,C03,120.666405,24.154548,3
2022,6,7,17,55,臺中市,太平區,0,1,0,6,3,5,50,3,1,1,4,4,5,7,4,4,5,5,5,1,18,43,2,9,1,1,C03,7,9,1,10,2,14,,43,43,1,21,8,C03,120.703644,24.112422,2
2022,6,7,18,0,臺中市,大肚區,0,0,0,6,,,50,,,,,,,,,,,,,,,23,,,,,B03,,,1,,2,,,23,23,1,4,,B03,120.542835,24.164043,3
2022,6,7,18,9,臺中市,潭子區,0,0,0,6,,,50,,,,,,,,,,,,,,,18,,,,,B03,,,1,,2,,,18,18,1,22,,B03,120.705546,24.212853,3
2022,6,7,18,11,臺中市,北區,0,1,0,6,2,5,50,5,1,1,4,4,5,7,1,1,5,4,5,2,18,23,2,9,1,1,C03,7,9,1,10,2,14,,23,23,1,21,8,C03,120.681796,24.144577,2
2022,6,7,18,13,臺中市,北屯區,0,2,0,6,1,5,50,14,9,1,4,4,5,7,4,4,5,5,5,1,16,26,3,10,1,1,C03,7,11,6,10,2,12,,26,26,1,9,7,C03,120.674444,24.203611,2
2022,6,7,18,21,臺中市,大雅區,0,1,0,8,1,5,50,14,7,1,5,4,5,7,4,4,1,4,4,1,17,43,3,10,1,1,B03,7,1,1,8,2,3,,43,43,1,22,9,B03,120.637269,24.233838,2
2022,6,7,18,37,臺中市,北屯區,0,0,0,8,,,50,,,,,,,,,,,,,,,6,,,,,B03,,,1,,2,,,6,6,1,5,,B03,120.663948,24.185618,3
2022,6,7,18,48,臺中市,南屯區,0,2,0,6,1,5,50,4,1,1,4,4,5,7,1,1,10,5,5,2,13,44,2,9,1,1,C03,7,8,1,10,1,13,,44,44,1,22,8,C03,120.642575,24.14681,2
2022,6,7,18,59,臺中市,大雅區,0,0,0,6,,,50,,,,,,,,,,,,,,,23,,,,,C03,,,1,,2,,,23,23,1,22,,C03,120.64904,24.225164,3
2022,6,7,19,0,臺中市,龍井區,0,0,0,8,,,40,,,,,,,,,,,,,,,23,,,,,B03,,,1,,2,,,23,23,1,20,,B03,120.542831,24.218471,3
2022,6,7,19,10,臺中市,西屯區,0,0,0,6,,,30,,,,,,,,,,,,,,,12,,,,,B03,,,1,,2,,,12,12,1,4,,B03,120.651981,24.163801,3
2022,6,7,19,16,臺中市,大里區,0,0,0,6,,,60,,,,,,,,,,,,,,,44,,,,,B02,,,1,,2,,,44,44,1,5,,B02,120.653336,24.08972,3
2022,6,7,19,19,臺中市,太平區,0,0,0,8,,,50,,,,,,,,,,,,,,,23,,,,,C03,,,1,,2,,,23,23,1,21,,C03,120.71867,24.131549,3
2022,6,7,19,40,臺中市,北區,0,1,0,7,3,5,40,4,8,1,5,4,5,7,1,1,1,4,4,2,18,43,2,9,1,1,C03,7,12,1,10,2,14,,43,43,1,22,9,C03,120.675545,24.159433,2
2022,6,7,19,58,臺中市,大雅區,0,0,0,8,,,50,,,,,,,,,,,,,,,18,,,,,B03,,,1,,2,,,18,18,1,22,,B03,120.630959,24.240061,3
2022,6,7,20,0,臺中市,北屯區,0,0,0,6,,,50,,,,,,,,,,,,,,,23,,,,,A11,,,1,,1,,,23,23,1,5,,A11,120.67044,24.175646,3
2022,6,7,20,10,臺中市,太平區,0,1,0,6,3,5,50,3,1,1,4,4,5,7,4,4,5,5,5,1,17,42,3,10,1,1,C03,7,9,1,10,2,15,,42,42,1,21,8,C03,120.734152,24.14395,2
2022,6,7,20,35,臺中市,西區,0,2,0,6,3,5,50,4,1,1,4,4,5,7,1,1,10,5,5,2,12,17,2,9,1,1,C03,7,9,1,10,2,12,,17,17,1,21,8,C03,120.665268,24.146718,2
2022,6,7,20,36,臺中市,太平區,0,1,0,6,1,5,50,4,2,1,4,4,5,7,4,4,5,5,5,2,9,26,3,10,1,1,B03,7,11,1,8,2,5,,26,26,1,21,8,B03,120.734293,24.149908,2
2022,6,7,20,36,臺中市,大甲區,0,1,0,6,3,5,50,3,1,1,4,4,5,7,4,4,10,5,5,2,16,10,3,10,1,1,B03,7,11,1,8,2,15,,10,10,1,1,8,B03,120.627019,24.350325,2
2022,6,7,20,39,臺中市,南區,0,2,0,6,3,5,50,4,1,1,4,4,5,6,2,1,10,5,5,2,9,23,2,9,1,1,C03,7,9,1,10,2,12,,23,23,1,21,8,C03,120.657782,24.12901,2
2022,6,7,20,45,臺中市,龍井區,0,1,0,6,3,5,40,4,2,1,4,4,5,7,2,1,5,5,5,2,17,26,3,10,3,4,B03,7,9,1,8,2,8,,23,26,1,22,9,B03,120.574222,24.181112,2
2022,6,7,20,50,臺中市,豐原區,0,2,0,6,1,5,50,4,9,1,4,4,5,7,2,1,5,5,5,2,16,8,3,10,3,4,B12,7,5,1,8,2,5,,8,8,1,22,8,B12,120.733623,24.255427,2
2022,6,7,20,52,臺中市,大雅區,0,0,0,8,,,50,,,,,,,,,,,,,,,16,,,,,B03,,,1,,2,,,16,16,1,22,,B03,120.650736,24.209452,3
2022,6,7,20,57,臺中市,南屯區,0,2,0,7,1,5,50,14,9,1,4,4,5,7,4,4,4,4,5,2,16,4,3,10,1,1,B03,7,11,1,8,2,8,,10,4,1,22,8,B03,120.634025,24.1452,2
2022,6,7,21,0,臺中市,西屯區,0,0,0,6,,,80,,,,,,,,,,,,,,,43,,,,,B03,,,1,,2,,,43,43,1,22,,B03,120.660138,24.200891,3
2022,6,7,21,8,臺中市,西區,0,1,0,6,3,5,50,4,1,1,4,4,5,7,2,1,10,5,5,2,3,15,3,10,1,1,B03,7,5,1,8,2,1,,15,15,1,21,8,B03,120.663096,24.146699,2
2022,6,7,21,10,臺中市,北屯區,0,1,0,6,3,5,50,4,1,1,4,4,5,7,4,4,10,5,5,2,15,6,3,10,1,1,B12,7,9,1,8,2,1,,6,6,1,9,8,B12,120.702967,24.178229,2
2022,6,7,21,24,臺中市,東區,0,2,0,8,3,5,50,3,1,1,5,4,5,7,4,4,10,5,5,2,16,6,2,8,1,1,C03,7,5,1,10,2,11,,6,6,1,22,8,C03,120.70768,24.13613,2
2022,6,7,21,26,臺中市,東區,0,0,0,6,,,50,,,,,,,,,,,,,,,23,,,,,B01,,,1,,2,,,23,23,1,22,,B01,120.689307,24.137427,3
2022,6,7,21,33,臺中市,北屯區,0,0,0,6,,,50,,,,,,,,,,,,,,,18,,,,,B03,,,1,,2,,,18,18,1,22,,B03,120.705031,24.188833,3
2022,6,7,22,44,臺中市,潭子區,0,1,0,7,3,5,40,14,9,1,4,4,5,7,4,4,9,4,4,2,9,23,2,1,1,1,B03,7,9,1,8,2,1,,23,23,1,22,8,B03,120.719787,24.228849,2
2022,6,7,22,44,臺中市,烏日區,0,2,0,7,3,5,60,4,1,1,4,4,5,7,1,1,10,5,5,2,17,23,3,10,1,1,B03,7,9,1,3,2,8,,23,23,1,3,8,B03,120.621665,24.105163,2
2022,6,7,22,51,臺中市,北屯區,0,1,0,6,3,5,40,14,8,1,4,4,5,7,4,4,2,4,4,2,18,23,2,9,1,1,C03,7,9,1,10,2,12,,23,23,1,22,8,C03,120.692016,24.162479,2
2022,6,7,23,7,臺中市,南屯區,0,1,0,7,3,5,50,3,1,1,4,4,5,7,1,1,5,5,5,2,16,19,3,10,1,1,B03,7,1,1,8,2,1,,19,19,1,22,8,B03,120.654708,24.142869,2