年,月,日,時,分,縣市,區,死,受傷,2-30,天候,光線,道路類別,速限,道路型態,事故位置,路面鋪裝,路面狀態,路面缺陷,障礙物,視距,號誌種類,號誌動作,分向設施,快車道或一般車道間,快慢車道間,路面邊線,事故類型及型態,主要肇因,受傷程度,主要傷處,保護裝備,行動電話,當事者區分,車輛用途,當事者行動狀態,駕駛資格情形,駕駛執照種類,飲酒情形,車輛撞擊部位最初,車輛撞擊部位其他,肇事因素個別,肇事因素主要,肇事逃逸,職業,旅次目的,車種,GPS緯度,GPS經度,事故類別
2022,6,13,8,30,臺中市,神岡區,0,0,0,8,,,30,,,,,,,,,,,,,,,17,,,,,B03,,,1,,2,,,17,17,1,22,,B03,120.698314,24.253531,3
2022,6,13,8,32,臺中市,沙鹿區,0,0,0,8,,,60,,,,,,,,,,,,,,,7,,,,,B03,,,1,,2,,,7,7,1,21,,B03,120.56906,24.237463,3
2022,6,13,8,46,臺中市,北屯區,0,1,0,8,1,5,50,14,9,1,5,4,5,7,1,1,1,4,5,2,18,23,2,9,1,1,C03,7,9,1,9,2,15,,23,23,1,22,8,C03,120.685844,24.179421,2
2022,6,13,8,48,臺中市,豐原區,0,0,0,8,,,50,,,,,,,,,,,,,,,26,,,,,B12,,,1,,2,,,26,26,1,22,,B12,120.71541,24.241072,3
2022,6,13,8,51,臺中市,東區,0,0,0,8,1,5,50,14,9,1,5,4,5,7,4,4,9,5,5,2,17,19,3,10,3,4,A41,7,1,1,1,11,5,,19,19,2,10,8,A41,120.691001,24.140726,3
2022,6,13,8,56,臺中市,烏日區,0,0,0,8,,,70,,,,,,,,,,,,,,,2,,,,,B03,,,1,,2,,,2,2,1,20,,B03,120.61577,24.105745,3
2022,6,13,9,3,臺中市,北區,0,0,0,8,,,50,,,,,,,,,,,,,,,23,,,,,C03,,,1,,1,,,23,23,1,22,,C03,120.697331,24.15908,3
2022,6,13,9,10,臺中市,大雅區,0,0,0,8,,,30,,,,,,,,,,,,,,,23,,,,,B12,,,1,,2,,,23,23,1,22,,B12,120.63651,24.244617,3
2022,6,13,9,10,臺中市,北屯區,0,0,0,8,,,50,,,,,,,,,,,,,,,43,,,,,B03,,,1,,1,,,43,43,1,21,,B03,120.739689,24.18757,3
2022,6,13,9,23,臺中市,北屯區,0,1,0,8,1,5,50,14,9,1,5,4,5,7,4,4,5,5,5,2,13,23,3,10,1,1,B12,7,9,1,8,2,1,,23,23,1,22,8,B12,120.666298,24.169792,2
2022,6,13,9,25,臺中市,大雅區,0,1,0,8,1,5,30,3,2,1,5,4,5,7,4,4,10,5,5,1,16,6,2,9,1,1,C03,7,5,1,10,2,12,,6,6,1,22,9,C03,120.646953,24.220225,2
2022,6,13,9,27,臺中市,龍井區,0,0,0,8,,,50,,,,,,,,,,,,,,,12,,,,,B12,,,1,,2,,,12,12,1,7,,B12,120.546795,24.197396,3
2022,6,13,9,30,臺中市,大肚區,0,0,0,8,,,30,,,,,,,,,,,,,,,38,,,,,B03,,,1,,11,,,38,38,1,19,,B03,120.578738,24.1198,4
2022,6,13,9,35,臺中市,北屯區,0,1,0,8,1,5,50,4,2,1,5,4,5,7,1,1,1,4,4,2,17,42,2,3,1,1,A12,7,9,1,3,2,1,,42,42,1,4,4,A12,120.665217,24.183826,2
2022,6,13,9,39,臺中市,北屯區,0,1,0,8,1,5,50,4,1,1,5,4,5,7,1,1,10,5,5,2,16,6,3,10,1,1,B12,7,5,1,8,2,2,,6,6,1,5,8,B12,120.693551,24.189378,2
2022,6,13,9,45,臺中市,大甲區,0,1,0,8,1,5,50,4,1,1,5,4,5,7,2,1,5,5,5,2,3,53,3,10,4,5,H01,8,20,8,20,2,16,,53,53,1,20,8,H01,120.621078,24.344406,2
2022,6,13,9,47,臺中市,南屯區,0,0,0,8,,,50,,,,,,,,,,,,,,,26,,,,,B03,,,1,,1,,,26,26,1,22,,B03,120.614955,24.147933,3
2022,6,13,9,49,臺中市,豐原區,0,0,0,8,,,50,,,,,,,,,,,,,,,17,,,,,B03,,,1,,2,,,17,17,1,22,,B03,120.710363,24.247184,3
2022,6,13,9,50,臺中市,神岡區,0,1,0,8,1,5,30,4,1,1,5,4,5,7,4,4,5,5,5,2,17,6,2,9,4,5,F01,7,9,8,20,2,16,,6,6,1,20,8,F01,120.6535,24.258509,2
2022,6,13,9,51,臺中市,大雅區,0,1,0,8,1,5,50,3,1,1,5,4,5,7,4,4,5,5,5,2,16,8,3,10,1,1,B03,7,5,1,8,5,1,,8,8,1,22,8,B03,120.62088,24.210707,2
2022,6,13,10,0,臺中市,霧峰區,0,0,0,8,,,30,,,,,,,,,,,,,,,42,,,,,G03,,,1,,1,,,42,42,1,12,,G03,120.67843,24.060585,3
2022,6,13,10,3,臺中市,西區,0,1,0,8,1,5,50,4,1,1,5,4,5,7,1,1,10,5,5,2,15,25,3,10,1,1,B03,7,9,1,8,2,8,,25,25,1,5,8,B03,120.657267,24.149861,2
2022,6,13,10,5,臺中市,豐原區,0,0,0,8,,,50,,,,,,,,,,,,,,,23,,,,,B03,,,1,,1,,,23,23,1,21,,B03,120.729186,24.257185,3
2022,6,13,10,7,臺中市,南屯區,0,0,0,8,,,50,,,,,,,,,,,,,,,7,,,,,A12,,,1,,2,,,7,7,1,22,,A12,120.623213,24.135023,3
2022,6,13,10,13,臺中市,烏日區,0,0,0,8,,,70,,,,,,,,,,,,,,,42,,,,,B03,,,1,,2,,,42,23,1,21,,B03,120.58977,24.113564,3
2022,6,13,10,15,臺中市,石岡區,0,0,0,8,,,50,,,,,,,,,,,,,,,6,,,,,C03,,,1,,2,,,6,6,1,22,,C03,120.775686,24.275755,3
2022,6,13,10,30,臺中市,清水區,0,0,0,8,,,30,,,,,,,,,,,,,,,19,,,,,B12,,,1,,2,,,19,19,1,21,,B12,120.560156,24.266883,3
2022,6,13,10,45,臺中市,北區,0,0,0,8,,,50,,,,,,,,,,,,,,,16,,,,,B03,,,1,,2,,,16,16,1,22,,B03,120.678432,24.148139,3
2022,6,13,10,50,臺中市,北屯區,0,0,0,8,,,50,,,,,,,,,,,,,,,23,,,,,C03,,,1,,1,,,23,23,1,22,,C03,120.735269,24.177294,3
2022,6,13,10,50,臺中市,后里區,0,0,0,8,,,40,,,,,,,,,,,,,,,19,,,,,B03,,,1,,2,,,38,44,1,22,,B03,120.709745,24.310958,3
2022,6,13,10,52,臺中市,中區,0,0,0,8,,,50,,,,,,,,,,,,,,,19,,,,,B03,,,1,,1,,,19,19,1,5,,B03,120.67955,24.146284,3
2022,6,13,10,53,臺中市,霧峰區,0,0,0,8,,,40,,,,,,,,,,,,,,,12,,,,,B12,,,1,,2,,,12,12,1,3,,B12,120.698302,24.061913,3
2022,6,13,11,0,臺中市,東區,0,0,0,,,,50,,,,,,,,,,,,,,,12,,,,,B03,,,1,,2,,,12,12,1,22,,B03,120.683288,24.134458,3
2022,6,13,11,1,臺中市,南區,0,1,0,8,1,5,50,14,8,1,5,4,5,7,4,4,1,4,4,2,13,9,3,10,1,1,B03,7,6,1,8,2,3,,9,9,1,22,8,B03,120.653123,24.113286,2
2022,6,13,11,9,臺中市,北區,0,0,0,8,,,50,,,,,,,,,,,,,,,26,,,,,B03,,,6,,3,,,26,26,1,22,,B03,120.672053,24.153816,3
2022,6,13,11,11,臺中市,太平區,0,0,0,8,,,30,,,,,,,,,,,,,,,17,,,,,B12,,,1,,2,,,17,17,1,22,,B12,120.709744,24.155877,3
2022,6,13,11,15,臺中市,北屯區,0,0,0,8,,,30,,,,,,,,,,,,,,,12,,,,,B12,,,1,,1,,,12,12,1,22,,B12,120.66194,24.199568,3
2022,6,13,11,22,臺中市,豐原區,0,1,0,8,1,5,30,3,1,1,5,4,5,7,4,4,10,5,5,2,10,23,3,10,1,1,B03,7,9,1,8,2,8,,23,23,1,22,8,B03,120.737873,24.254771,2
2022,6,13,11,28,臺中市,太平區,0,0,0,8,,,30,,,,,,,,,,,,,,,12,,,,,B12,,,1,,2,,,12,12,1,9,,B12,120.716862,24.139149,3
2022,6,13,11,30,臺中市,潭子區,0,1,0,8,1,5,50,14,9,1,5,4,5,6,3,1,10,5,5,2,16,6,2,9,3,1,F01,7,9,8,20,2,16,,6,6,1,22,8,F01,120.708888,24.229887,2
2022,6,13,11,30,臺中市,清水區,0,0,0,8,1,5,70,14,7,1,5,4,5,7,1,1,1,4,4,1,12,7,3,10,1,1,A41,7,8,1,3,3,1,,7,7,1,4,1,A41,120.582934,24.283473,3
2022,6,13,11,30,臺中市,清水區,0,1,0,8,1,5,40,4,1,1,5,4,5,7,1,1,1,3,4,2,16,8,2,9,1,1,C04,7,5,1,11,2,12,,8,8,1,21,8,C04,120.561153,24.267324,2
2022,6,13,11,31,臺中市,北區,0,1,0,8,1,5,50,3,1,1,5,4,5,7,1,1,10,5,5,2,16,8,2,9,1,1,C04,7,5,1,11,2,14,,8,8,1,22,8,C04,120.668305,24.166829,2
2022,6,13,11,34,臺中市,豐原區,0,1,0,8,1,5,50,4,1,1,5,4,5,7,1,1,10,5,5,2,18,42,2,9,1,1,C03,7,9,1,10,2,11,,42,42,1,22,8,C03,120.70612,24.250038,2
2022,6,13,11,35,臺中市,西屯區,0,0,0,8,,,30,,,,,,,,,,,,,,,12,,,,,B03,,,1,,9,,,12,12,1,22,,B03,120.643558,24.178136,3
2022,6,13,11,38,臺中市,南區,0,0,0,,,,30,,,,,,,,,,,,,,,12,,,,,B12,,,1,,2,,,12,12,1,5,,B12,120.677051,24.129571,3
2022,6,13,11,54,臺中市,梧棲區,0,1,0,8,1,5,50,4,1,1,5,4,5,7,1,1,10,5,5,2,16,6,3,10,1,1,B03,7,5,1,8,2,5,,6,6,1,20,8,B03,120.539388,24.261773,2
2022,6,13,12,0,臺中市,神岡區,0,0,0,8,,,50,,,,,,,,,,,,,,,18,,,,,B03,,,1,,1,,,18,18,1,12,,B03,120.705297,24.261209,3
2022,6,13,12,3,臺中市,神岡區,0,0,0,8,,,50,,,,,,,,,,,,,,,33,,,,,B12,,,1,,2,,,33,33,1,22,,B12,120.700466,24.258326,3
2022,6,13,12,6,臺中市,南區,0,0,0,8,1,5,50,4,2,1,5,4,5,7,1,1,5,5,4,2,17,19,3,10,1,1,B03,7,1,1,8,2,6,,19,19,1,21,8,B03,120.653718,24.120649,3
2022,6,13,12,6,臺中市,南區,0,0,0,8,,,50,,,,,,,,,,,,,,,44,,,,,B03,,,1,,2,,,44,44,1,22,,B03,120.667018,24.11933,3
2022,6,13,12,9,臺中市,東區,0,2,0,8,1,5,50,3,1,1,5,4,5,7,4,4,1,4,5,2,17,26,2,9,1,1,C03,7,9,1,10,2,11,,23,26,1,22,8,C03,120.699858,24.125302,2
2022,6,13,12,10,臺中市,北屯區,0,1,0,8,1,5,50,4,1,1,5,4,5,7,3,1,10,5,5,2,15,6,3,10,1,1,B03,7,9,1,8,2,7,,6,6,1,21,8,B03,120.689647,24.196559,2
2022,6,13,12,20,臺中市,大雅區,0,0,0,8,,,50,,,,,,,,,,,,,,,6,,,,,B03,,,1,,2,,,6,6,1,22,,B03,120.649072,24.226873,3
2022,6,13,12,21,臺中市,北屯區,0,1,0,8,1,5,50,14,8,1,5,4,5,7,4,4,5,4,4,2,13,16,2,9,1,1,C03,7,9,1,10,2,11,,16,16,1,22,8,C03,120.694259,24.16491,2
2022,6,13,12,22,臺中市,北區,0,2,0,8,1,5,50,4,1,1,5,4,5,7,4,4,10,5,5,2,15,6,2,7,1,1,C03,7,9,1,10,1,11,,6,6,1,22,8,C03,120.679961,24.161631,2
2022,6,13,12,30,臺中市,神岡區,0,1,0,8,1,5,30,3,1,1,5,4,5,7,4,4,10,5,5,2,17,6,3,10,1,1,B03,7,6,1,8,2,4,,6,6,1,19,8,B03,120.690633,24.254731,2
2022,6,13,12,33,臺中市,潭子區,0,2,0,8,1,5,50,3,2,1,5,4,5,7,4,4,5,5,5,2,11,8,2,9,1,1,C03,7,5,1,10,2,11,,8,8,1,22,8,C03,120.707076,24.209972,2
2022,6,13,12,40,臺中市,大甲區,0,0,0,8,,,50,,,,,,,,,,,,,,,23,,,,,C03,,,1,,2,,,23,23,1,22,,C03,120.619896,24.346861,4
2022,6,13,12,47,臺中市,豐原區,0,0,0,8,,,40,,,,,,,,,,,,,,,23,,,,,B12,,,1,,2,,,23,23,1,22,,B12,120.721873,24.239233,3
2022,6,13,12,50,臺中市,潭子區,0,1,0,8,1,5,50,14,8,1,5,4,5,7,4,4,1,4,4,1,13,23,2,9,1,1,C03,7,9,1,10,1,11,,23,23,1,22,9,C03,120.702607,24.188474,2
2022,6,13,12,50,臺中市,北區,0,0,0,8,,,50,,,,,,,,,,,,,,,23,,,,,B03,,,1,,1,,,23,23,1,22,,B03,120.673384,24.169357,3
2022,6,13,12,50,臺中市,清水區,0,1,0,8,1,5,40,3,2,1,5,4,5,7,1,1,1,4,4,2,13,45,3,10,1,1,A12,7,9,1,2,2,4,1,45,45,1,5,5,A12,120.572579,24.26193,2
2022,6,13,13,0,臺中市,南屯區,0,0,0,8,,,1,,,,,,,,,,,,,,,38,,,,,B03,,,1,,1,,,38,38,1,22,,B03,120.638055,24.14,3
2022,6,13,13,10,臺中市,南屯區,0,0,0,,,,50,,,,,,,,,,,,,,,2,,,,,A41,,,1,,1,,,2,2,1,22,,A41,120.633049,24.14665,3
2022,6,13,13,23,臺中市,豐原區,0,0,0,8,,,60,,,,,,,,,,,,,,,42,,,,,B12,,,1,,2,,,42,42,1,5,,B12,120.715892,24.236918,3
2022,6,13,13,28,臺中市,北區,0,1,0,8,1,5,50,4,1,1,5,4,5,7,1,1,10,5,5,2,13,26,2,9,1,1,C03,7,5,1,10,2,13,,26,26,1,22,8,C03,120.685102,24.160322,2
2022,6,13,13,30,臺中市,大雅區,0,1,0,8,1,5,30,3,2,1,5,4,5,7,4,4,10,5,5,2,11,23,3,10,1,1,C03,7,5,1,10,2,11,,23,23,1,22,9,C03,120.662006,24.238157,2
2022,6,13,13,40,臺中市,霧峰區,0,0,0,8,,,40,,,,,,,,,,,,,,,23,,,,,B03,,,1,,2,,,23,23,1,3,,B03,120.69517,24.065787,3
2022,6,13,13,44,臺中市,潭子區,0,0,0,,,,40,,,,,,,,,,,,,,,16,,,,,B12,,,1,,2,,,16,16,1,22,,B12,120.715436,24.204734,3
2022,6,13,13,51,臺中市,南區,0,1,0,8,1,5,50,3,2,1,5,4,5,7,4,4,10,5,5,2,18,23,2,9,1,5,F01,7,9,8,20,2,16,,23,23,1,5,8,F01,120.6825,24.132792,2
2022,6,13,13,51,臺中市,西屯區,0,0,0,8,,,40,,,,,,,,,,,,,,,12,,,,,B03,,,1,,2,,,12,12,1,22,,B03,120.654693,24.161483,3
2022,6,13,13,55,臺中市,北區,0,0,0,8,,,40,,,,,,,,,,,,,,,12,,,,,B03,,,1,,9,,,12,12,1,22,,B03,120.680468,24.164509,3
2022,6,13,14,3,臺中市,北區,0,0,0,,,,40,,,,,,,,,,,,,,,19,,,,,B03,,,1,,2,,,19,19,1,21,,B03,120.686823,24.154231,3
2022,6,13,14,10,臺中市,石岡區,0,2,0,8,1,5,50,14,7,1,5,4,5,7,4,4,1,4,5,1,17,23,2,7,1,1,C02,7,9,1,9,2,12,,23,23,1,21,8,C02,120.817149,24.260231,2
2022,6,13,14,23,臺中市,太平區,0,2,0,8,1,5,50,4,1,1,5,4,5,7,1,1,10,5,5,2,16,9,3,10,3,4,B03,7,6,1,8,2,2,,9,9,1,21,8,B03,120.723125,24.149376,2
2022,6,13,14,25,臺中市,大甲區,0,1,0,8,1,5,30,3,1,1,5,4,5,7,4,4,10,5,5,2,17,6,2,8,1,1,C03,7,6,3,18,2,11,,6,6,1,22,7,C03,120.639066,24.409882,2
2022,6,13,14,26,臺中市,南屯區,0,1,0,8,1,5,50,3,7,1,5,4,5,7,4,4,1,4,4,2,17,6,3,10,1,1,B12,7,6,1,8,2,6,,6,6,1,22,9,B12,120.625158,24.145041,2
2022,6,13,14,28,臺中市,和平區,0,0,0,8,,,40,,,,,,,,,,,,,,,16,,,,,C03,,,1,,2,,,16,16,1,4,,C03,120.883373,24.174783,3
2022,6,13,14,30,臺中市,北屯區,0,1,0,8,1,5,50,4,1,1,5,4,5,7,1,1,10,5,5,2,16,6,3,10,1,1,B12,7,6,1,8,2,2,,6,6,1,5,8,B12,120.67603,24.201413,2
2022,6,13,14,31,臺中市,北屯區,0,2,0,8,1,5,50,4,1,1,5,4,5,7,1,1,10,5,5,2,16,6,2,9,1,1,C03,7,9,1,9,2,11,,23,8,1,22,8,C03,120.676311,24.19332,2
2022,6,13,14,42,臺中市,北區,0,1,0,8,1,5,50,3,1,1,5,4,5,7,4,4,9,5,5,2,16,6,3,10,1,1,B03,7,6,1,8,2,6,2,6,6,1,5,8,B03,120.699729,24.154155,2
2022,6,13,14,43,臺中市,南屯區,0,0,0,8,,,40,,,,,,,,,,,,,,,12,,,,,B01,,,1,,2,,,12,12,1,22,,B01,120.637608,24.150081,3
2022,6,13,14,47,臺中市,北屯區,0,0,0,8,,,40,,,,,,,,,,,,,,,12,,,,,B03,,,1,,1,,,12,12,1,21,,B03,120.715133,24.164018,3
2022,6,13,14,50,臺中市,大雅區,0,0,0,8,,,30,,,,,,,,,,,,,,,12,,,,,B03,,,1,,2,,,12,12,1,22,,B03,120.654068,24.239799,3
2022,6,13,14,54,臺中市,梧棲區,0,1,0,8,1,5,50,4,2,1,5,4,5,7,1,1,10,5,5,2,16,25,2,9,1,1,C03,7,9,3,18,2,14,,25,25,1,20,8,C03,120.549611,24.239359,2
2022,6,13,14,54,臺中市,豐原區,0,1,0,8,1,5,50,4,1,1,5,4,5,7,1,1,10,5,5,2,13,23,3,10,1,1,B12,7,9,1,8,2,1,,23,23,1,22,8,B12,120.72227,24.277734,2
2022,6,13,15,7,臺中市,霧峰區,0,1,0,8,1,5,50,3,1,1,5,4,5,7,3,1,10,5,5,2,16,6,2,9,1,1,C03,7,5,1,10,2,12,,6,6,1,21,9,C03,120.679482,24.064945,2
2022,6,13,15,10,臺中市,北區,0,2,0,8,1,5,50,4,9,1,5,4,5,7,4,4,4,5,5,2,16,26,2,9,1,1,C03,7,5,1,10,2,14,,26,26,1,21,8,C03,120.671739,24.168767,2
2022,6,13,15,15,臺中市,太平區,0,0,0,8,,,50,,,,,,,,,,,,,,,23,,,,,B03,,,1,,1,,,23,23,1,21,,B03,120.710623,24.131082,3
2022,6,13,15,15,臺中市,大甲區,0,0,0,8,1,5,40,14,9,1,5,4,5,7,4,4,4,3,5,1,14,12,3,10,1,1,B11,7,2,1,4,2,7,,12,12,1,10,4,B11,120.61877,24.342552,3
2022,6,13,15,19,臺中市,中區,0,1,0,8,1,5,50,4,1,1,5,4,5,7,1,1,10,5,5,2,13,23,3,10,3,4,C03,7,9,1,10,2,11,,23,23,1,22,5,C03,120.679547,24.142469,2
2022,6,13,15,24,臺中市,西屯區,0,1,0,8,1,5,50,3,2,1,5,4,5,7,4,4,1,4,4,2,17,6,3,10,3,4,B03,7,6,1,8,2,5,,6,6,1,22,8,B03,120.651146,24.209648,2
2022,6,13,15,27,臺中市,西區,0,0,0,8,,,50,,,,,,,,,,,,,,,35,,,,,B12,,,1,,1,,,35,35,1,6,,B12,120.662036,24.150756,3
2022,6,13,15,29,臺中市,西區,0,0,0,8,1,5,50,4,1,1,5,4,5,7,1,1,10,5,5,2,15,25,3,10,1,1,B03,7,9,1,4,2,5,,25,25,1,5,8,B03,120.673517,24.147762,3
2022,6,13,15,35,臺中市,南屯區,0,0,0,8,,,50,,,,,,,,,,,,,,,6,,,,,B01,,,1,,1,,,6,6,1,22,,B01,120.646944,24.129722,3
2022,6,13,15,41,臺中市,大雅區,0,1,0,8,1,5,50,14,9,1,5,4,5,7,4,4,5,4,5,1,13,23,2,9,1,1,C03,7,9,1,10,2,11,,23,23,1,22,9,C03,120.63417,24.243571,2
2022,6,13,15,48,臺中市,西屯區,0,1,0,8,1,5,50,14,9,1,5,4,5,7,4,4,1,4,5,2,16,16,2,8,1,1,C03,7,9,1,10,2,11,,16,16,1,4,8,C03,120.650154,24.163271,2
2022,6,13,15,50,臺中市,西區,0,1,0,8,1,5,50,4,1,1,5,4,5,7,1,1,10,5,5,2,12,9,3,10,1,1,B03,7,6,1,8,2,2,,9,9,1,22,9,B03,120.657737,24.154201,2
2022,6,13,15,50,臺中市,太平區,0,0,0,8,,,50,,,,,,,,,,,,,,,7,,,,,B03,,,1,,2,,,7,7,1,21,,B03,120.714685,24.14917,3
2022,6,13,15,50,臺中市,清水區,0,0,0,8,1,5,60,14,9,1,5,4,5,7,4,4,1,4,5,1,13,23,3,10,1,1,B03,7,9,1,8,2,8,,23,23,1,20,5,B03,120.55266,24.29516,3
2022,6,13,16,0,臺中市,霧峰區,0,0,0,8,,,50,,,,,,,,,,,,,,,38,,,,,B03,,,8,,10,,,38,38,1,22,,B03,120.679928,24.061558,3
2022,6,13,16,8,臺中市,神岡區,0,1,0,8,1,5,50,4,1,1,5,4,5,7,1,1,10,5,5,2,16,8,3,10,1,1,B03,7,5,1,8,2,1,,8,8,1,22,9,B03,120.658851,24.256858,2
2022,6,13,16,13,臺中市,南屯區,0,2,0,8,1,5,50,3,1,1,5,4,5,7,4,4,10,5,5,2,16,6,3,10,1,1,B03,7,5,1,8,2,1,,6,6,1,22,8,B03,120.610283,24.138594,2
2022,6,13,16,30,臺中市,東區,0,0,0,7,1,5,50,14,7,1,5,4,5,7,4,4,9,5,4,2,16,10,3,10,1,1,C03,7,11,1,10,2,13,,10,10,1,21,8,C03,120.69732,24.148711,3
2022,6,13,16,32,臺中市,太平區,0,1,0,8,1,5,40,14,12,1,5,4,5,7,4,4,5,5,4,1,17,4,3,10,3,4,C03,7,9,3,18,2,11,,4,4,1,9,8,C03,120.718705,24.154041,2
2022,6,13,16,36,臺中市,南屯區,0,1,0,8,1,5,50,14,9,1,5,4,5,7,4,4,5,5,5,2,16,19,3,10,1,1,B03,7,1,1,8,2,8,,19,19,1,22,8,B03,120.641655,24.148011,2
2022,6,13,16,40,臺中市,潭子區,0,1,0,8,1,5,50,14,9,1,5,4,5,7,1,1,5,5,5,1,12,17,3,10,1,1,C03,7,9,3,18,2,14,,17,17,1,22,9,C03,120.71043,24.209815,2
2022,6,13,16,40,臺中市,北屯區,0,2,0,8,1,5,50,14,9,1,5,4,5,7,4,4,9,4,5,2,17,19,2,9,1,1,C03,7,1,3,18,2,14,,19,19,1,21,8,C03,120.713426,24.173133,2
2022,6,13,16,43,臺中市,北區,0,1,0,8,1,5,50,14,7,1,5,4,5,7,4,4,9,5,4,2,9,60,2,9,1,1,H01,8,20,8,20,10,16,,60,60,1,22,8,H01,120.678483,24.169784,2
2022,6,13,16,45,臺中市,豐原區,0,0,0,8,,,50,,,,,,,,,,,,,,,17,,,,,B03,,,1,,2,,,17,17,1,22,,B03,120.725906,24.240409,4
2022,6,13,16,50,臺中市,南區,0,0,0,8,,,50,,,,,,,,,,,,,,,42,,,,,C03,,,1,,2,,,42,42,1,22,,C03,120.675223,24.125208,3
2022,6,13,16,50,臺中市,南屯區,0,0,0,8,,,50,,,,,,,,,,,,,,,16,,,,,B03,,,1,,1,,,16,16,1,22,,B03,120.622777,24.144166,3
2022,6,13,16,55,臺中市,西屯區,0,2,0,8,1,5,30,3,1,1,5,4,5,7,4,4,10,4,5,2,17,6,2,9,3,4,C03,7,5,1,10,2,14,,6,6,1,22,8,C03,120.640773,24.18119,2
2022,6,13,17,2,臺中市,北屯區,0,0,0,8,,,50,,,,,,,,,,,,,,,16,,,,,B03,,,1,,1,,,16,,1,4,,B03,120.6855,24.1719,3
2022,6,13,17,8,臺中市,太平區,0,0,0,8,,,30,,,,,,,,,,,,,,,18,,,,,B03,,,1,,2,,,18,18,1,21,,B03,120.709213,24.155378,3
2022,6,13,17,8,臺中市,清水區,0,0,0,8,,,60,,,,,,,,,,,,,,,7,,,,,B03,,,1,,1,,,7,7,1,5,,B03,120.548544,24.279939,3
2022,6,13,17,10,臺中市,北區,0,1,0,8,1,5,50,14,9,1,5,4,5,7,4,4,9,4,5,2,13,23,2,9,1,1,C03,7,9,4,11,2,11,,23,23,1,22,9,C03,120.681142,24.162217,2
2022,6,13,17,15,臺中市,沙鹿區,0,1,0,8,1,5,30,4,1,1,5,4,5,7,4,4,10,5,5,2,15,6,2,9,1,1,C02,7,9,1,9,2,14,,6,6,1,4,5,C02,120.571095,24.226667,2
2022,6,13,17,16,臺中市,豐原區,0,1,0,8,1,5,60,4,1,1,5,4,5,7,2,1,5,4,4,2,16,25,3,10,1,1,B03,7,5,1,8,2,2,,25,25,1,22,8,B03,120.713319,24.262561,2
2022,6,13,17,19,臺中市,北區,0,0,0,,,,50,,,,,,,,,,,,,,,23,,,,,B03,,,2,,1,,,23,23,1,21,,B03,120.689409,24.154495,3
2022,6,13,17,19,臺中市,東區,0,0,0,8,,,50,,,,,,,,,,,,,,,43,,,,,,,,,,,,,43,43,1,,,,120.700476,24.132095,3
2022,6,13,17,20,臺中市,大雅區,0,1,0,8,1,5,50,3,1,1,5,4,5,7,1,1,5,4,5,1,13,23,3,10,1,1,C03,7,9,1,10,2,11,,23,23,1,22,9,C03,120.648923,24.21804,2
2022,6,13,17,25,臺中市,石岡區,0,1,0,8,1,5,50,4,1,1,5,4,5,7,3,1,10,5,5,2,16,42,3,10,1,1,B03,7,6,1,8,2,2,,42,42,1,5,1,B03,120.791788,24.271905,2
2022,6,13,17,30,臺中市,大雅區,0,1,0,8,1,5,30,14,9,1,5,4,5,7,4,4,10,4,5,1,16,6,2,9,1,1,C03,7,5,1,10,2,12,,6,6,1,22,9,C03,120.635337,24.206718,2
2022,6,13,17,32,臺中市,大里區,0,1,0,8,1,5,50,3,1,1,5,4,5,7,1,1,10,5,5,2,12,9,3,10,1,1,A12,7,6,1,3,2,2,,9,9,1,21,9,A12,120.687811,24.090509,2
2022,6,13,17,33,臺中市,北區,0,0,0,8,,,50,,,,,,,,,,,,,,,23,,,,,B03,,,1,,2,,,23,23,1,5,,B03,120.690436,24.157173,3
2022,6,13,17,35,臺中市,南屯區,0,1,0,8,1,5,50,14,8,1,5,4,5,7,4,4,9,4,4,2,16,6,3,10,1,1,B03,7,11,1,8,2,6,,6,6,1,22,9,B03,120.620202,24.127147,2
2022,6,13,17,40,臺中市,霧峰區,0,0,0,8,,,50,,,,,,,,,,,,,,,44,,,,,B12,,,8,,10,,,44,44,1,22,,B12,120.6999,24.074783,3
2022,6,13,17,54,臺中市,西屯區,0,1,0,8,1,5,50,14,9,1,5,4,5,7,4,4,1,4,5,2,16,7,3,10,3,4,B03,7,8,3,18,2,5,,7,7,1,22,8,B03,120.659043,24.164621,2
2022,6,13,18,2,臺中市,大里區,0,0,0,8,,,50,,,,,,,,,,,,,,,23,,,,,C03,,,1,,2,,,23,,1,21,,C03,120.70451,24.093045,3
2022,6,13,18,3,臺中市,太平區,0,0,0,8,,,30,,,,,,,,,,,,,,,67,,,,,,,,,,,,,67,67,1,,,,120.708887,24.155195,3
2022,6,13,18,5,臺中市,西屯區,0,0,0,8,,,50,,,,,,,,,,,,,,,23,,,,,B03,,,1,,1,,,23,23,1,4,,B03,120.631121,24.170735,3