年,月,日,時,分,縣市,區,死,受傷,2-30,天候,光線,道路類別,速限,道路型態,事故位置,路面鋪裝,路面狀態,路面缺陷,障礙物,視距,號誌種類,號誌動作,分向設施,快車道或一般車道間,快慢車道間,路面邊線,事故類型及型態,主要肇因,受傷程度,主要傷處,保護裝備,行動電話,當事者區分,車輛用途,當事者行動狀態,駕駛資格情形,駕駛執照種類,飲酒情形,車輛撞擊部位最初,車輛撞擊部位其他,肇事因素個別,肇事因素主要,肇事逃逸,職業,旅次目的,車種,GPS緯度,GPS經度,事故類別
2022,6,14,12,24,臺中市,西區,0,2,0,8,1,5,50,3,1,1,5,4,5,7,1,1,10,5,5,2,16,4,2,8,1,1,C03,7,5,1,10,2,14,,4,4,1,21,8,C03,120.658502,24.155427,2
2022,6,14,12,24,臺中市,東區,0,0,0,,,,50,,,,,,,,,,,,,,,25,,,,,B02,,,1,,2,,,25,25,1,5,,B02,120.702397,24.140311,3
2022,6,14,12,27,臺中市,北區,0,0,0,8,,,50,,,,,,,,,,,,,,,6,,,,,B12,,,1,,2,,,6,6,1,22,,B12,120.674373,24.170787,3
2022,6,14,12,28,臺中市,南區,0,0,0,8,,,50,,,,,,,,,,,,,,,6,,,,,C03,,,1,,2,,,6,6,1,22,,C03,120.655666,24.129205,3
2022,6,14,12,36,臺中市,北屯區,0,1,0,8,1,5,50,4,2,1,5,4,5,7,1,1,10,5,5,2,16,2,3,10,1,1,C03,7,5,1,10,2,13,,2,2,1,22,8,C03,120.659261,24.190847,2
2022,6,14,12,37,臺中市,后里區,0,0,0,8,1,5,60,3,1,1,5,4,5,7,1,1,10,4,5,1,13,16,,,,,B03,,,1,,2,,,16,16,1,22,,B03,120.731123,24.337007,3
2022,6,14,12,53,臺中市,南區,0,2,0,8,1,5,50,14,9,1,5,4,5,7,2,1,2,4,5,2,13,23,2,7,1,1,C03,7,9,1,10,2,11,,23,23,1,21,8,C03,120.648585,24.122815,2
2022,6,14,12,56,臺中市,潭子區,0,0,0,8,,,50,,,,,,,,,,,,,,,23,,,,,C03,,,1,,2,,,23,23,1,22,,C03,120.710698,24.212083,3
2022,6,14,12,58,臺中市,北區,0,1,0,8,1,5,50,4,1,1,5,4,5,7,1,1,10,5,5,2,17,6,3,10,1,1,B01,7,6,1,4,2,15,,6,6,1,22,8,B01,120.676421,24.157514,2
2022,6,14,13,3,臺中市,南屯區,0,0,0,8,,,50,,,,,,,,,,,,,,,23,,,,,B12,,,1,,1,,,23,23,1,22,,B12,120.643234,24.140504,3
2022,6,14,13,5,臺中市,北屯區,0,1,0,8,1,5,50,5,1,1,5,4,5,7,1,1,10,5,5,2,16,25,3,10,1,1,C03,7,6,1,10,2,12,,25,25,1,21,8,C03,120.690387,24.170249,2
2022,6,14,13,7,臺中市,南區,0,2,0,8,1,5,50,4,1,1,5,4,5,7,2,1,5,4,4,2,15,25,2,9,1,1,C03,7,9,3,18,2,11,,25,25,1,22,8,C03,120.682815,24.13374,2
2022,6,14,13,8,臺中市,北屯區,0,2,0,8,1,5,50,4,1,1,5,4,5,7,1,1,10,5,5,2,3,25,2,9,1,1,C03,7,9,1,10,2,11,,25,25,1,21,8,C03,120.690361,24.175463,2
2022,6,14,13,13,臺中市,東區,0,0,0,,,,50,,,,,,,,,,,,,,,26,,,,,B03,,,1,,2,,,26,26,1,5,,B03,120.711866,24.144518,3
2022,6,14,13,28,臺中市,大里區,0,0,0,8,,,50,,,,,,,,,,,,,,,23,,,,,B03,,,1,,2,,,23,23,1,3,,B03,120.692946,24.090637,3
2022,6,14,13,35,臺中市,南區,0,0,0,8,1,5,50,14,9,1,5,4,5,7,4,4,3,4,5,2,14,12,3,10,1,1,B03,7,2,1,8,1,3,,12,12,1,21,8,B03,120.670335,24.122795,3
2022,6,14,13,38,臺中市,大里區,0,0,0,8,,,50,,,,,,,,,,,,,,,23,,,,,B12,,,1,,2,,,23,23,1,4,,B12,120.701335,24.102786,3
2022,6,14,14,0,臺中市,西區,0,1,0,8,1,5,50,4,2,1,5,4,5,7,1,1,5,4,4,2,29,42,2,7,1,1,C03,7,14,1,10,1,12,,42,42,1,22,9,C03,120.65298,24.153587,2
2022,6,14,14,2,臺中市,南區,0,2,0,8,1,5,40,14,8,1,5,2,5,7,4,4,1,4,4,2,18,23,2,9,1,1,C03,7,9,1,10,2,15,,23,23,1,22,8,C03,120.660766,24.11948,2
2022,6,14,14,5,臺中市,西區,0,2,0,8,1,5,50,3,2,1,5,4,5,7,4,4,5,5,5,2,17,26,3,10,3,4,C03,7,5,1,10,2,11,,26,26,1,22,5,C03,120.665537,24.135861,2
2022,6,14,14,8,臺中市,龍井區,0,1,0,8,1,5,30,4,1,1,5,4,5,7,4,4,10,5,5,2,16,8,2,9,1,1,C03,7,5,1,10,2,11,,8,8,1,12,8,C03,120.511701,24.202448,2
2022,6,14,14,10,臺中市,豐原區,0,1,0,8,1,5,50,3,1,1,5,4,5,7,1,1,10,5,5,2,17,42,3,10,1,1,C03,7,6,1,10,2,15,,42,42,1,22,8,C03,120.72639,24.242555,2
2022,6,14,14,13,臺中市,太平區,0,1,0,7,1,5,50,3,1,1,5,4,5,7,4,4,5,5,5,2,16,26,2,9,1,1,C03,7,1,1,10,2,12,,26,26,1,5,1,C03,120.700932,24.148011,2
2022,6,14,14,18,臺中市,西屯區,0,1,0,8,1,5,40,14,8,1,5,4,5,7,4,4,1,3,1,1,13,44,3,10,1,1,B03,7,9,1,8,11,7,,44,44,1,22,8,B03,120.650682,24.161642,2
2022,6,14,14,27,臺中市,北屯區,0,2,0,8,1,5,30,4,1,1,5,4,5,7,4,4,10,5,5,2,16,6,2,9,1,1,C03,7,9,1,10,2,11,,6,6,1,22,8,C03,120.6784,24.174738,2
2022,6,14,14,35,臺中市,北屯區,0,1,0,8,1,5,50,4,1,1,5,4,5,7,1,1,10,5,5,2,16,6,3,10,1,1,B03,7,5,1,8,2,2,,6,6,1,21,8,B03,120.686111,24.180189,2
2022,6,14,14,40,臺中市,豐原區,0,0,0,8,,,40,,,,,,,,,,,,,,,12,,,,,B12,,,1,,2,,,12,12,1,22,,B12,120.70453,24.237046,3
2022,6,14,14,46,臺中市,太平區,0,2,0,7,1,5,40,14,9,1,5,4,5,7,4,4,5,5,5,1,18,43,2,9,1,1,C03,7,9,1,10,2,14,,43,43,1,16,6,C03,120.774702,24.103377,2
2022,6,14,14,50,臺中市,太平區,0,0,0,8,,,80,,,,,,,,,,,,,,,42,,,,,B03,,,1,,2,,,42,42,1,21,,B03,120.710725,24.141557,3
2022,6,14,14,54,臺中市,神岡區,0,0,0,8,,,30,,,,,,,,,,,,,,,12,,,,,B12,,,1,,1,,,12,12,1,21,,B12,120.668071,24.25715,3
2022,6,14,15,6,臺中市,太平區,0,0,0,8,,,80,,,,,,,,,,,,,,,42,,,,,B12,,,1,,2,,,42,42,1,21,,B12,120.710725,24.141557,3
2022,6,14,15,20,臺中市,南屯區,0,1,0,8,1,5,50,3,1,1,5,4,5,7,4,4,10,5,5,2,16,6,3,10,1,1,B01,7,5,1,4,2,6,,6,6,1,22,9,B01,120.645189,24.140622,2
2022,6,14,15,20,臺中市,西屯區,0,0,0,8,,,50,,,,,,,,,,,,,,,33,,,,,A12,,,1,,2,,,33,33,1,10,,A12,120.602538,24.167598,3
2022,6,14,15,29,臺中市,東區,0,0,0,,,,30,,,,,,,,,,,,,,,23,,,,,B12,,,1,,2,,,23,23,1,5,,B12,120.697192,24.127827,3
2022,6,14,15,40,臺中市,烏日區,0,0,0,8,1,3,60,14,13,1,5,4,5,7,4,4,4,4,5,2,12,19,,,,,B03,,,1,,2,,,19,19,1,2,,B03,120.617589,24.106181,3
2022,6,14,15,41,臺中市,西屯區,0,0,0,8,,,30,,,,,,,,,,,,,,,40,,,,,B03,,,1,,2,,,40,40,1,22,,B03,120.648613,24.183073,3
2022,6,14,15,42,臺中市,西屯區,0,2,0,8,1,5,50,14,9,1,5,4,5,7,4,4,5,5,5,2,13,26,2,8,1,1,C03,7,5,1,10,2,12,,26,26,1,4,8,C03,120.638553,24.180386,2
2022,6,14,15,53,臺中市,大雅區,0,0,0,8,,,30,,,,,,,,,,,,,,,23,,,,,B03,,,1,,2,,,23,23,1,22,,B03,120.653324,24.220607,4
2022,6,14,16,0,臺中市,大里區,0,0,0,8,,,50,,,,,,,,,,,,,,,12,,,,,B12,,,1,,2,,,12,12,1,5,,B12,120.69781,24.106906,3
2022,6,14,16,1,臺中市,潭子區,0,2,0,8,1,5,50,3,2,1,5,4,5,7,4,4,5,4,4,2,2,23,2,9,1,1,C03,7,9,1,10,2,11,,23,23,1,22,9,C03,120.708269,24.213225,2
2022,6,14,16,5,臺中市,北屯區,0,2,0,8,1,5,50,4,1,1,5,4,5,7,1,1,10,5,5,2,16,6,2,9,1,1,C03,7,6,3,18,2,12,,6,6,1,21,8,C03,120.696611,24.179698,2
2022,6,14,16,15,臺中市,西屯區,0,1,0,8,1,5,50,4,1,1,5,4,5,7,1,1,1,5,5,2,16,9,3,10,3,4,B03,7,6,1,8,2,6,,9,9,1,22,8,B03,120.647476,24.19591,2
2022,6,14,16,18,臺中市,南屯區,0,0,0,8,,,40,,,,,,,,,,,,,,,23,,,,,B03,,,1,,1,,,23,23,1,5,,B03,120.633607,24.124593,3
2022,6,14,16,34,臺中市,西屯區,0,1,0,8,1,8,50,4,1,1,5,4,5,7,1,1,5,4,4,2,17,6,3,10,3,4,B03,7,5,1,8,2,5,,6,6,1,22,8,B03,120.645768,24.172175,2
2022,6,14,16,34,臺中市,梧棲區,0,0,0,8,,,40,,,,,,,,,,,,,,,16,,,,,B12,,,1,,1,,,16,16,1,3,,B12,120.539223,24.248601,3
2022,6,14,16,45,臺中市,西屯區,0,1,0,8,1,5,30,4,2,1,5,4,5,7,4,4,10,5,5,2,16,19,3,10,3,4,C03,7,1,1,10,2,11,,19,19,1,22,8,C03,120.64627,24.181891,2
2022,6,14,16,46,臺中市,北區,0,0,0,8,,,50,,,,,,,,,,,,,,,6,,,,,C03,,,1,,2,,,6,6,1,5,,C03,120.667644,24.166261,3
2022,6,14,16,55,臺中市,北屯區,0,2,0,8,1,5,50,14,9,1,5,4,5,7,4,4,9,5,5,2,17,26,2,9,1,1,C03,7,5,1,10,2,14,,26,26,1,21,8,C03,120.681335,24.172638,2
2022,6,14,16,58,臺中市,西區,0,0,0,8,,,50,,,,,,,,,,,,,,,23,,,,,B03,,,3,,1,,,23,23,1,22,,B03,120.665827,24.153365,4
2022,6,14,16,59,臺中市,西區,0,1,0,8,1,5,50,5,1,1,5,4,5,7,1,1,10,5,5,2,17,42,2,9,3,4,C03,7,5,1,10,2,12,,42,42,1,22,5,C03,120.675424,24.150936,2
2022,6,14,17,10,臺中市,西區,0,0,0,8,,,50,,,,,,,,,,,,,,,19,,,,,B03,,,1,,1,,,19,19,1,5,,B03,120.67077,24.147141,3
2022,6,14,17,10,臺中市,北區,0,0,0,8,,,50,,,,,,,,,,,,,,,18,,,,,B03,,,1,,2,,,18,18,1,5,,B03,120.671862,24.170658,3
2022,6,14,17,12,臺中市,太平區,0,1,0,8,1,5,50,3,1,1,5,4,5,7,4,4,10,5,5,2,18,42,2,9,1,1,C03,7,9,6,18,2,12,,42,42,1,20,8,C03,120.716513,24.143263,2
2022,6,14,17,13,臺中市,梧棲區,0,1,0,8,1,5,50,3,1,1,5,4,5,7,3,1,10,5,5,2,16,6,2,9,1,1,C03,7,5,1,10,2,11,,6,6,1,22,8,C03,120.552228,24.237714,2
2022,6,14,17,15,臺中市,東勢區,0,1,0,8,1,5,50,5,1,1,5,4,5,7,1,1,10,5,5,2,17,19,3,10,1,1,B03,7,1,1,8,2,4,,19,19,1,21,8,B03,120.832558,24.246441,2
2022,6,14,17,18,臺中市,梧棲區,0,0,0,8,,,50,,,,,,,,,,,,,,,25,,,,,E01,,,1,,2,,,25,25,1,5,,E01,120.549847,24.241553,3
2022,6,14,17,18,臺中市,外埔區,0,0,0,8,1,5,50,3,7,1,5,4,5,7,1,1,4,2,4,1,17,23,3,10,1,1,B12,7,9,1,8,2,1,,23,23,1,21,8,B12,120.63794,24.34152,3
2022,6,14,17,22,臺中市,西屯區,0,1,0,8,1,5,50,3,1,1,5,4,5,7,1,1,10,5,5,2,18,43,2,9,3,4,F01,7,21,8,20,2,16,,43,43,1,22,9,F01,120.610999,24.193624,2
2022,6,14,17,24,臺中市,大雅區,0,0,0,8,,,50,,,,,,,,,,,,,,,23,,,,,C03,,,1,,2,,,23,23,1,22,,C03,120.644807,24.22146,3
2022,6,14,17,31,臺中市,南區,0,0,0,8,,,50,,,,,,,,,,,,,,,23,,,,,B12,,,1,,2,,,23,23,1,22,,B12,120.679851,24.122519,3
2022,6,14,17,32,臺中市,大雅區,0,1,0,8,1,5,50,4,1,1,5,4,5,7,1,1,10,4,5,1,16,25,3,10,1,1,B03,7,5,1,8,2,2,,25,25,1,22,9,B03,120.645263,24.225553,2
2022,6,14,17,32,臺中市,梧棲區,0,1,0,8,1,5,40,3,2,1,5,4,5,7,1,1,1,4,1,1,13,23,3,10,1,1,C03,7,9,1,10,2,11,,23,23,1,22,8,C03,120.550057,24.245131,2
2022,6,14,17,34,臺中市,西屯區,0,0,0,8,,,30,,,,,,,,,,,,,,,43,,,,,C03,,,1,,9,,,43,43,1,22,,C03,120.656221,24.168828,3
2022,6,14,17,34,臺中市,大甲區,0,3,0,8,1,5,50,4,1,1,5,4,5,7,1,1,10,5,5,2,15,23,2,8,1,1,C03,7,9,1,10,2,11,,23,23,1,4,1,C03,120.622103,24.348948,2
2022,6,14,17,34,臺中市,神岡區,0,0,0,8,,,30,,,,,,,,,,,,,,,6,,,,,B03,,,1,,2,,,6,6,1,22,,B03,120.709262,24.272269,3
2022,6,14,17,35,臺中市,大里區,0,0,0,8,,,50,,,,,,,,,,,,,,,23,,,,,B03,,,1,,2,,,23,23,1,5,,B03,120.681025,24.105796,3
2022,6,14,17,35,臺中市,梧棲區,0,0,0,8,,,70,,,,,,,,,,,,,,,23,,,,,A12,,,1,,1,,,23,23,1,10,,A12,120.513283,24.228044,3
2022,6,14,17,39,臺中市,東區,0,0,0,8,,,50,,,,,,,,,,,,,,,23,,,,,B03,,,1,,2,,,23,23,1,22,,B03,120.699428,24.149017,3
2022,6,14,17,39,臺中市,清水區,0,0,0,8,,,50,,,,,,,,,,,,,,,25,,,,,C03,,,1,,2,,,25,25,1,21,,C03,120.577122,24.275601,3
2022,6,14,17,42,臺中市,西區,0,0,0,8,1,5,50,4,2,1,5,4,5,7,1,1,3,4,5,2,13,23,,,,,B03,,,1,,1,,,23,23,1,22,,B03,120.669798,24.149599,3
2022,6,14,17,45,臺中市,西屯區,0,0,0,8,,,50,,,,,,,,,,,,,,,16,,,,,B03,,,1,,1,,,16,16,1,22,,B03,120.635595,24.168053,3
2022,6,14,17,45,臺中市,梧棲區,0,1,0,8,1,5,30,4,1,1,5,4,5,7,4,4,10,5,5,2,15,6,3,10,1,1,B12,7,9,1,8,2,1,,6,6,1,22,8,B12,120.552552,24.25461,2
2022,6,14,17,51,臺中市,沙鹿區,0,1,0,8,1,5,30,3,1,1,5,4,5,7,4,4,10,5,5,2,16,42,3,10,1,1,C03,7,9,2,18,2,11,,42,42,1,22,9,C03,120.562847,24.240037,2
2022,6,14,17,52,臺中市,北屯區,0,0,0,8,,,50,,,,,,,,,,,,,,,12,,,,,B03,,,1,,1,,,12,12,1,21,,B03,120.681608,24.16962,3
2022,6,14,17,54,臺中市,西區,0,0,0,8,,,50,,,,,,,,,,,,,,,23,,,,,C03,,,2,,1,,,23,23,1,22,,C03,120.668375,24.143517,3
2022,6,14,17,55,臺中市,大里區,0,0,0,8,,,50,,,,,,,,,,,,,,,26,,,,,B02,,,1,,2,,,26,26,1,22,,B02,120.671663,24.102305,3
2022,6,14,17,57,臺中市,大里區,0,2,0,8,1,5,50,3,1,1,5,4,5,7,1,1,10,5,5,2,16,26,2,7,1,1,C03,7,5,1,10,2,12,,26,26,1,22,8,C03,120.704563,24.096323,2
2022,6,14,18,0,臺中市,大里區,0,1,0,8,3,5,50,3,1,1,5,4,5,7,4,4,5,5,5,1,17,43,2,8,1,1,C03,7,5,1,10,11,14,,43,43,1,5,8,C03,120.678508,24.096718,2
2022,6,14,18,1,臺中市,大雅區,0,1,0,8,1,5,40,4,1,1,5,4,5,7,1,1,5,5,4,1,16,25,2,9,1,1,C03,7,9,6,10,8,11,,25,25,1,22,9,C03,120.636042,24.216008,2
2022,6,14,18,9,臺中市,北區,0,0,0,8,,,50,,,,,,,,,,,,,,,43,,,,,B03,,,1,,1,,,43,43,1,22,,B03,120.68517,24.164201,3
2022,6,14,18,25,臺中市,神岡區,0,0,0,8,,,30,,,,,,,,,,,,,,,17,,,,,B03,,,1,,1,,,17,17,1,21,,B03,120.659731,24.27038,3
2022,6,14,18,27,臺中市,霧峰區,0,0,0,8,,,50,,,,,,,,,,,,,,,17,,,,,B03,,,1,,2,,,17,17,1,22,,B03,120.70113,24.066968,3
2022,6,14,18,30,臺中市,南屯區,0,2,0,8,2,5,50,4,1,1,5,4,5,7,4,4,10,5,5,2,15,6,2,8,1,1,C03,7,9,1,10,2,12,,6,6,1,22,9,C03,120.653888,24.136944,2
2022,6,14,18,30,臺中市,北屯區,0,2,0,8,1,5,50,4,1,1,5,4,5,7,1,1,10,5,5,2,12,23,2,9,1,1,C03,7,15,1,10,2,12,,44,23,1,8,1,C03,120.664044,24.185599,2
2022,6,14,18,31,臺中市,北區,0,0,0,8,,,50,,,,,,,,,,,,,,,43,,,,,C03,,,1,,11,,,43,43,1,22,,C03,120.686553,24.163175,3
2022,6,14,19,7,臺中市,東區,0,1,0,7,3,5,50,3,1,1,5,4,5,7,1,1,10,5,5,2,13,23,3,10,1,1,C03,7,9,1,10,2,11,,23,23,1,22,8,C03,120.690987,24.140036,2
2022,6,14,19,23,臺中市,太平區,0,1,0,8,1,5,50,14,9,1,5,4,5,7,4,4,5,5,5,2,16,23,2,9,1,1,C03,7,5,1,10,1,14,,23,23,1,21,8,C03,120.718488,24.154222,2
2022,6,14,19,31,臺中市,西區,0,1,0,8,3,5,30,4,1,1,5,4,5,7,3,1,10,5,5,2,17,12,3,10,3,4,B12,7,2,1,8,2,15,,12,12,1,21,8,B12,120.665104,24.132155,2
2022,6,14,19,32,臺中市,南區,0,0,0,8,,,40,,,,,,,,,,,,,,,12,,,,,B03,,,1,,10,,,44,12,1,22,,B03,120.67919,24.13216,3
2022,6,14,19,45,臺中市,烏日區,0,0,0,8,,,40,,,,,,,,,,,,,,,6,,,,,C03,,,1,,2,,,6,6,1,21,,C03,120.646949,24.055164,3
2022,6,14,19,48,臺中市,梧棲區,0,0,0,8,,,40,,,,,,,,,,,,,,,6,,,,,B03,,,1,,1,,,6,6,1,22,,B03,120.537033,24.251173,3
2022,6,14,20,14,臺中市,沙鹿區,0,0,0,8,,,40,,,,,,,,,,,,,,,18,,,,,B03,,,1,,9,,,18,18,1,9,,B03,120.559062,24.236084,3
2022,6,14,20,16,臺中市,南區,0,0,0,8,3,5,50,14,9,1,5,4,5,7,4,4,5,2,5,2,13,23,3,10,1,1,B03,7,9,1,8,2,1,,23,23,1,5,8,B03,120.683844,24.132204,3
2022,6,14,20,30,臺中市,北區,0,0,0,8,,,50,,,,,,,,,,,,,,,19,,,,,B03,,,1,,2,,,19,19,1,21,,B03,120.684044,24.146518,3
2022,6,14,20,48,臺中市,北屯區,0,2,0,8,3,5,50,3,1,1,5,4,5,7,4,4,1,4,4,2,17,9,2,9,1,1,C03,7,6,2,18,2,12,,9,9,1,21,8,C03,120.66616,24.182276,2
2022,6,14,20,48,臺中市,西屯區,0,0,0,8,,,50,,,,,,,,,,,,,,,12,,,,,B03,,,1,,1,,,12,12,1,22,,B03,120.609805,24.194291,3
2022,6,14,20,49,臺中市,西屯區,0,3,0,8,3,5,30,3,1,1,5,4,5,7,4,4,10,5,5,2,16,6,2,9,1,1,C03,7,5,3,18,2,11,,6,6,1,22,8,C03,120.614628,24.182439,2
2022,6,14,20,50,臺中市,龍井區,0,0,0,8,,,40,,,,,,,,,,,,,,,26,,,,,B03,,,1,,2,,,26,26,2,22,,B03,120.594213,24.190628,3
2022,6,14,21,12,臺中市,清水區,0,0,0,8,,,40,,,,,,,,,,,,,,,23,,,,,B03,,,1,,2,,,23,23,1,5,,B03,120.56518,24.277058,3
2022,6,14,21,19,臺中市,西屯區,0,0,0,8,,,50,,,,,,,,,,,,,,,23,,,,,C03,,,1,,1,,,23,23,1,22,,C03,120.635338,24.175985,3
2022,6,14,21,30,臺中市,清水區,0,1,0,8,3,5,50,4,1,1,5,4,5,7,2,1,4,5,5,2,27,66,,,,,,,,,,,,,66,66,1,,,,120.576732,24.272301,2
2022,6,14,21,34,臺中市,東區,0,0,0,8,,,50,,,,,,,,,,,,,,,23,,,,,C03,,,1,,2,,,23,23,1,22,,C03,120.704804,24.130636,3
2022,6,14,21,44,臺中市,西區,0,0,0,8,,,40,,,,,,,,,,,,,,,7,,,,,B02,,,1,,1,,,7,7,1,22,,B02,120.658042,24.157809,3
2022,6,14,21,55,臺中市,大里區,0,0,0,8,,,50,,,,,,,,,,,,,,,23,,,,,B01,,,1,,1,,,23,23,1,21,,B01,120.688401,24.102328,3
2022,6,14,22,4,臺中市,豐原區,0,0,0,8,,,40,,,,,,,,,,,,,,,23,,,,,B03,,,1,,2,,,23,23,1,22,,B03,120.756313,24.259601,3
2022,6,14,22,7,臺中市,南區,0,0,0,8,,,40,,,,,,,,,,,,,,,12,,,,,B03,,,1,,2,,,12,12,1,22,,B03,120.668955,24.124233,3
2022,6,14,22,13,臺中市,東勢區,0,1,0,8,1,5,30,14,9,1,5,4,5,7,4,4,5,5,5,1,26,21,2,9,1,1,C03,7,9,1,10,8,11,,21,21,1,22,8,C03,120.831138,24.249766,2
2022,6,14,22,25,臺中市,西區,0,1,0,8,3,5,50,4,1,1,5,4,5,7,1,1,10,5,5,2,18,42,2,9,3,4,C03,7,9,1,10,1,12,,42,42,1,21,8,C03,120.663272,24.163316,2
2022,6,14,22,33,臺中市,東區,0,2,0,8,3,5,50,4,1,1,5,4,5,7,1,1,10,5,5,2,16,6,3,10,1,1,B03,7,5,1,8,2,2,,6,6,1,18,8,B03,120.700082,24.132455,2
2022,6,14,23,35,臺中市,南屯區,0,0,0,8,,,50,,,,,,,,,,,,,,,7,,,,,B03,,,1,,1,,,7,7,1,22,,B03,120.637724,24.142453,3
2022,6,14,23,44,臺中市,南屯區,0,2,0,8,3,5,50,4,1,1,5,4,5,7,2,1,1,5,5,2,16,8,2,9,1,4,C03,7,5,1,10,2,11,,8,8,1,22,8,C03,120.646536,24.134684,2
2022,6,15,0,34,臺中市,南屯區,0,2,0,8,3,5,50,4,1,1,5,4,5,7,1,1,10,5,5,2,15,25,2,9,1,4,C03,7,9,1,10,2,11,,25,25,1,22,8,C03,120.648693,24.148825,2
2022,6,15,1,20,臺中市,北區,0,1,0,8,1,5,50,4,1,1,5,4,5,7,3,1,10,5,5,2,17,6,3,10,1,1,B03,7,9,1,8,2,4,,6,6,1,22,8,B03,120.68897,24.15897,2
2022,6,15,6,8,臺中市,烏日區,0,0,0,8,,,60,,,,,,,,,,,,,,,17,,,,,C03,,,1,,2,,,17,17,1,21,,C03,120.642601,24.109392,3
2022,6,15,6,16,臺中市,東區,0,0,0,,,,50,,,,,,,,,,,,,,,23,,,,,B03,,,1,,2,,,23,23,1,22,,B03,120.710181,24.140906,3
2022,6,15,6,48,臺中市,西屯區,0,1,0,8,1,5,30,4,1,1,5,4,5,7,4,4,10,5,5,2,15,6,2,9,1,1,C03,7,9,1,10,2,11,,6,6,1,22,8,C03,120.644956,24.175444,2
2022,6,15,6,53,臺中市,潭子區,0,2,0,8,1,5,50,14,7,1,5,4,5,7,4,4,5,4,4,2,16,21,2,9,1,1,B03,7,9,3,18,7,1,,21,21,1,22,9,B03,120.700622,24.211203,2
2022,6,15,6,59,臺中市,豐原區,0,1,0,8,1,5,60,14,8,1,5,4,5,7,4,4,3,3,3,1,17,17,3,10,3,4,B03,7,9,1,8,2,2,,17,17,1,22,8,B03,120.715263,24.236963,2
2022,6,15,7,5,臺中市,梧棲區,0,0,0,8,,,30,,,,,,,,,,,,,,,16,,,,,B03,,,1,,2,,,16,16,1,22,,B03,120.537897,24.25823,3
2022,6,15,7,30,臺中市,太平區,0,1,0,8,1,5,30,4,1,1,5,4,5,7,4,4,10,5,5,2,16,23,3,10,1,1,B03,7,9,1,8,2,8,,23,23,1,21,8,B03,120.729002,24.153479,2
2022,6,15,7,31,臺中市,神岡區,0,0,0,8,,,50,,,,,,,,,,,,,,,16,,,,,B03,,,1,,1,,,16,16,1,12,,B03,120.689291,24.243614,3
2022,6,15,7,34,臺中市,太平區,0,1,0,8,1,5,50,3,9,1,5,4,5,7,4,4,5,4,5,2,13,16,2,8,1,1,C03,7,9,1,10,2,11,,16,16,1,21,8,C03,120.732596,24.141572,2
2022,6,15,7,35,臺中市,潭子區,0,2,0,8,1,5,50,14,7,1,5,4,5,7,4,4,5,4,4,2,16,23,2,8,1,1,C03,7,9,1,10,2,11,,23,23,1,22,8,C03,120.709296,24.229725,2
2022,6,15,7,38,臺中市,西區,0,1,0,8,1,5,40,4,1,1,5,4,5,7,4,4,10,5,5,2,16,17,3,10,1,1,C03,7,8,1,10,2,12,,17,17,1,4,5,C03,120.662352,24.155491,2
2022,6,15,7,44,臺中市,大雅區,0,0,0,8,,,50,,,,,,,,,,,,,,,23,,,,,B01,,,1,,2,,,23,23,1,22,,B01,120.647312,24.221633,3
2022,6,15,7,45,臺中市,潭子區,0,1,0,8,1,5,50,4,2,1,5,4,5,7,1,1,4,4,5,1,13,23,2,9,1,1,C03,7,9,1,10,2,11,,23,23,1,22,9,C03,120.723834,24.217831,2
2022,6,15,7,48,臺中市,東區,0,1,0,8,1,5,50,4,1,1,5,4,5,7,1,1,10,5,5,2,16,9,3,10,1,1,B12,7,6,1,10,2,2,,9,9,1,22,8,B12,120.697981,24.147909,2
2022,6,15,7,50,臺中市,北區,0,1,0,8,1,5,50,4,2,1,5,4,5,7,2,1,10,5,5,2,12,7,3,10,1,1,B03,7,8,1,8,2,6,,7,7,1,4,8,B03,120.691797,24.160107,2
2022,6,15,7,50,臺中市,東區,0,1,0,7,1,5,50,5,1,1,5,4,5,7,1,1,10,5,5,2,16,6,3,10,1,1,B03,7,6,1,8,2,5,,6,6,1,21,8,B03,120.692438,24.132531,2
2022,6,15,7,54,臺中市,南區,0,0,0,7,1,5,50,4,9,1,5,4,5,7,2,1,2,4,5,2,12,23,3,10,1,1,B12,7,9,1,8,2,8,,44,23,1,21,8,B12,120.650118,24.120638,3
2022,6,15,7,54,臺中市,南屯區,0,0,0,8,,,1,,,,,,,,,,,,,,,26,,,,,B03,,,1,,1,,,26,26,1,3,,B03,120.610103,24.145999,3
2022,6,15,7,55,臺中市,太平區,0,1,0,8,1,5,50,14,9,1,5,4,5,7,4,4,9,5,4,2,13,16,2,9,1,1,C03,7,9,1,10,2,11,,16,16,1,21,8,C03,120.703194,24.155759,2