年,月,日,時,分,縣市,區,死,受傷,2-30,天候,光線,道路類別,速限,道路型態,事故位置,路面鋪裝,路面狀態,路面缺陷,障礙物,視距,號誌種類,號誌動作,分向設施,快車道或一般車道間,快慢車道間,路面邊線,事故類型及型態,主要肇因,受傷程度,主要傷處,保護裝備,行動電話,當事者區分,車輛用途,當事者行動狀態,駕駛資格情形,駕駛執照種類,飲酒情形,車輛撞擊部位最初,車輛撞擊部位其他,肇事因素個別,肇事因素主要,肇事逃逸,職業,旅次目的,車種,GPS緯度,GPS經度,事故類別
2022,6,15,7,59,臺中市,北區,0,1,0,8,1,5,50,4,1,1,5,4,5,7,1,1,5,5,4,2,13,23,3,10,1,1,B02,7,9,6,18,2,8,,23,23,1,5,8,B02,120.665407,24.160364,2
2022,6,15,8,0,臺中市,南屯區,0,0,0,8,,,50,,,,,,,,,,,,,,,6,,,,,B03,,,1,,1,,,6,6,1,22,,B03,120.653113,24.141047,3
2022,6,15,8,4,臺中市,北區,0,2,0,8,1,5,50,3,1,1,5,4,5,7,4,4,1,4,5,2,13,16,2,9,1,1,C03,7,9,1,10,2,11,,16,16,1,22,8,C03,120.685456,24.163099,2
2022,6,15,8,5,臺中市,梧棲區,0,0,0,8,,,40,,,,,,,,,,,,,,,23,,,,,B03,,,1,,2,,,23,23,1,22,,B03,120.525653,24.224723,3
2022,6,15,8,8,臺中市,太平區,0,0,0,8,,,30,,,,,,,,,,,,,,,23,,,,,B12,,,1,,2,,,23,23,1,21,,B12,120.752798,24.122931,3
2022,6,15,8,9,臺中市,潭子區,0,2,0,8,1,5,50,3,2,1,5,4,5,7,4,4,10,5,5,1,26,23,2,9,1,1,C03,7,9,1,10,2,11,,23,23,1,22,8,C03,120.673818,24.207367,2
2022,6,15,8,15,臺中市,豐原區,0,1,0,8,1,5,30,14,9,1,5,4,5,7,4,4,10,5,5,1,17,5,3,10,3,4,B03,7,9,1,8,2,1,,5,5,1,22,8,B03,120.732636,24.275244,2
2022,6,15,8,43,臺中市,東勢區,0,0,0,8,,,40,,,,,,,,,,,,,,,12,,,,,B12,,,1,,2,,,12,12,1,22,,B12,120.796948,24.219254,3
2022,6,15,8,47,臺中市,北區,0,1,0,8,1,5,40,4,1,1,5,4,5,7,1,1,5,2,4,2,16,6,3,10,1,1,B03,7,6,3,18,11,2,,6,6,1,5,8,B03,120.675858,24.159215,2
2022,6,15,8,49,臺中市,烏日區,0,0,0,8,,,30,,,,,,,,,,,,,,,12,,,,,B12,,,1,,2,,,12,12,1,9,,B12,120.639718,24.085313,3
2022,6,15,8,51,臺中市,北區,0,0,0,8,,,50,,,,,,,,,,,,,,,23,,,,,B03,,,3,,11,,,23,23,1,22,,B03,120.67174,24.173021,3
2022,6,15,8,51,臺中市,南區,0,1,0,7,1,5,50,14,9,1,5,4,5,7,2,1,2,4,5,2,13,16,2,8,1,1,C03,7,9,1,10,2,11,,16,16,1,21,8,C03,120.648588,24.122787,2
2022,6,15,8,53,臺中市,太平區,0,3,0,8,1,5,50,4,1,1,5,4,5,7,1,1,10,5,5,2,12,42,2,9,1,1,C03,7,15,1,10,2,14,,42,42,1,21,8,C03,120.718294,24.148834,2
2022,6,15,8,57,臺中市,北區,0,1,0,8,1,5,50,14,9,1,5,4,5,7,4,4,8,5,5,2,12,19,3,10,1,1,B01,7,1,1,1,2,8,,19,19,1,5,8,B01,120.672051,24.167137,2
2022,6,15,9,3,臺中市,神岡區,0,1,0,7,1,5,30,4,1,1,5,4,5,7,3,1,10,5,5,1,16,14,3,10,1,1,B12,7,9,1,8,2,8,,14,14,1,21,8,B12,120.687793,24.239561,2
2022,6,15,9,23,臺中市,南屯區,0,0,0,,,,30,,,,,,,,,,,,,,,23,,,,,B03,,,1,,2,,,23,23,1,4,,B03,120.629014,24.152347,3
2022,6,15,9,25,臺中市,豐原區,0,2,0,8,1,5,50,3,2,1,5,4,5,7,1,1,5,5,5,1,17,23,2,9,1,1,C03,7,9,4,8,2,11,,23,23,1,22,8,C03,120.721409,24.270706,2
2022,6,15,9,35,臺中市,北屯區,0,1,0,6,1,5,30,14,9,1,4,4,5,7,4,4,10,5,5,2,17,23,2,8,1,1,C03,7,15,1,10,2,14,,23,23,1,5,8,C03,120.718666,24.177023,2
2022,6,15,9,46,臺中市,北屯區,0,0,0,8,,,80,,,,,,,,,,,,,,,23,,,,,B02,,,1,,11,,,23,23,1,22,,B02,120.68847,24.201012,3
2022,6,15,9,55,臺中市,北區,0,0,0,8,,,50,,,,,,,,,,,,,,,23,,,,,B03,,,1,,1,,,23,23,1,5,,B03,120.685446,24.166388,3
2022,6,15,9,59,臺中市,北屯區,0,2,0,6,1,5,30,4,1,1,4,4,5,7,3,1,10,5,5,2,15,6,2,9,1,1,C03,7,9,1,10,2,12,,6,6,1,22,8,C03,120.689667,24.188241,2
2022,6,15,10,0,臺中市,烏日區,0,0,0,8,,,50,,,,,,,,,,,,,,,23,,,,,B03,,,1,,2,,,23,23,1,21,,B03,120.650544,24.106749,3
2022,6,15,10,2,臺中市,豐原區,0,0,0,6,,,50,,,,,,,,,,,,,,,23,,,,,B03,,,1,,2,,,23,23,1,22,,B03,120.72173,24.236571,3
2022,6,15,10,5,臺中市,太平區,0,0,0,8,,,30,,,,,,,,,,,,,,,23,,,,,C03,,,1,,2,,,23,23,1,21,,C03,120.729228,24.106718,3
2022,6,15,10,9,臺中市,南屯區,0,0,0,6,,,30,,,,,,,,,,,,,,,12,,,,,B12,,,1,,1,,,12,12,1,4,,B12,120.621906,24.136131,4
2022,6,15,10,10,臺中市,清水區,0,0,0,8,,,40,,,,,,,,,,,,,,,12,,,,,B12,,,1,,1,,,12,12,1,20,,B12,120.568748,24.273236,3
2022,6,15,10,16,臺中市,中區,0,2,0,8,1,5,50,4,2,1,5,4,5,7,1,1,5,4,4,2,17,26,2,9,3,4,C03,7,6,1,10,2,11,,26,26,1,22,5,C03,120.679878,24.146234,2
2022,6,15,10,16,臺中市,清水區,0,0,0,8,,,50,,,,,,,,,,,,,,,19,,,,,B03,,,1,,1,,,19,19,1,21,,B03,120.575101,24.270525,3
2022,6,15,10,16,臺中市,大甲區,0,1,0,8,1,5,50,14,9,1,5,4,5,7,4,4,5,5,5,2,9,36,3,10,1,1,A02,7,12,1,2,2,15,,36,36,1,10,4,A02,120.626964,24.345134,2
2022,6,15,10,25,臺中市,大雅區,0,0,0,8,,,50,,,,,,,,,,,,,,,23,,,,,B03,,,1,,2,,,23,23,1,22,,B03,120.615235,24.220095,3
2022,6,15,10,26,臺中市,沙鹿區,0,2,0,7,1,5,50,3,2,1,5,4,5,7,4,4,5,5,5,2,6,54,2,7,4,5,H01,8,18,8,20,10,16,,54,54,1,14,9,H01,120.567472,24.229483,2
2022,6,15,10,31,臺中市,西屯區,0,1,0,8,1,5,35,14,9,1,5,4,5,7,4,4,10,5,5,2,20,42,2,9,3,4,C03,7,9,1,10,3,14,,42,42,1,22,8,C03,120.629719,24.176743,2
2022,6,15,10,32,臺中市,西屯區,0,2,0,7,1,5,50,3,1,1,5,4,5,7,4,4,5,5,5,2,13,16,2,9,1,1,C03,7,9,1,10,2,11,,16,16,1,22,8,C03,120.648683,24.167983,2
2022,6,15,10,46,臺中市,南屯區,0,2,0,7,1,5,30,4,1,1,5,4,5,7,4,4,5,5,5,2,15,6,2,9,1,1,C03,7,9,1,10,2,11,,6,6,1,22,8,C03,120.642699,24.145641,2
2022,6,15,10,49,臺中市,大雅區,0,0,0,8,,,50,,,,,,,,,,,,,,,16,,,,,C03,,,1,,2,,,16,16,1,22,,C03,120.654072,24.233623,3
2022,6,15,10,50,臺中市,大肚區,0,0,0,,,,30,,,,,,,,,,,,,,,12,,,,,A41,,,1,,2,,,12,12,1,4,,A41,120.555654,24.118347,3
2022,6,15,11,6,臺中市,西區,0,0,0,8,,,50,,,,,,,,,,,,,,,42,,,,,B03,,,1,,1,,,42,42,1,21,,B03,120.657783,24.140136,3
2022,6,15,11,7,臺中市,北屯區,0,0,0,6,1,5,50,3,1,1,5,4,5,7,4,4,5,5,4,2,11,23,3,10,1,1,B11,7,9,1,8,11,4,,23,23,1,22,8,B11,120.689102,24.180934,3
2022,6,15,11,24,臺中市,大雅區,0,1,0,8,1,5,50,14,9,1,5,4,5,7,4,4,5,4,4,1,17,7,2,9,1,1,C03,7,7,1,10,2,13,,7,7,1,22,9,C03,120.649799,24.222012,2
2022,6,15,11,35,臺中市,梧棲區,0,1,0,8,1,5,50,4,1,1,5,4,5,7,4,4,10,5,5,2,15,6,3,10,1,1,B12,7,9,1,8,2,6,,6,6,1,22,8,B12,120.535718,24.244472,2
2022,6,15,11,40,臺中市,沙鹿區,0,0,0,,,,50,,,,,,,,,,,,,,,6,,,,,C03,,,1,,2,,,6,6,1,4,,C03,120.566621,24.23621,3
2022,6,15,11,41,臺中市,大雅區,0,2,0,8,1,5,50,3,1,1,5,4,5,7,3,1,9,4,5,1,17,6,2,8,1,1,C03,7,5,1,10,2,11,,6,6,1,22,9,C03,120.623993,24.233968,2
2022,6,15,11,45,臺中市,豐原區,0,2,0,7,1,5,30,4,1,1,4,4,5,7,1,1,10,5,5,2,15,25,2,9,1,1,F03,7,9,8,20,2,16,,25,25,1,22,8,F03,120.712021,24.245163,2
2022,6,15,11,46,臺中市,南區,0,0,0,,,,50,,,,,,,,,,,,,,,23,,,,,B03,,,1,,2,,,23,23,1,5,,B03,120.668661,24.114916,3
2022,6,15,11,47,臺中市,北區,0,0,0,8,,,50,,,,,,,,,,,,,,,23,,,,,C03,,,1,,1,,,23,23,1,22,,C03,120.685165,24.16491,3
2022,6,15,11,49,臺中市,大肚區,0,1,0,8,1,5,60,3,1,1,5,4,5,7,1,1,10,5,5,2,16,26,3,10,1,1,B12,7,5,1,8,2,4,,26,26,1,21,8,B12,120.543268,24.162487,2
2022,6,15,11,52,臺中市,東區,0,0,0,,,,50,,,,,,,,,,,,,,,25,,,,,C03,,,1,,2,,,25,25,1,22,,C03,120.684188,24.126361,3
2022,6,15,11,53,臺中市,南屯區,0,0,0,8,,,50,,,,,,,,,,,,,,,23,,,,,B12,,,1,,1,,,23,23,1,22,,B12,120.6475,24.137157,3
2022,6,15,11,56,臺中市,烏日區,0,0,0,8,,,50,,,,,,,,,,,,,,,26,,,,,C03,,,1,,2,,,26,26,1,5,,C03,120.621051,24.106616,3
2022,6,15,12,5,臺中市,西區,0,1,0,8,1,5,40,5,1,1,5,4,5,7,1,1,10,5,5,2,16,7,2,9,1,1,C03,7,8,1,10,2,12,,7,7,1,4,5,C03,120.669673,24.150805,2
2022,6,15,12,22,臺中市,西屯區,0,1,0,8,1,5,40,14,8,1,5,4,5,7,4,4,1,4,4,2,16,19,3,10,1,1,C03,7,1,1,10,2,14,,19,19,1,4,8,C03,120.640723,24.159898,2
2022,6,15,12,26,臺中市,豐原區,0,0,0,,,,30,,,,,,,,,,,,,,,23,,,,,B03,,,1,,11,,,23,23,1,22,,B03,120.727066,24.244113,3
2022,6,15,12,28,臺中市,神岡區,0,0,0,8,,,50,,,,,,,,,,,,,,,23,,,,,B03,,,1,,1,,,23,23,1,22,,B03,120.664628,24.273282,3
2022,6,15,12,35,臺中市,東區,0,0,0,8,,,50,,,,,,,,,,,,,,,26,,,,,B03,,,1,,2,,,26,26,1,22,,B03,120.705588,24.137368,3
2022,6,15,12,40,臺中市,西屯區,0,1,0,8,1,5,50,4,1,1,5,4,5,7,4,4,9,5,5,2,16,6,3,10,1,1,B03,7,9,1,8,2,1,,6,6,1,12,8,B03,120.613854,24.194793,2
2022,6,15,12,40,臺中市,沙鹿區,0,1,0,7,1,5,40,14,8,1,4,4,5,7,4,4,1,4,4,2,17,40,3,10,2,1,B02,7,13,1,8,2,4,,40,40,1,4,9,B02,120.556473,24.221613,2
2022,6,15,12,41,臺中市,西屯區,0,1,0,8,1,5,30,4,2,1,5,4,5,7,4,4,10,5,5,2,17,6,2,9,1,1,C03,7,9,1,10,2,11,,6,6,1,22,8,C03,120.660149,24.19621,2
2022,6,15,12,45,臺中市,北屯區,0,2,0,6,1,5,40,4,1,1,4,4,5,7,3,1,10,5,5,2,16,19,2,9,1,1,C03,7,1,1,10,2,14,,19,19,1,22,8,C03,120.73326,24.164798,2
2022,6,15,12,45,臺中市,大里區,0,1,0,8,1,5,50,14,9,1,5,4,5,7,4,4,5,4,5,1,12,7,2,9,1,1,C03,7,7,1,10,2,14,,7,7,1,22,8,C03,120.674612,24.112418,2
2022,6,15,12,50,臺中市,神岡區,0,1,0,7,1,5,30,4,1,1,5,4,5,7,4,4,10,5,5,1,16,4,2,9,1,1,C03,7,6,1,10,2,12,,4,4,1,21,8,C03,120.662001,24.273123,2
2022,6,15,13,2,臺中市,霧峰區,0,0,0,8,,,30,,,,,,,,,,,,,,,23,,,,,C03,,,1,,2,,,23,23,1,12,,C03,120.68137,24.06209,3
2022,6,15,13,18,臺中市,北屯區,0,1,0,7,1,5,50,4,1,1,5,4,5,7,1,1,10,5,5,2,16,6,2,9,1,1,C03,7,5,1,10,2,13,,6,6,1,21,8,C03,120.682282,24.18557,2
2022,6,15,13,22,臺中市,太平區,0,0,0,8,,,40,,,,,,,,,,,,,,,23,,,,,B12,,,1,,1,,,23,23,1,21,,B12,120.709914,24.134836,3
2022,6,15,13,30,臺中市,清水區,0,0,0,6,,,30,,,,,,,,,,,,,,,23,,,,,B03,,,1,,2,,,23,23,1,21,,B03,120.545592,24.263329,3
2022,6,15,13,34,臺中市,北屯區,0,0,0,8,,,50,,,,,,,,,,,,,,,26,,,,,B03,,,1,,1,,,26,26,1,22,,B03,120.687688,24.171925,3
2022,6,15,13,39,臺中市,太平區,0,0,0,,,,30,,,,,,,,,,,,,,,12,,,,,B12,,,1,,11,,,12,12,1,3,,B12,120.716935,24.139064,3
2022,6,15,13,40,臺中市,烏日區,0,1,0,8,1,5,50,14,7,1,5,4,5,7,4,4,5,5,4,2,17,26,3,10,1,1,B03,7,11,1,8,2,7,,26,26,1,21,8,B03,120.646739,24.094575,2
2022,6,15,13,43,臺中市,梧棲區,0,1,0,6,1,5,50,3,2,1,4,4,5,7,1,1,1,4,5,1,13,23,3,10,1,1,B03,7,9,1,8,2,5,,23,23,1,5,8,B03,120.531615,24.260507,2
2022,6,15,13,45,臺中市,北區,0,0,0,,,,50,,,,,,,,,,,,,,,19,,,,,B02,,,1,,11,,,19,19,1,22,,B02,120.679226,24.172443,3
2022,6,15,14,0,臺中市,北屯區,0,0,0,8,,,80,,,,,,,,,,,,,,,43,,,,,B03,,,1,,1,,,43,43,1,4,,B03,120.721088,24.175163,3
2022,6,15,14,4,臺中市,梧棲區,0,0,0,6,,,50,,,,,,,,,,,,,,,12,,,,,A12,,,1,,2,,,12,12,1,10,,A12,120.532029,24.261833,3
2022,6,15,14,5,臺中市,西區,0,1,0,8,1,5,50,4,1,1,5,4,5,7,1,1,10,5,5,2,12,6,3,10,1,1,B03,7,6,1,8,2,5,,6,6,1,22,9,B03,120.669878,24.147299,2
2022,6,15,14,8,臺中市,神岡區,0,0,0,6,,,50,,,,,,,,,,,,,,,19,,,,,B03,,,1,,2,,,19,19,1,22,,B03,120.70134,24.263074,3
2022,6,15,14,15,臺中市,西區,0,1,0,8,1,5,50,4,1,1,5,4,5,7,1,1,10,5,5,2,18,42,2,9,1,1,C03,7,9,1,10,2,12,,42,42,1,4,5,C03,120.663215,24.163311,2
2022,6,15,14,18,臺中市,大雅區,0,2,0,8,1,5,50,14,9,1,5,4,5,7,4,4,5,4,4,2,17,19,2,9,1,1,C03,7,1,1,10,2,14,,19,19,1,22,9,C03,120.653473,24.218922,2
2022,6,15,14,30,臺中市,潭子區,0,2,0,8,1,5,50,3,1,1,5,4,5,7,3,1,1,4,4,1,13,23,2,9,1,1,C03,7,9,6,18,2,11,,23,23,1,22,9,C03,120.687438,24.216251,2
2022,6,15,14,34,臺中市,神岡區,0,1,0,8,1,5,50,4,1,1,5,4,5,7,1,1,5,5,4,2,16,25,3,10,1,1,B12,7,9,1,8,2,2,,25,25,1,21,8,B12,120.685341,24.251005,2
2022,6,15,14,35,臺中市,南屯區,0,0,0,8,1,5,50,4,1,1,5,4,5,7,1,1,10,5,5,2,12,6,3,10,1,1,B03,7,6,1,8,2,5,,6,6,1,22,,B03,120.640839,24.141282,3
2022,6,15,14,39,臺中市,西區,0,1,0,8,1,5,50,4,1,1,5,4,5,7,1,1,10,5,5,2,13,23,3,10,1,1,B03,7,9,1,8,2,1,,23,23,1,22,9,B03,120.664161,24.13927,2
2022,6,15,14,39,臺中市,東區,0,0,0,,,,50,,,,,,,,,,,,,,,16,,,,,C04,,,1,,2,,,16,16,1,5,,C04,120.690221,24.124808,3
2022,6,15,14,41,臺中市,豐原區,0,0,0,8,,,40,,,,,,,,,,,,,,,12,,,,,B03,,,1,,2,,,12,12,1,22,,B03,120.740541,24.268128,3
2022,6,15,14,45,臺中市,大里區,0,0,0,8,,,70,,,,,,,,,,,,,,,17,,,,,B03,,,1,,2,,,17,17,1,22,,B03,120.667394,24.097325,3
2022,6,15,14,55,臺中市,大里區,0,1,0,8,1,5,50,14,9,1,5,4,5,7,4,4,9,4,5,1,16,19,3,10,3,4,B03,7,1,1,8,2,8,,19,19,1,22,8,B03,120.687009,24.109874,2
2022,6,15,15,0,臺中市,中區,0,1,0,8,1,5,50,4,1,1,5,4,5,7,1,1,10,5,5,2,16,6,3,10,1,1,B03,7,5,1,8,2,1,,6,6,1,4,5,B03,120.678307,24.139316,2
2022,6,15,15,1,臺中市,烏日區,0,0,0,8,,,50,,,,,,,,,,,,,,,23,,,,,B03,,,1,,2,,,23,23,1,5,,B03,120.616728,24.106023,3
2022,6,15,15,7,臺中市,西屯區,0,1,0,8,1,5,40,3,1,1,5,4,5,7,1,1,10,5,5,2,16,6,3,10,1,1,B03,7,6,1,8,2,2,,6,6,1,4,8,B03,120.616522,24.182684,2
2022,6,15,15,8,臺中市,沙鹿區,0,1,0,8,1,5,50,4,1,1,5,4,5,7,3,1,10,5,5,2,17,10,3,10,3,4,B03,7,11,3,18,9,1,,10,10,2,22,9,B03,120.563124,24.237496,2
2022,6,15,15,9,臺中市,石岡區,0,0,0,8,,,70,,,,,,,,,,,,,,,23,,,,,B03,,,1,,2,,,23,23,1,22,,B03,120.790123,24.273371,3
2022,6,15,15,27,臺中市,大里區,0,2,0,8,1,5,60,3,1,1,5,4,5,6,4,4,10,4,4,1,16,8,2,9,1,1,B12,7,5,1,8,2,2,,8,8,1,22,8,B12,120.688211,24.081615,2
2022,6,15,15,30,臺中市,東區,0,1,0,8,1,5,50,14,9,1,5,4,5,7,4,4,10,5,5,2,14,12,3,10,1,1,B03,7,2,1,8,2,3,,12,12,1,3,8,B03,120.694441,24.147194,2
2022,6,15,15,31,臺中市,大甲區,0,1,0,7,1,5,50,14,9,1,4,4,5,7,4,4,9,5,5,1,18,42,2,9,1,1,C03,7,9,1,10,2,14,,42,42,1,5,8,C03,120.63584,24.39305,2
2022,6,15,15,41,臺中市,西屯區,0,0,0,8,,,50,,,,,,,,,,,,,,,23,,,,,B03,,,1,,1,,,23,23,1,22,,B03,120.657119,24.162505,3
2022,6,15,15,48,臺中市,大雅區,0,0,0,8,,,50,,,,,,,,,,,,,,,12,,,,,B03,,,1,,2,,,12,12,1,22,,B03,120.65481,24.234695,3
2022,6,15,15,52,臺中市,東區,0,0,0,7,1,5,50,3,1,1,5,4,5,7,4,4,10,5,5,2,16,23,3,10,1,1,C03,7,5,1,10,7,11,,23,23,1,21,8,C03,120.69257,24.142271,3
2022,6,15,16,4,臺中市,北區,0,3,0,8,1,5,40,4,1,1,5,4,5,7,4,4,10,5,5,2,16,6,2,9,3,4,C03,7,9,1,10,2,12,,6,6,1,5,8,C03,120.677625,24.168596,2
2022,6,15,16,5,臺中市,西屯區,0,1,0,7,1,5,50,4,1,1,5,4,5,7,1,1,4,3,5,2,12,6,3,10,1,1,B12,7,5,1,8,2,8,,6,6,1,22,8,B12,120.636915,24.181518,2
2022,6,15,16,10,臺中市,烏日區,0,1,0,8,1,5,50,4,1,1,5,4,5,7,2,1,5,4,4,2,16,6,3,10,1,1,C03,7,5,1,10,2,14,,6,6,1,21,8,C03,120.641759,24.108973,2
2022,6,15,16,16,臺中市,南屯區,0,0,0,8,,,50,,,,,,,,,,,,,,,12,,,,,B03,,,1,,1,,,12,12,1,22,,B03,120.63836,24.148867,3
2022,6,15,16,27,臺中市,梧棲區,0,1,0,8,1,5,60,14,7,1,5,4,1,7,4,4,1,4,5,1,13,16,3,10,1,1,B03,7,9,1,8,2,1,,16,16,1,3,8,B03,120.558099,24.241899,2
2022,6,15,16,30,臺中市,南屯區,0,0,0,8,,,50,,,,,,,,,,,,,,,12,,,,,A41,,,1,,2,,,12,12,1,22,,A41,120.620555,24.125833,3
2022,6,15,16,35,臺中市,西區,0,1,0,8,1,5,50,4,1,1,5,4,5,7,1,1,10,5,5,2,12,7,2,9,1,1,C03,7,8,1,10,2,12,,7,7,1,22,9,C03,120.674312,24.14279,2
2022,6,15,16,40,臺中市,北屯區,0,0,0,8,,,50,,,,,,,,,,,,,,,17,,,,,C03,,,1,,2,,,17,17,1,21,,C03,120.694045,24.163923,3
2022,6,15,16,42,臺中市,太平區,0,1,0,8,1,5,50,14,7,1,5,4,5,7,4,4,5,4,4,1,17,19,3,10,1,1,B03,7,1,1,8,2,8,,19,19,1,22,8,B03,120.719746,24.156078,2
2022,6,15,16,47,臺中市,北屯區,0,2,0,6,1,5,50,3,1,1,4,4,5,7,4,4,5,4,5,2,16,5,2,8,1,1,C03,7,6,1,10,2,12,,5,5,1,21,8,C03,120.701028,24.170041,2
2022,6,15,16,50,臺中市,西區,0,1,0,6,1,5,50,4,1,1,4,4,5,7,1,1,10,5,5,2,18,42,2,9,1,1,C03,7,9,1,10,2,14,,42,42,1,4,5,C03,120.653931,24.147749,2
2022,6,15,16,55,臺中市,后里區,0,1,0,8,1,5,50,14,9,1,5,2,1,7,1,1,9,5,5,1,18,23,2,9,1,1,F03,7,9,8,20,2,16,,23,23,1,21,1,F03,120.724401,24.309606,2
2022,6,15,17,0,臺中市,北屯區,0,1,0,6,1,5,50,14,9,1,4,4,5,7,4,4,1,4,5,2,29,43,2,9,1,1,C03,7,9,1,10,2,11,,43,43,1,21,8,C03,120.693284,24.163183,2
2022,6,15,17,0,臺中市,東勢區,0,0,0,8,,,50,,,,,,,,,,,,,,,12,,,,,B12,,,1,,2,,,12,12,1,22,,B12,120.829906,24.257607,3
2022,6,15,17,11,臺中市,南屯區,0,0,0,6,,,40,,,,,,,,,,,,,,,23,,,,,B12,,,1,,1,,,23,23,1,21,,B12,120.623579,24.149225,3
2022,6,15,17,11,臺中市,霧峰區,0,1,0,8,1,5,40,4,1,1,5,4,5,7,3,1,10,5,5,2,16,6,2,9,1,1,C03,7,5,1,10,2,11,,6,6,1,22,8,C03,120.66963,24.061525,2
2022,6,15,17,14,臺中市,大里區,0,0,0,6,,,30,,,,,,,,,,,,,,,23,,,,,C03,,,1,,2,,,23,23,1,22,,C03,120.707695,24.091368,3
2022,6,15,17,18,臺中市,西屯區,0,1,0,6,1,5,50,14,9,1,4,4,5,7,4,4,1,4,5,2,17,19,3,10,3,4,B03,7,1,1,15,1,6,,19,19,1,22,8,B03,120.646763,24.157594,2
2022,6,15,17,20,臺中市,北屯區,0,0,0,6,,,80,,,,,,,,,,,,,,,7,,,,,B03,,,1,,1,,,7,7,1,21,,B03,120.718846,24.163324,3
2022,6,15,17,21,臺中市,后里區,0,0,0,,,,50,,,,,,,,,,,,,,,16,,,,,B03,,,1,,1,,,16,16,1,22,,B03,120.723074,24.287771,3
2022,6,15,17,24,臺中市,太平區,0,2,0,8,3,5,50,14,9,1,5,4,5,7,4,4,5,5,5,2,16,26,3,10,1,1,B03,7,11,1,8,2,8,,26,26,1,21,8,B03,120.71513,24.105197,2
2022,6,15,17,29,臺中市,太平區,0,1,0,6,1,5,30,14,9,1,4,4,5,7,4,4,10,5,5,2,17,7,3,10,1,1,C03,7,7,1,10,2,15,,7,7,1,22,8,C03,120.701508,24.112383,2
2022,6,15,17,30,臺中市,西區,0,1,0,6,1,5,50,4,2,1,4,4,5,7,1,1,3,4,4,2,18,43,2,9,1,1,C03,7,9,1,10,2,15,,43,43,1,22,9,C03,120.657256,24.150888,2
2022,6,15,17,30,臺中市,大肚區,0,1,0,8,1,5,70,3,1,1,5,4,5,7,1,1,10,5,5,2,16,6,3,10,1,1,B03,7,5,1,8,2,1,,6,6,1,21,1,B03,120.549725,24.140385,2
2022,6,15,17,31,臺中市,北區,0,1,0,6,1,5,50,4,1,1,4,4,5,7,1,1,10,5,5,2,16,6,3,10,3,4,B03,7,5,1,8,2,2,,6,6,1,5,8,B03,120.686662,24.16309,2
2022,6,15,17,34,臺中市,北區,0,1,0,6,1,5,50,4,1,1,4,4,5,7,1,1,10,5,5,2,17,8,3,10,1,1,B03,7,5,1,8,2,8,,8,8,1,22,9,B03,120.680873,24.161366,2
2022,6,15,17,38,臺中市,西屯區,0,1,0,6,1,5,30,14,9,1,4,4,5,7,4,4,10,5,5,2,11,23,3,10,1,1,B03,7,9,1,8,2,8,,23,23,1,22,8,B03,120.653039,24.16809,2
2022,6,15,17,46,臺中市,沙鹿區,0,1,0,8,1,5,30,4,1,1,5,4,5,7,3,1,10,5,5,2,15,6,2,9,1,1,C03,7,9,1,10,2,11,,6,6,1,5,8,C03,120.57373,24.229068,2
2022,6,15,17,50,臺中市,烏日區,0,2,0,6,1,5,70,4,1,1,4,4,5,7,2,1,1,4,4,1,13,23,2,9,1,1,C03,7,9,1,10,2,11,,23,23,1,21,8,C03,120.603904,24.109671,2
2022,6,15,18,0,臺中市,西屯區,0,1,0,8,2,5,40,14,8,1,5,4,5,7,4,4,1,3,1,2,12,43,2,7,1,1,C03,7,9,4,8,1,14,,43,43,1,22,8,C03,120.648806,24.163342,2
2022,6,15,18,0,臺中市,大肚區,0,0,0,,,,70,,,,,,,,,,,,,,,23,,,,,B02,,,1,,2,,,23,23,1,21,,B02,120.549172,24.147346,3
2022,6,15,18,8,臺中市,大雅區,0,1,0,8,1,5,30,3,1,1,5,4,5,7,4,4,10,5,5,1,16,6,3,10,1,1,B03,7,6,1,8,2,4,,6,6,1,22,9,B03,120.62078,24.225508,2
2022,6,15,18,13,臺中市,潭子區,0,0,0,8,,,60,,,,,,,,,,,,,,,23,,,,,B03,,,1,,2,,,23,23,1,22,,B03,120.689709,24.223652,3
2022,6,15,18,13,臺中市,大雅區,0,0,0,8,,,30,,,,,,,,,,,,,,,19,,,,,B03,,,1,,2,,,19,19,1,22,,B03,120.662383,24.230197,3
2022,6,15,18,15,臺中市,南屯區,0,0,0,8,,,50,,,,,,,,,,,,,,,23,,,,,A12,,,1,,1,,,23,23,1,22,,A12,120.6125,24.154444,3
2022,6,15,18,27,臺中市,太平區,0,1,0,6,3,5,50,3,1,1,4,4,5,7,4,4,10,5,5,2,16,23,3,10,1,1,B03,7,5,1,8,2,8,,8,23,1,22,8,B03,120.719726,24.115334,2
2022,6,15,18,50,臺中市,豐原區,0,1,0,8,1,8,30,14,20,1,5,4,5,7,4,4,10,5,5,2,17,23,2,9,2,1,F01,7,9,8,20,2,16,,23,23,1,22,8,F01,120.72857,24.250413,2