年,月,日,時,分,縣市,區,死,受傷,2-30,天候,光線,道路類別,速限,道路型態,事故位置,路面鋪裝,路面狀態,路面缺陷,障礙物,視距,號誌種類,號誌動作,分向設施,快車道或一般車道間,快慢車道間,路面邊線,事故類型及型態,主要肇因,受傷程度,主要傷處,保護裝備,行動電話,當事者區分,車輛用途,當事者行動狀態,駕駛資格情形,駕駛執照種類,飲酒情形,車輛撞擊部位最初,車輛撞擊部位其他,肇事因素個別,肇事因素主要,肇事逃逸,職業,旅次目的,車種,GPS緯度,GPS經度,事故類別
2022,6,15,19,0,臺中市,太平區,0,1,0,6,3,5,50,4,1,1,4,4,5,7,3,1,5,5,5,2,18,14,2,9,1,1,C03,7,9,1,10,2,14,,14,14,1,21,8,C03,120.716545,24.126517,2
2022,6,15,19,14,臺中市,大雅區,0,1,0,8,3,5,50,14,7,1,5,4,5,7,1,1,1,4,4,2,13,23,3,10,1,1,B03,7,9,1,8,2,1,,23,23,1,22,9,B03,120.649664,24.213428,2
2022,6,15,19,14,臺中市,北屯區,0,1,0,8,3,5,50,14,9,1,5,4,5,7,4,4,1,4,5,2,13,23,2,8,1,1,C03,7,9,1,9,2,11,,23,23,1,21,8,C03,120.666791,24.180631,2
2022,6,15,19,14,臺中市,龍井區,0,2,0,8,3,5,40,4,1,1,5,4,5,7,2,1,3,5,1,2,3,23,2,8,3,4,C03,7,9,1,10,3,11,,23,23,1,22,9,C03,120.592967,24.182885,2
2022,6,15,19,17,臺中市,南屯區,0,2,0,8,3,5,50,14,9,1,5,4,5,7,1,1,5,2,5,2,12,26,2,9,1,1,C03,7,7,6,18,2,14,,26,26,1,22,8,C03,120.640677,24.1468,2
2022,6,15,19,23,臺中市,東勢區,0,1,0,8,2,5,60,3,2,1,5,4,5,7,1,1,4,3,4,1,16,26,2,9,1,1,C03,7,5,1,10,2,14,,26,26,1,22,9,C03,120.81103,24.281685,2
2022,6,15,19,35,臺中市,西區,0,0,0,8,3,5,50,14,7,1,5,4,5,7,4,4,4,4,4,2,13,16,,,,,B03,,,1,,1,,,16,16,1,22,,B03,120.66588,24.151902,3
2022,6,15,19,40,臺中市,北區,0,1,0,8,3,5,50,4,2,1,5,4,5,7,3,1,5,5,5,2,17,4,3,10,1,1,C03,7,5,1,10,2,12,,4,4,1,22,8,C03,120.69282,24.157221,2
2022,6,15,19,43,臺中市,中區,0,3,0,8,3,5,50,14,7,1,5,4,4,7,4,4,5,5,4,2,17,42,2,9,1,1,C03,7,9,1,10,2,11,,42,42,1,22,9,C03,120.676896,24.145618,2
2022,6,15,19,48,臺中市,北屯區,0,3,0,8,1,5,50,4,1,1,5,4,5,7,1,1,10,5,5,2,16,6,2,9,1,1,C03,7,6,1,10,2,12,,6,6,1,21,8,C03,120.696669,24.164922,2
2022,6,15,19,55,臺中市,中區,0,0,0,8,,,50,,,,,,,,,,,,,,,23,,,,,C03,,,1,,1,,,44,44,1,21,,C03,120.679921,24.146308,3
2022,6,15,20,1,臺中市,西屯區,0,1,0,8,3,5,30,14,9,1,5,4,5,7,4,4,10,5,5,2,16,43,2,9,3,4,C03,7,9,4,11,2,11,,43,43,1,22,8,C03,120.647883,24.181956,2
2022,6,15,20,10,臺中市,大里區,0,0,0,8,,,30,,,,,,,,,,,,,,,67,,,,,,,,,,,,,67,67,1,,,,120.732101,24.088413,3
2022,6,15,20,11,臺中市,北區,0,0,0,8,,,50,,,,,,,,,,,,,,,19,,,,,B03,,,1,,11,,,19,,1,21,,B03,120.678916,24.157257,3
2022,6,15,20,12,臺中市,西屯區,0,0,0,8,,,50,,,,,,,,,,,,,,,10,,,,,B03,,,1,,1,,,10,23,1,22,,B03,120.645411,24.17239,3
2022,6,15,20,16,臺中市,太平區,0,0,0,8,,,50,,,,,,,,,,,,,,,23,,,,,B03,,,1,,2,,,23,23,1,21,,B03,120.727811,24.141403,3
2022,6,15,20,25,臺中市,太平區,0,1,0,7,3,5,50,11,9,1,4,4,5,7,4,4,5,4,5,1,29,42,2,9,1,1,C03,7,9,3,18,2,14,,42,42,1,22,8,C03,120.734228,24.150414,2
2022,6,15,20,25,臺中市,烏日區,0,1,0,8,3,5,30,11,9,1,5,4,5,7,4,4,10,5,5,1,19,23,2,7,1,1,B03,7,5,1,8,2,1,,23,23,1,21,8,B03,120.589978,24.124278,2
2022,6,15,20,26,臺中市,南屯區,0,1,0,8,3,5,50,14,9,1,5,4,5,7,4,4,1,5,5,2,18,43,2,9,1,4,C03,7,9,1,10,2,15,,43,43,1,22,8,C03,120.647064,24.1476,2
2022,6,15,20,37,臺中市,北區,0,2,0,6,3,5,50,5,1,1,4,4,5,7,1,1,10,5,5,2,12,26,3,10,3,4,B03,7,6,1,8,2,5,,26,26,1,5,8,B03,120.685208,24.163093,2
2022,6,15,20,46,臺中市,北屯區,0,1,0,8,3,5,1,14,9,1,5,4,5,7,4,4,1,4,5,2,17,21,3,10,1,1,B03,7,1,1,8,7,8,,21,21,1,21,8,B03,120.682108,24.184953,2
2022,6,15,20,46,臺中市,烏日區,0,0,0,8,,,30,,,,,,,,,,,,,,,12,,,,,B03,,,1,,2,,,12,12,1,21,,B03,120.646031,24.096975,3
2022,6,15,21,1,臺中市,北區,0,2,0,8,3,5,50,4,1,1,5,4,5,7,2,1,10,5,5,2,17,4,2,9,1,1,C03,7,4,1,10,2,12,,4,4,1,22,8,C03,120.670493,24.165166,2
2022,6,15,21,4,臺中市,大里區,0,0,0,8,,,50,,,,,,,,,,,,,,,23,,,,,B02,,,1,,2,,,23,23,1,22,,B02,120.671183,24.102516,3
2022,6,15,21,10,臺中市,大雅區,0,0,0,8,,,30,,,,,,,,,,,,,,,6,,,,,C03,,,1,,2,,,6,6,1,22,,C03,120.64956,24.22413,3
2022,6,15,21,14,臺中市,北區,0,0,0,8,,,50,,,,,,,,,,,,,,,6,,,,,B03,,,1,,2,,,6,6,1,21,,B03,120.680996,24.153491,3
2022,6,15,21,20,臺中市,豐原區,0,0,0,8,,,30,,,,,,,,,,,,,,,12,,,,,B03,,,1,,2,,,12,12,1,21,,B03,120.724782,24.236653,3
2022,6,15,21,30,臺中市,豐原區,0,0,0,8,,,30,,,,,,,,,,,,,,,12,,,,,B03,,,1,,2,,,12,12,1,22,,B03,120.725388,24.236769,3
2022,6,15,21,36,臺中市,豐原區,0,1,0,8,3,5,50,4,1,1,5,4,5,7,1,1,4,5,5,1,17,25,3,10,1,1,B03,7,9,1,8,2,8,,25,25,1,4,5,B03,120.710358,24.251277,2
2022,6,15,21,37,臺中市,霧峰區,0,1,0,8,1,5,70,14,9,1,5,4,5,7,4,4,1,4,5,1,17,42,2,9,1,1,B03,7,9,1,8,2,8,,42,42,1,22,8,B03,120.683556,24.034616,2
2022,6,15,21,47,臺中市,北區,0,1,0,8,3,5,50,4,1,1,5,4,5,7,1,1,10,5,5,2,11,6,3,10,3,4,B03,7,5,1,8,2,2,,6,6,1,5,8,B03,120.664089,24.162142,2
2022,6,15,21,48,臺中市,北屯區,0,1,0,8,3,5,50,5,1,1,5,4,5,7,2,1,10,5,5,2,16,9,3,10,1,1,B03,7,6,1,8,2,2,,9,9,1,21,8,B03,120.686393,24.18883,2
2022,6,15,22,1,臺中市,大里區,0,1,0,8,3,5,50,4,1,1,5,4,5,7,2,1,10,5,5,2,17,1,2,9,1,1,C03,7,4,1,10,2,12,,1,1,1,5,5,C03,120.696495,24.085959,2
2022,6,15,22,31,臺中市,西屯區,0,0,0,8,,,50,,,,,,,,,,,,,,,23,,,,,B01,,,1,,1,,,23,16,1,22,,B01,120.644932,24.178799,3
2022,6,15,22,37,臺中市,大雅區,0,1,0,8,3,5,30,11,9,1,5,4,5,7,4,4,10,5,5,2,20,23,2,8,1,1,C03,7,9,6,10,7,11,,23,23,1,22,9,C03,120.646014,24.233144,2
2022,6,15,22,52,臺中市,北區,0,1,0,8,3,5,40,14,8,1,5,4,5,7,4,4,1,4,4,2,17,23,2,9,1,1,C03,7,9,1,10,2,11,,23,23,1,22,8,C03,120.66792,24.160159,2
2022,6,15,23,56,臺中市,豐原區,0,2,0,8,3,5,40,14,9,1,5,4,5,7,4,4,10,5,5,1,17,19,2,9,1,1,C03,7,1,3,18,2,14,,19,19,1,22,8,C03,120.755954,24.265178,2
2022,6,16,0,40,臺中市,北屯區,0,1,0,8,3,5,50,3,1,1,5,4,5,7,4,4,10,5,5,2,18,13,2,9,1,1,C03,7,9,1,10,2,14,,13,13,1,22,8,C03,120.710206,24.181408,2
2022,6,16,1,34,臺中市,南屯區,0,1,0,8,3,5,50,4,1,1,5,4,5,7,2,1,10,5,5,2,15,25,3,10,1,1,B02,7,9,1,8,2,1,,25,25,1,22,8,B02,120.641686,24.146869,2
2022,6,16,2,18,臺中市,東區,0,1,0,8,3,5,50,4,1,1,5,4,5,7,1,1,9,4,5,2,17,43,3,10,1,1,B03,7,5,1,8,2,1,,8,43,1,4,1,B03,120.70073,24.127431,2
2022,6,16,6,50,臺中市,大甲區,0,0,0,8,2,5,50,14,9,1,5,4,5,7,4,4,5,4,5,1,17,18,3,10,3,4,B03,7,3,1,8,1,2,,18,18,1,22,9,B03,120.653727,24.379437,3
2022,6,16,7,13,臺中市,龍井區,0,0,0,6,,,60,,,,,,,,,,,,,,,23,,,,,B03,,,1,,2,,,23,23,1,12,,B03,120.514045,24.198208,3
2022,6,16,7,17,臺中市,北屯區,0,0,0,8,,,50,,,,,,,,,,,,,,,7,,,,,C03,,,1,,1,,,7,7,1,21,,C03,120.7225,24.181944,3
2022,6,16,7,20,臺中市,西屯區,0,0,0,6,,,50,,,,,,,,,,,,,,,17,,,,,A31,,,1,,11,,,17,17,1,22,,A31,120.662314,24.200772,3
2022,6,16,7,20,臺中市,龍井區,0,1,0,6,1,5,50,14,9,1,4,4,5,7,4,4,9,4,5,1,16,10,3,10,1,1,C03,7,11,1,10,2,11,,10,10,1,12,8,C03,120.530653,24.179521,2
2022,6,16,7,20,臺中市,神岡區,0,1,0,6,1,5,40,14,8,1,4,4,5,7,4,4,9,5,4,1,17,42,2,9,1,1,C03,7,12,1,9,2,12,,42,42,1,22,9,C03,120.667286,24.257523,2
2022,6,16,7,22,臺中市,新社區,0,0,0,8,,,50,,,,,,,,,,,,,,,16,,,,,B12,,,3,,2,,,16,16,1,22,,B12,120.808091,24.252248,3
2022,6,16,7,40,臺中市,北區,1,0,0,7,1,5,50,4,18,1,5,4,5,7,2,1,10,5,5,2,3,15,3,10,1,1,B12,7,5,1,4,2,1,,15,15,1,5,8,B12,120.694122,24.161233,1
2022,6,16,7,40,臺中市,北區,0,2,0,8,1,5,50,3,1,1,5,4,5,7,1,1,10,5,5,2,16,25,2,8,1,1,C03,7,5,1,10,2,11,,25,25,1,22,8,C03,120.698722,24.153163,2
2022,6,16,7,41,臺中市,潭子區,0,0,0,8,,,50,,,,,,,,,,,,,,,26,,,,,B03,,,1,,2,,,44,23,1,22,,B03,120.699619,24.188629,3
2022,6,16,7,47,臺中市,南屯區,0,1,0,6,1,5,1,4,3,1,4,4,5,7,2,1,5,2,5,2,14,12,3,10,1,1,B03,7,2,1,8,2,3,,12,12,1,20,8,B03,120.633946,24.146191,2
2022,6,16,7,47,臺中市,南屯區,0,1,0,8,1,5,50,4,1,1,5,4,5,7,4,4,5,5,5,2,13,16,3,10,1,1,C03,7,9,1,10,2,11,,16,16,1,22,8,C03,120.638213,24.138736,2
2022,6,16,7,58,臺中市,豐原區,0,1,0,6,1,5,50,14,9,1,4,4,5,7,4,4,9,5,5,1,16,23,2,9,1,1,C03,7,9,1,10,2,14,,23,23,1,21,8,C03,120.733608,24.255908,2
2022,6,16,8,13,臺中市,霧峰區,0,1,0,8,1,5,30,3,9,1,5,4,5,7,4,4,10,5,5,1,16,8,3,10,1,1,B03,7,5,1,8,2,8,,8,8,1,22,8,B03,120.670805,24.07787,2
2022,6,16,8,14,臺中市,潭子區,0,2,0,7,1,5,50,3,2,1,5,4,5,7,4,4,5,5,5,1,3,23,2,6,1,1,C03,7,9,1,10,2,11,12,23,23,1,22,8,C03,120.706982,24.212475,2
2022,6,16,8,15,臺中市,豐原區,0,2,0,6,1,5,50,3,1,1,4,4,5,7,4,4,10,5,5,2,16,6,2,9,1,1,C03,7,5,1,10,2,12,,6,6,1,21,8,C03,120.716413,24.243451,2
2022,6,16,8,20,臺中市,大雅區,0,0,0,6,,,50,,,,,,,,,,,,,,,16,,,,,B12,,,1,,2,,,16,16,1,22,,B12,120.649301,24.221641,3
2022,6,16,8,22,臺中市,豐原區,0,1,0,6,1,5,40,14,8,1,4,4,5,7,4,4,3,3,3,1,17,23,2,8,3,4,C03,7,9,1,10,2,11,,23,23,1,22,8,C03,120.731002,24.258013,2
2022,6,16,8,39,臺中市,西區,0,1,0,8,1,5,50,4,1,1,5,4,5,7,1,1,10,5,5,2,16,6,3,10,1,1,B03,7,5,1,8,2,5,,6,6,1,2,9,B03,120.675356,24.136376,2
2022,6,16,8,42,臺中市,太平區,0,0,0,8,,,50,,,,,,,,,,,,,,,19,,,,,B03,,,1,,1,,,19,19,1,19,,B03,120.704701,24.148347,3
2022,6,16,8,45,臺中市,南屯區,0,0,0,,,,30,,,,,,,,,,,,,,,6,,,,,B03,,,1,,2,,,6,6,1,4,,B03,120.639306,24.137679,3
2022,6,16,8,50,臺中市,和平區,0,0,0,,,,30,,,,,,,,,,,,,,,42,,,,,A11,,,1,,1,,,42,42,1,10,,A11,121.259618,24.256981,3
2022,6,16,8,52,臺中市,北區,0,0,0,6,,,30,,,,,,,,,,,,,,,23,,,,,C03,,,1,,2,,,23,23,1,22,,C03,120.667779,24.156753,3
2022,6,16,8,52,臺中市,南屯區,0,0,0,,,,50,,,,,,,,,,,,,,,42,,,,,B03,,,1,,1,,,42,42,1,22,,B03,120.633102,24.14283,3
2022,6,16,8,55,臺中市,東勢區,0,0,0,8,,,40,,,,,,,,,,,,,,,12,,,,,B12,,,1,,2,,,12,12,1,22,,B12,120.837216,24.218604,3
2022,6,16,8,56,臺中市,梧棲區,0,1,0,8,1,5,50,4,1,1,5,4,5,7,1,1,10,5,5,2,18,42,2,9,3,4,C03,7,9,1,10,2,12,,42,42,1,22,8,C03,120.542642,24.219266,2
2022,6,16,8,57,臺中市,西區,0,0,0,8,,,50,,,,,,,,,,,,,,,9,,,,,B03,,,1,,2,,,9,9,1,4,,B03,120.655111,24.150869,3
2022,6,16,9,1,臺中市,西屯區,0,2,0,6,1,5,50,4,1,1,4,4,5,7,1,1,5,4,5,2,16,25,2,9,1,1,C03,7,9,1,10,2,11,,25,25,1,22,8,C03,120.637388,24.178973,2
2022,6,16,9,6,臺中市,南屯區,0,0,0,8,,,1,,,,,,,,,,,,,,,12,,,,,B03,,,1,,1,,,12,12,1,4,,B03,120.628409,24.145055,3
2022,6,16,9,6,臺中市,北屯區,0,1,0,8,1,5,50,3,2,1,5,4,5,7,4,4,10,5,5,2,16,6,3,10,1,1,C03,7,5,4,8,2,13,,6,6,1,5,8,C03,120.704078,24.179401,2
2022,6,16,9,6,臺中市,神岡區,0,1,0,6,1,5,50,3,1,1,4,4,5,7,1,1,5,4,4,2,12,19,3,10,1,1,B12,7,1,1,8,2,8,,19,19,1,22,8,B12,120.704411,24.261739,2
2022,6,16,9,12,臺中市,太平區,0,0,0,8,,,50,,,,,,,,,,,,,,,16,,,,,C03,,,1,,1,,,16,16,1,21,,C03,120.703648,24.111195,3
2022,6,16,9,27,臺中市,潭子區,0,0,0,8,,,60,,,,,,,,,,,,,,,16,,,,,B12,,,1,,2,,,16,16,1,22,,B12,120.706654,24.222218,3
2022,6,16,9,27,臺中市,南屯區,0,1,0,8,1,5,50,4,1,1,5,4,5,7,1,1,10,5,5,2,16,26,3,10,1,1,B03,7,6,1,8,2,2,,26,26,1,9,8,B03,120.615281,24.147923,2
2022,6,16,9,27,臺中市,豐原區,0,1,0,6,1,5,50,3,2,1,4,4,5,7,4,4,10,5,5,2,17,9,3,10,1,1,A02,7,6,1,2,2,2,,9,9,1,22,8,A02,120.71999,24.251714,2
2022,6,16,9,28,臺中市,大里區,0,1,0,8,1,5,50,4,2,1,5,4,5,7,1,1,5,5,5,1,16,11,2,9,3,4,C03,7,11,1,10,2,11,,11,11,1,22,9,C03,120.680143,24.095762,2
2022,6,16,9,31,臺中市,大里區,0,1,0,8,1,5,50,4,1,1,5,4,5,7,3,1,5,4,5,1,17,6,2,8,1,1,C03,7,9,1,10,2,11,,6,6,1,22,8,C03,120.691552,24.107752,2
2022,6,16,9,38,臺中市,清水區,0,0,0,8,1,5,60,14,9,1,5,4,5,7,1,1,1,4,5,1,13,23,3,10,1,1,A41,7,9,1,1,2,5,,23,23,1,5,1,A41,120.549115,24.281433,3
2022,6,16,9,41,臺中市,北屯區,0,0,0,8,,,30,,,,,,,,,,,,,,,16,,,,,B12,,,1,,1,,,16,16,1,22,,B12,120.756713,24.18039,3
2022,6,16,9,53,臺中市,太平區,0,1,0,8,1,5,50,4,1,1,5,4,5,7,1,1,10,5,5,2,15,6,3,10,1,1,B12,7,9,1,8,2,5,,6,6,1,21,8,B12,120.716506,24.145952,2
2022,6,16,9,55,臺中市,北屯區,0,0,0,8,,,40,,,,,,,,,,,,,,,43,,,,,,,,,,,,,43,43,1,,,,120.702145,24.184511,3
2022,6,16,9,55,臺中市,大里區,0,0,0,8,,,60,,,,,,,,,,,,,,,23,,,,,B03,,,1,,2,,,23,23,1,20,,B03,120.683882,24.10379,3
2022,6,16,9,58,臺中市,北屯區,0,1,0,8,1,5,50,4,9,1,5,4,5,7,1,1,1,4,5,2,13,26,2,9,1,1,C03,7,5,1,10,2,13,,26,26,1,22,8,C03,120.696,24.1679,2
2022,6,16,10,5,臺中市,北屯區,0,2,0,8,1,5,30,3,1,1,5,4,5,7,3,1,10,5,5,2,16,6,3,10,1,1,B03,7,5,1,8,2,1,,6,6,1,20,8,B03,120.68234,24.192123,2
2022,6,16,10,6,臺中市,西區,0,0,0,8,1,5,50,4,1,1,5,4,5,7,1,1,10,5,5,2,12,6,,,,,B03,,,1,,1,,,6,6,1,22,,B03,120.661673,24.150865,3
2022,6,16,10,6,臺中市,南屯區,0,1,0,8,1,5,50,14,9,1,5,4,5,7,4,4,1,4,5,2,16,7,3,10,1,1,B03,7,8,1,8,2,5,,7,7,1,22,8,B03,120.645363,24.140991,2
2022,6,16,10,9,臺中市,梧棲區,0,0,0,8,,,60,,,,,,,,,,,,,,,16,,,,,B03,,,1,,1,,,16,16,1,5,,B03,120.534824,24.246264,3
2022,6,16,10,16,臺中市,北屯區,0,1,0,8,1,5,50,14,9,1,5,4,5,7,4,4,1,4,5,2,13,16,3,10,1,1,B01,7,9,1,3,2,1,,16,16,1,5,8,B01,120.703033,24.164763,2
2022,6,16,10,18,臺中市,西屯區,0,1,0,8,1,5,40,4,1,1,5,4,5,7,1,1,5,5,4,2,17,8,2,9,3,4,C03,7,5,3,18,2,13,,8,8,1,22,8,C03,120.661406,24.165071,2
2022,6,16,10,19,臺中市,大雅區,0,1,0,8,1,5,30,11,9,1,5,4,5,7,4,4,10,5,5,2,11,5,2,9,1,1,C03,7,9,1,10,2,14,,5,5,1,22,9,C03,120.631116,24.237052,2
2022,6,16,10,22,臺中市,神岡區,0,0,0,8,,,50,,,,,,,,,,,,,,,16,,,,,C03,,,1,,1,,,16,16,1,22,,C03,120.68722,24.241,3
2022,6,16,10,23,臺中市,北區,0,0,0,8,,,50,,,,,,,,,,,,,,,23,,,,,B12,,,1,,2,,,23,23,1,22,,B12,120.685689,24.148235,3
2022,6,16,10,24,臺中市,東區,0,0,0,,,,50,,,,,,,,,,,,,,,6,,,,,B03,,,1,,2,,,23,6,1,22,,B03,120.702658,24.140663,3
2022,6,16,10,28,臺中市,北區,0,1,0,8,1,5,50,4,1,1,5,4,5,7,4,4,5,4,5,1,16,10,3,10,3,4,B12,7,11,1,8,2,4,,10,10,1,22,9,B12,120.682378,24.163945,2
2022,6,16,10,32,臺中市,梧棲區,0,0,0,8,,,,,,,,,,,,,,,,,,16,,,,,B03,,,,,,,,16,16,1,,,B03,120.54685,24.246169,3
2022,6,16,10,33,臺中市,南區,0,1,0,8,1,5,50,14,7,1,5,4,5,7,4,4,1,4,4,2,17,7,3,10,1,1,C03,7,8,1,10,2,13,,7,7,1,21,8,C03,120.654541,24.114408,2
2022,6,16,10,34,臺中市,南屯區,0,0,0,8,,,30,,,,,,,,,,,,,,,6,,,,,C03,,,1,,2,,,6,6,1,4,,C03,120.616394,24.153226,3
2022,6,16,10,38,臺中市,清水區,0,0,0,8,,,90,,,,,,,,,,,,,,,23,,,,,B02,,,1,,2,,,23,23,1,21,,B02,120.546454,24.27362,3
2022,6,16,10,40,臺中市,大里區,0,0,0,8,,,50,,,,,,,,,,,,,,,44,,,,,B03,,,1,,2,,,44,44,1,4,,B03,120.708691,24.085584,3
2022,6,16,10,42,臺中市,梧棲區,0,0,0,8,,,50,,,,,,,,,,,,,,,18,,,,,B12,,,1,,9,,,18,18,1,9,,B12,120.532285,24.255212,3
2022,6,16,10,45,臺中市,北屯區,0,0,0,,,,40,,,,,,,,,,,,,,,26,,,,,B12,,,1,,11,,,26,26,1,21,,B12,120.665201,24.183313,3
2022,6,16,10,46,臺中市,北屯區,0,1,0,8,1,5,50,14,9,1,5,4,5,7,4,4,5,4,5,2,12,19,3,10,1,1,C03,7,1,1,10,2,11,,19,19,1,22,8,C03,120.727395,24.177211,2
2022,6,16,11,0,臺中市,北屯區,0,2,0,8,1,5,50,4,1,1,5,4,5,7,1,1,10,5,5,2,16,26,2,9,1,1,C03,7,5,1,10,2,11,,26,26,1,4,8,C03,120.720953,24.169893,2
2022,6,16,11,19,臺中市,西區,0,1,0,8,1,5,50,3,1,1,5,4,5,7,4,4,10,5,5,2,16,6,3,10,1,1,B03,7,5,1,8,2,1,,6,6,1,4,5,B03,120.677376,24.134664,2
2022,6,16,11,23,臺中市,西區,0,0,0,8,1,5,50,14,9,1,5,4,5,7,4,4,5,2,5,2,12,23,,,,,B03,,,1,,1,,,23,23,1,4,,B03,120.666064,24.139418,3
2022,6,16,11,30,臺中市,南區,0,0,0,8,,,50,,,,,,,,,,,,,,,40,,,,,B03,,,1,,2,,,40,40,1,22,,B03,120.660073,24.12327,3
2022,6,16,11,33,臺中市,南區,0,0,0,,,,50,,,,,,,,,,,,,,,33,,,,,B03,,,1,,2,,,38,33,1,22,,B03,120.676405,24.130191,3
2022,6,16,11,34,臺中市,南區,0,1,0,8,1,5,50,4,1,1,5,4,5,7,2,1,10,5,5,2,18,23,2,9,1,1,C03,7,9,1,10,2,12,,23,23,1,21,8,C03,120.676208,24.132644,2
2022,6,16,11,39,臺中市,豐原區,0,1,0,8,1,5,30,11,9,1,5,4,5,7,4,4,10,5,5,2,11,17,3,10,1,1,B12,7,5,1,10,2,8,,17,17,1,5,3,B12,120.727774,24.23262,2
2022,6,16,11,40,臺中市,西區,0,1,0,8,1,5,50,4,2,1,5,4,5,7,1,1,5,4,4,2,13,23,2,9,1,1,C03,7,9,1,10,2,11,,23,23,1,4,5,C03,120.672716,24.135925,2
2022,6,16,11,40,臺中市,西屯區,0,0,0,8,,,50,,,,,,,,,,,,,,,1,,,,,B03,,,1,,1,,,1,1,1,22,,B03,120.664773,24.176865,3
2022,6,16,11,41,臺中市,大雅區,0,0,0,8,,,40,,,,,,,,,,,,,,,16,,,,,C03,,,1,,2,,,16,16,1,22,,C03,120.653179,24.221136,3
2022,6,16,11,42,臺中市,潭子區,0,0,0,8,,,30,,,,,,,,,,,,,,,23,,,,,B03,,,1,,2,,,23,23,1,22,,B03,120.699552,24.210922,3
2022,6,16,11,52,臺中市,烏日區,0,1,0,8,1,5,40,4,1,1,5,4,5,7,2,1,5,5,4,1,12,9,3,10,1,1,B12,7,6,1,7,2,5,,9,9,1,22,8,B12,120.649346,24.093588,2
2022,6,16,11,52,臺中市,豐原區,0,1,0,8,1,5,50,3,2,1,5,4,5,7,4,4,8,3,4,1,17,6,3,10,3,4,B12,7,5,1,8,2,15,,6,6,1,22,8,B12,120.728408,24.256705,2
2022,6,16,11,58,臺中市,南區,0,1,0,8,1,5,50,14,9,1,5,4,5,7,1,1,5,5,5,2,12,42,2,9,1,1,C03,7,15,1,10,2,14,,42,42,1,21,8,C03,120.668048,24.116469,2
2022,6,16,12,0,臺中市,大里區,0,0,0,8,,,50,,,,,,,,,,,,,,,26,,,,,B03,,,1,,2,,,26,26,1,12,,B03,120.690064,24.092694,3
2022,6,16,12,2,臺中市,霧峰區,0,3,0,8,1,5,50,4,2,1,5,4,5,7,4,4,9,5,4,1,16,7,2,9,1,1,C03,7,8,1,10,2,12,,7,7,1,22,8,C03,120.699763,24.073095,2
2022,6,16,12,4,臺中市,大甲區,0,0,0,,,,50,,,,,,,,,,,,,,,16,,,,,B03,,,1,,2,,,16,16,1,22,,B03,120.645684,24.405452,3
2022,6,16,12,8,臺中市,北區,0,0,0,8,,,40,,,,,,,,,,,,,,,23,,,,,C03,,,1,,1,,,23,23,1,22,,C03,120.681391,24.163152,3
2022,6,16,12,10,臺中市,西屯區,0,0,0,8,,,50,,,,,,,,,,,,,,,42,,,,,B03,,,1,,2,,,42,43,1,22,,B03,120.610814,24.170564,3
2022,6,16,12,11,臺中市,西屯區,0,1,0,8,1,5,50,14,9,1,5,4,5,7,4,4,9,5,5,2,17,42,2,9,3,4,C03,7,4,1,10,2,13,,42,42,1,22,8,C03,120.656831,24.170856,2
2022,6,16,12,21,臺中市,西屯區,0,1,0,8,1,5,50,3,1,1,5,4,5,7,2,1,5,4,4,1,17,42,2,9,1,1,C03,7,21,1,10,2,15,,42,42,1,1,9,C03,120.615374,24.183131,2
2022,6,16,12,29,臺中市,西區,0,1,0,8,1,5,50,4,1,1,5,4,5,7,1,1,10,5,5,2,16,25,2,9,1,1,C03,7,9,1,10,2,11,,25,25,1,18,9,C03,120.661849,24.154366,2
2022,6,16,12,38,臺中市,大甲區,0,4,0,8,1,5,50,4,1,1,5,4,5,7,4,4,10,5,5,2,15,6,2,9,1,1,B12,7,9,1,8,2,2,,6,6,1,10,4,B12,120.620697,24.37619,2
2022,6,16,12,54,臺中市,西屯區,0,0,0,8,,,40,,,,,,,,,,,,,,,23,,,,,B01,,,1,,2,,,23,23,1,22,,B01,120.635186,24.173073,3
2022,6,16,12,57,臺中市,烏日區,0,2,0,8,1,5,60,4,1,1,5,4,5,7,2,2,9,4,5,2,13,16,2,9,1,3,C03,7,9,2,18,2,11,,16,16,1,16,8,C03,120.589818,24.11347,2
2022,6,16,13,0,臺中市,大雅區,0,0,0,8,,,50,,,,,,,,,,,,,,,23,,,,,B03,,,1,,2,,,23,23,1,22,,B03,120.649795,24.213047,3
2022,6,16,13,2,臺中市,西區,0,0,0,8,1,5,50,14,9,1,5,4,5,7,4,4,5,2,5,2,12,23,,,,,B01,,,1,,2,,,23,23,1,10,,B01,120.662929,24.147786,3
2022,6,16,13,10,臺中市,大里區,0,0,0,8,,,50,,,,,,,,,,,,,,,23,,,,,B02,,,1,,2,,,23,23,1,22,,B02,120.694746,24.100013,3
2022,6,16,13,13,臺中市,北區,0,2,0,8,1,5,50,4,1,1,5,4,5,7,2,1,10,5,5,2,17,19,2,9,1,1,C03,7,1,1,10,2,14,,19,19,1,22,9,C03,120.689188,24.153046,2