年,月,日,時,分,縣市,區,死,受傷,2-30,天候,光線,道路類別,速限,道路型態,事故位置,路面鋪裝,路面狀態,路面缺陷,障礙物,視距,號誌種類,號誌動作,分向設施,快車道或一般車道間,快慢車道間,路面邊線,事故類型及型態,主要肇因,受傷程度,主要傷處,保護裝備,行動電話,當事者區分,車輛用途,當事者行動狀態,駕駛資格情形,駕駛執照種類,飲酒情形,車輛撞擊部位最初,車輛撞擊部位其他,肇事因素個別,肇事因素主要,肇事逃逸,職業,旅次目的,車種,GPS緯度,GPS經度,事故類別
2022,6,16,13,16,臺中市,太平區,0,1,0,8,1,5,30,14,9,1,5,4,5,7,4,4,10,5,5,2,13,23,2,8,1,1,C03,7,9,1,10,2,11,,23,23,1,21,8,C03,120.731268,24.106252,2
2022,6,16,13,19,臺中市,南區,0,0,0,8,,,50,,,,,,,,,,,,,,,23,,,,,B03,,,1,,2,,,23,23,1,22,,B03,120.650016,24.120941,3
2022,6,16,13,23,臺中市,西區,0,2,0,8,1,5,1,3,1,1,5,4,5,7,4,4,10,5,5,2,16,42,2,8,3,4,F01,7,5,8,20,2,16,,42,42,1,15,8,F01,120.663144,24.144309,2
2022,6,16,13,24,臺中市,大里區,0,1,0,8,1,5,50,4,2,1,5,4,5,7,1,1,5,4,4,1,13,23,3,10,3,4,B03,7,8,1,8,2,1,,23,23,1,22,8,B03,120.694948,24.112532,2
2022,6,16,13,31,臺中市,烏日區,0,0,0,8,,,60,,,,,,,,,,,,,,,9,,,,,B03,,,1,,2,,,9,9,1,5,,B03,120.614438,24.106691,3
2022,6,16,13,47,臺中市,太平區,0,1,0,8,1,5,50,14,7,1,5,4,5,7,4,4,5,4,4,2,16,19,2,9,1,1,C03,7,1,1,10,2,11,,19,19,1,22,8,C03,120.719986,24.130027,2
2022,6,16,13,53,臺中市,豐原區,0,0,0,8,,,50,,,,,,,,,,,,,,,6,,,,,B03,,,1,,2,,,6,6,1,21,,B03,120.716782,24.251785,3
2022,6,16,14,8,臺中市,西屯區,0,0,0,8,,,50,,,,,,,,,,,,,,,23,,,,,B03,,,1,,1,,,23,23,1,22,,B03,120.640803,24.16505,3
2022,6,16,14,9,臺中市,龍井區,0,0,0,8,,,30,,,,,,,,,,,,,,,12,,,,,B02,,,1,,2,,,12,12,1,18,,B02,120.58712,24.177965,3
2022,6,16,14,10,臺中市,北區,0,1,0,8,1,5,50,5,2,1,5,4,5,7,2,1,3,2,3,1,16,17,3,10,3,4,B12,7,9,3,18,2,2,,17,17,1,22,9,B12,120.693546,24.155611,2
2022,6,16,14,26,臺中市,北屯區,0,0,0,8,,,50,,,,,,,,,,,,,,,26,,,,,B03,,,1,,1,,,26,26,1,21,,B03,120.690735,24.162928,3
2022,6,16,15,4,臺中市,西區,0,3,0,8,1,5,50,14,9,1,5,4,5,7,4,4,5,4,5,2,13,23,2,9,1,1,B03,7,9,1,8,2,1,,23,23,1,4,7,B03,120.655586,24.151027,2
2022,6,16,15,25,臺中市,北屯區,0,0,0,8,,,50,,,,,,,,,,,,,,,16,,,,,B03,,,1,,1,,,16,16,1,21,,B03,120.6934,24.163593,3
2022,6,16,15,32,臺中市,西區,0,0,0,8,,,50,,,,,,,,,,,,,,,7,,,,,C03,,,1,,1,,,7,7,1,21,,C03,120.656204,24.15088,3
2022,6,16,15,45,臺中市,北屯區,0,0,0,6,,,30,,,,,,,,,,,,,,,6,,,,,B03,,,1,,1,,,6,6,1,22,,B03,120.693114,24.183751,3
2022,6,16,15,47,臺中市,南屯區,0,1,0,8,1,5,50,4,1,1,5,4,5,7,2,1,5,5,4,2,16,6,3,10,1,1,B03,7,6,1,8,2,5,,6,6,1,4,8,B03,120.646681,24.153613,2
2022,6,16,15,50,臺中市,后里區,0,0,0,8,1,5,50,14,9,1,5,4,3,7,4,4,5,5,4,2,16,19,,,,,B03,,,1,,2,,,19,19,1,22,,B03,120.711038,24.304671,3
2022,6,16,16,5,臺中市,北區,0,1,0,8,1,5,50,14,8,1,5,4,5,7,2,1,3,2,3,1,16,19,2,9,3,4,C03,7,1,3,18,2,11,,19,19,1,22,9,C03,120.668708,24.155886,2
2022,6,16,16,10,臺中市,西區,0,1,0,8,1,5,50,4,1,1,5,4,5,7,2,1,10,5,5,2,16,10,3,10,1,1,B03,7,11,1,8,2,4,,10,10,1,2,9,B03,120.670487,24.146146,2
2022,6,16,16,10,臺中市,北屯區,0,0,0,8,,,50,,,,,,,,,,,,,,,6,,,,,B03,,,1,,1,,,6,6,1,21,,B03,120.68384,24.19513,3
2022,6,16,16,11,臺中市,大雅區,0,0,0,8,,,50,,,,,,,,,,,,,,,12,,,,,B03,,,1,,2,,,12,12,1,22,,B03,120.649011,24.227892,3
2022,6,16,16,15,臺中市,后里區,0,0,0,8,,,30,,,,,,,,,,,,,,,5,,,,,B12,,,1,,2,,,5,5,1,21,,B12,120.731915,24.301456,3
2022,6,16,16,16,臺中市,太平區,0,0,0,8,,,40,,,,,,,,,,,,,,,23,,,,,B03,,,1,,2,,,23,23,1,2,,B03,120.710054,24.134851,3
2022,6,16,16,20,臺中市,清水區,0,0,0,8,,,40,,,,,,,,,,,,,,,10,,,,,B02,,,1,,2,,,10,10,1,22,,B02,120.578308,24.268504,3
2022,6,16,16,25,臺中市,北屯區,0,0,0,8,,,40,,,,,,,,,,,,,,,26,,,,,C03,,,3,,1,,,26,26,1,22,,C03,120.706206,24.165116,3
2022,6,16,16,25,臺中市,北屯區,0,2,0,8,1,5,50,4,1,1,5,4,5,7,2,1,5,5,5,2,16,44,2,9,1,1,C03,7,9,1,10,2,12,,23,44,1,21,8,C03,120.709916,24.180358,2
2022,6,16,16,26,臺中市,潭子區,0,1,0,8,1,5,50,3,2,1,5,4,5,7,4,4,5,4,4,2,17,23,2,9,1,1,C03,7,15,1,10,2,11,12,23,23,1,22,8,C03,120.692639,24.227716,2
2022,6,16,16,26,臺中市,大里區,0,1,0,8,1,5,50,3,1,1,5,4,5,7,1,1,10,5,5,2,17,43,3,10,1,1,C03,7,5,1,10,2,15,,43,43,1,21,5,C03,120.714352,24.096243,2
2022,6,16,16,27,臺中市,東區,0,0,0,8,,,50,,,,,,,,,,,,,,,23,,,,,C03,,,1,10,2,,,23,23,1,21,,C03,120.693282,24.13325,3
2022,6,16,16,30,臺中市,北屯區,0,0,0,8,,,30,,,,,,,,,,,,,,,12,,,,,B03,,,1,,11,,,12,12,1,22,,B03,120.68363,24.191542,3
2022,6,16,16,31,臺中市,西屯區,0,1,0,8,1,5,50,14,12,1,5,4,5,7,4,4,5,5,4,2,16,6,3,10,1,1,B03,7,5,1,8,2,2,,6,6,1,22,8,B03,120.66812,24.178132,2
2022,6,16,16,31,臺中市,沙鹿區,0,0,0,8,,,50,,,,,,,,,,,,,,,6,,,,,B03,,,1,,2,,,6,6,1,5,,B03,120.572333,24.260029,3
2022,6,16,16,33,臺中市,南屯區,0,0,0,,,,50,,,,,,,,,,,,,,,4,,,,,C04,,,1,,2,,,4,4,1,22,,C04,120.648911,24.153644,3
2022,6,16,16,35,臺中市,烏日區,0,0,0,8,,,60,,,,,,,,,,,,,,,7,,,,,C03,,,1,,2,,,7,7,1,21,,C03,120.636751,24.107381,3
2022,6,16,16,36,臺中市,南屯區,0,1,0,8,1,5,30,15,20,4,5,4,5,7,4,4,5,5,5,2,9,42,3,10,1,1,C03,7,9,6,10,11,14,,42,42,1,22,8,C03,120.644388,24.13488,2
2022,6,16,16,39,臺中市,西區,0,0,0,8,,,50,,,,,,,,,,,,,,,17,,,,,A04,,,1,,9,,,17,17,1,21,,A04,120.684735,24.139181,3
2022,6,16,16,44,臺中市,南區,0,1,0,8,1,5,50,14,7,1,5,4,5,7,4,4,5,4,4,2,13,16,2,9,1,1,C03,7,9,1,10,2,11,,16,16,1,21,8,C03,120.668093,24.114564,2
2022,6,16,17,6,臺中市,大里區,0,1,0,8,1,5,50,14,9,1,5,4,5,7,4,4,3,4,4,1,18,23,2,9,1,1,C03,7,9,1,10,2,11,,23,23,1,22,8,C03,120.69225,24.100345,2
2022,6,16,17,7,臺中市,大里區,0,0,0,8,,,30,,,,,,,,,,,,,,,43,,,,,C03,,,1,,2,,,43,43,1,5,,C03,120.692898,24.120418,3
2022,6,16,17,9,臺中市,北屯區,0,0,0,8,,,50,,,,,,,,,,,,,,,9,,,,,B03,,,1,,1,,,9,9,1,22,,B03,120.705703,24.164703,3
2022,6,16,17,13,臺中市,北區,0,0,0,8,,,50,,,,,,,,,,,,,,,23,,,,,B03,,,1,,1,,,23,23,1,5,,B03,120.684876,24.162392,3
2022,6,16,17,18,臺中市,大雅區,0,1,0,8,1,5,50,4,1,1,5,4,5,7,1,1,10,5,5,2,16,6,3,10,1,1,B12,7,5,1,8,2,2,,6,6,1,22,9,B12,120.649999,24.212778,2
2022,6,16,17,19,臺中市,霧峰區,0,1,0,8,1,5,50,5,1,1,5,4,5,7,1,1,10,5,5,2,16,9,3,10,1,1,B02,7,6,1,8,2,2,,9,9,1,22,8,B02,120.692926,24.072961,2
2022,6,16,17,21,臺中市,西屯區,0,1,0,8,1,5,50,4,9,1,5,4,5,7,4,4,5,5,5,2,12,7,3,10,3,4,B03,7,8,1,10,2,6,,7,7,1,22,8,B03,120.622279,24.174588,2
2022,6,16,17,22,臺中市,北區,0,0,0,8,,,40,,,,,,,,,,,,,,,23,,,,,B03,,,1,,2,,,23,23,1,21,,B03,120.678953,24.159,3
2022,6,16,17,22,臺中市,豐原區,0,1,0,8,1,5,50,4,1,1,5,4,5,7,2,1,3,5,5,2,3,23,3,10,1,1,B12,7,5,1,8,2,1,,23,23,1,22,8,B12,120.727601,24.264851,2
2022,6,16,17,25,臺中市,西區,0,0,0,8,,,40,,,,,,,,,,,,,,,23,,,,,B03,,,1,,1,,,23,23,1,21,,B03,120.659194,24.157716,3
2022,6,16,17,25,臺中市,西屯區,0,0,0,8,,,1,,,,,,,,,,,,,,,23,,,,,C03,,,1,,2,,,23,23,1,21,,C03,120.641242,24.17122,4
2022,6,16,17,27,臺中市,北區,0,0,0,8,,,40,,,,,,,,,,,,,,,23,,,,,B02,,,1,,1,,,23,23,1,22,,B02,120.684111,24.16285,3
2022,6,16,17,30,臺中市,北區,0,1,0,8,1,5,50,3,2,1,5,4,5,7,2,1,5,2,3,1,16,19,3,10,3,4,B03,7,1,1,8,2,4,,19,19,1,22,9,B03,120.676636,24.167014,2
2022,6,16,17,30,臺中市,西屯區,0,0,0,8,,,30,,,,,,,,,,,,,,,23,,,,,C03,,,1,,11,,,23,23,1,22,,C03,120.65466,24.169368,3
2022,6,16,17,37,臺中市,太平區,0,2,0,8,1,5,30,14,9,1,5,4,5,7,4,4,10,5,5,2,17,19,2,7,1,1,C03,7,1,1,10,2,11,,19,19,1,21,8,C03,120.73304,24.154578,2
2022,6,16,17,39,臺中市,清水區,0,0,0,8,,,50,,,,,,,,,,,,,,,12,,,,,B03,,,1,,2,,,12,12,1,21,,B03,120.571383,24.275531,3
2022,6,16,17,40,臺中市,大里區,0,1,0,8,2,5,30,4,1,1,5,4,5,7,4,4,10,5,5,2,16,6,2,9,1,1,C03,7,9,1,10,2,11,,6,6,1,5,8,C03,120.704757,24.1045,2
2022,6,16,17,40,臺中市,神岡區,0,0,0,8,,,50,,,,,,,,,,,,,,,16,,,,,C03,,,1,,1,,,16,16,1,12,,C03,120.687074,24.246997,3
2022,6,16,17,45,臺中市,北屯區,0,0,0,8,,,50,,,,,,,,,,,,,,,23,,,,,B03,,,1,,1,,,23,23,1,21,,B03,120.665321,24.200073,3
2022,6,16,17,46,臺中市,大里區,0,0,0,8,,,50,,,,,,,,,,,,,,,19,,,,,C03,,,1,,1,,,19,19,1,5,,C03,120.679545,24.112471,3
2022,6,16,17,47,臺中市,西區,0,0,0,8,,,50,,,,,,,,,,,,,,,23,,,,,B03,,,1,,1,,,23,23,1,22,,B03,120.657374,24.138932,3
2022,6,16,17,47,臺中市,北區,0,0,0,8,,,50,,,,,,,,,,,,,,,23,,,,,B03,,,1,,1,,,23,23,1,5,,B03,120.686922,24.155751,3
2022,6,16,17,49,臺中市,西區,0,0,0,8,3,5,50,14,9,1,5,4,3,7,4,4,5,4,5,2,17,23,,,,,A12,,,1,,1,,,23,23,1,10,,A12,120.680193,24.135415,3
2022,6,16,17,55,臺中市,沙鹿區,0,0,0,8,,,50,,,,,,,,,,,,,,,23,,,,,B03,,,1,,2,,,23,23,1,5,,B03,120.560231,24.239552,3
2022,6,16,18,0,臺中市,大雅區,0,1,0,8,2,5,50,14,9,1,5,4,5,7,4,4,5,5,5,1,12,1,3,10,1,1,C03,7,4,3,18,2,14,,1,1,1,22,9,C03,120.65741,24.24596,2
2022,6,16,18,3,臺中市,東區,0,1,0,8,1,5,50,3,1,1,5,4,5,7,4,4,10,5,5,2,18,23,2,9,1,1,C03,7,9,1,10,2,14,,23,23,1,22,8,C03,120.700137,24.132823,2
2022,6,16,18,3,臺中市,霧峰區,0,0,0,8,,,40,,,,,,,,,,,,,,,26,,,,,B03,,,1,,2,,,26,26,1,4,,B03,120.662944,24.063028,3
2022,6,16,18,5,臺中市,大里區,0,1,0,8,1,5,30,4,1,1,5,4,5,7,4,4,10,5,5,2,17,6,3,10,1,1,C03,7,5,1,10,2,11,,6,6,1,21,5,C03,120.709701,24.086348,2
2022,6,16,18,7,臺中市,霧峰區,0,1,0,8,1,5,50,14,7,1,5,4,5,7,1,1,5,5,4,2,17,23,2,9,1,1,C03,7,9,1,10,2,11,,23,23,1,22,8,C03,120.696781,24.062026,2
2022,6,16,18,11,臺中市,大雅區,0,0,0,8,,,50,,,,,,,,,,,,,,,23,,,,,B03,,,1,,2,,,23,23,1,22,,B03,120.63775,24.233637,3
2022,6,16,18,13,臺中市,大雅區,0,0,0,8,,,30,,,,,,,,,,,,,,,23,,,,,B03,,,1,,2,,,23,23,1,22,,B03,120.606328,24.222573,3
2022,6,16,18,19,臺中市,梧棲區,0,2,0,8,1,5,50,15,7,1,5,4,5,7,4,4,5,5,4,2,16,6,2,9,1,1,C03,7,6,1,9,2,14,,6,6,1,5,8,C03,120.531534,24.255478,2
2022,6,16,18,23,臺中市,南區,0,2,0,8,3,5,50,4,1,1,5,4,5,7,4,4,10,5,5,2,16,6,2,9,1,1,C03,7,5,1,10,2,12,,6,6,1,22,7,C03,120.653005,24.135752,2
2022,6,16,18,31,臺中市,西區,0,3,0,8,2,5,50,4,2,1,5,4,5,7,2,1,5,4,5,2,13,16,2,8,1,1,C03,7,9,1,10,2,11,,16,16,1,22,8,C03,120.657392,24.146715,2
2022,6,16,18,31,臺中市,北屯區,0,0,0,8,,,80,,,,,,,,,,,,,,,7,,,,,B03,,,1,,1,,,7,7,1,22,,B03,120.718925,24.163331,3
2022,6,16,18,31,臺中市,后里區,0,2,0,8,2,5,40,3,1,1,5,4,5,7,3,1,10,4,4,1,16,6,2,9,1,1,C03,7,11,1,10,2,14,,6,6,1,22,8,C03,120.722835,24.310441,2
2022,6,16,18,35,臺中市,西區,0,1,0,8,3,5,50,14,8,1,5,4,5,7,4,4,1,4,4,2,17,7,3,10,1,1,B03,7,8,1,8,2,1,,7,7,1,4,8,B03,120.667341,24.14124,2
2022,6,16,18,35,臺中市,北屯區,0,0,0,8,,,30,,,,,,,,,,,,,,,23,,,,,B03,,,1,,2,,,23,23,1,21,,B03,120.69928,24.172231,3
2022,6,16,18,36,臺中市,北區,0,0,0,,,,50,,,,,,,,,,,,,,,23,,,,,B03,,,1,,2,,,43,43,1,22,,B03,120.673485,24.164893,3
2022,6,16,18,45,臺中市,北屯區,0,0,0,8,,,50,,,,,,,,,,,,,,,43,,,,,A42,,,1,,2,,,43,43,1,22,,A42,120.711128,24.189383,3
2022,6,16,19,1,臺中市,太平區,0,0,0,8,,,50,,,,,,,,,,,,,,,9,,,,,B03,,,1,,2,,,9,9,1,22,,B03,120.730072,24.150366,3
2022,6,16,19,23,臺中市,北屯區,0,0,0,8,,,50,,,,,,,,,,,,,,,12,,,,,B03,,,1,,1,,,12,12,1,21,,B03,120.663121,24.189931,3
2022,6,16,19,26,臺中市,大安區,0,0,0,8,,,30,,,,,,,,,,,,,,,23,,,,,B03,,,1,,2,,,23,23,1,21,,B03,120.599558,24.396393,3
2022,6,16,19,35,臺中市,大里區,0,0,0,8,,,40,,,,,,,,,,,,,,,17,,,,,B03,,,1,,2,,,17,17,1,22,,B03,120.6937,24.121915,3
2022,6,16,19,40,臺中市,外埔區,0,2,0,7,3,5,50,14,13,1,5,4,5,6,4,4,9,5,4,1,2,23,2,9,1,1,C03,7,9,1,10,2,11,,23,23,1,22,9,C03,120.663137,24.322809,2
2022,6,16,19,50,臺中市,北區,0,2,0,8,1,5,50,4,2,1,5,4,5,7,2,1,10,5,5,2,17,43,2,7,1,1,C03,7,9,1,10,2,12,,43,43,1,22,8,C03,120.686048,24.146218,2
2022,6,16,19,58,臺中市,大雅區,0,0,0,8,,,50,,,,,,,,,,,,,,,25,,,,,B03,,,1,,2,,,25,25,1,22,,B03,120.65453,24.22738,3
2022,6,16,20,1,臺中市,北屯區,0,1,0,8,3,5,50,14,9,1,5,4,5,7,4,4,1,4,5,2,13,23,2,3,1,1,B03,7,9,1,8,2,1,,23,23,1,21,8,B03,120.692998,24.171456,2
2022,6,16,20,24,臺中市,大里區,0,0,0,8,,,,,,,,,,,,,,,,,,67,,,,,,,,,,,,,67,67,1,,,,120.68069,24.10482,3
2022,6,16,20,26,臺中市,后里區,0,1,0,8,3,5,40,14,9,1,5,4,5,7,4,4,10,5,5,2,18,43,2,9,1,1,C03,7,9,6,10,8,11,,43,43,1,22,8,C03,120.676972,24.313047,2
2022,6,16,20,27,臺中市,豐原區,0,1,0,8,3,5,50,5,1,1,5,4,5,7,1,1,10,5,5,2,16,6,3,10,1,1,B03,7,6,1,8,2,2,,6,6,1,22,8,B03,120.720273,24.240484,2
2022,6,16,20,28,臺中市,北區,0,0,0,8,,,50,,,,,,,,,,,,,,,23,,,,,B02,,,1,,1,,,23,23,1,21,,B02,120.672574,24.169607,3
2022,6,16,20,30,臺中市,北屯區,0,1,0,8,3,5,30,4,1,1,5,4,5,7,1,1,10,5,5,2,12,1,3,10,1,1,B03,7,9,3,18,2,2,,1,1,1,21,8,B03,120.671709,24.178327,2
2022,6,16,20,57,臺中市,烏日區,0,1,0,8,3,5,30,11,9,1,5,4,5,7,4,4,10,5,5,1,11,5,3,10,1,1,B03,7,9,1,8,2,8,,44,5,1,21,8,B03,120.636658,24.098059,2
2022,6,16,21,4,臺中市,豐原區,0,2,0,8,3,5,40,15,9,1,5,4,5,7,4,4,10,5,5,1,16,23,2,7,1,1,C03,7,9,1,10,2,12,,23,23,1,21,8,C03,120.752743,24.262623,2
2022,6,16,21,15,臺中市,大雅區,0,0,0,8,,,50,,,,,,,,,,,,,,,23,,,,,B03,,,1,,2,,,23,23,1,22,,B03,120.64662,24.229277,3
2022,6,16,21,23,臺中市,大里區,0,0,0,8,,,50,,,,,,,,,,,,,,,7,,,,,B03,,,1,,1,,,7,7,1,5,,B03,120.67467,24.097441,3
2022,6,16,21,36,臺中市,烏日區,0,0,0,8,,,60,,,,,,,,,,,,,,,9,,,,,C03,,,1,,2,,,9,9,1,21,,C03,120.641192,24.10859,3
2022,6,16,22,15,臺中市,南區,0,1,0,8,3,5,50,3,8,1,5,4,5,7,1,1,3,5,2,2,14,42,3,10,1,1,B12,7,2,1,8,2,7,,42,42,1,22,8,B12,120.671034,24.119158,2
2022,6,16,22,30,臺中市,梧棲區,0,1,0,8,1,5,40,14,8,1,5,4,5,7,4,4,1,4,1,1,18,23,2,9,3,4,C03,7,9,1,10,2,15,,23,23,1,22,8,C03,120.523973,24.221729,2
2022,6,16,22,40,臺中市,太平區,0,1,0,7,3,5,30,4,1,1,5,4,5,7,2,1,10,5,5,2,13,23,3,10,1,1,B03,7,9,1,8,2,5,,23,23,1,22,8,B03,120.734166,24.148333,2
2022,6,16,22,40,臺中市,龍井區,0,0,0,8,,,30,,,,,,,,,,,,,,,38,,,,,C03,,,1,,11,,,38,38,1,22,,C03,120.591849,24.181883,3
2022,6,16,22,46,臺中市,西屯區,0,2,0,8,1,5,50,14,9,1,5,4,5,7,4,4,5,4,5,2,16,23,3,10,1,1,B03,7,9,1,8,2,1,,23,23,1,22,5,B03,120.662441,24.165077,2
2022,6,16,23,34,臺中市,沙鹿區,0,2,0,8,3,5,50,4,1,1,5,4,5,7,4,4,9,5,4,2,16,6,3,10,1,1,B03,7,9,1,8,2,5,,6,6,1,4,8,B03,120.572031,24.219674,2
2022,6,16,23,45,臺中市,南屯區,0,1,0,7,3,5,50,4,1,1,5,4,5,7,3,1,10,5,5,2,16,6,3,10,3,4,B01,7,5,1,8,2,1,,6,6,1,22,8,B01,120.600715,24.139803,2
2022,6,16,23,55,臺中市,東區,0,1,0,7,3,5,50,3,1,1,5,4,5,7,4,4,10,5,5,2,16,8,3,10,1,1,B03,7,5,1,8,2,8,,8,8,1,22,8,B03,120.688166,24.14145,2
2022,6,17,0,5,臺中市,北屯區,0,1,0,8,3,5,50,14,9,1,5,4,5,7,4,4,5,5,5,2,17,23,2,8,1,1,C03,7,9,1,10,11,11,,23,23,1,21,8,C03,120.700062,24.183565,2
2022,6,17,0,8,臺中市,北區,0,0,0,8,,,50,,,,,,,,,,,,,,,6,,,,,B03,,,1,,2,,,6,6,1,22,,B03,120.67673,24.146203,3
2022,6,17,1,33,臺中市,豐原區,0,0,0,8,,,50,,,,,,,,,,,,,,,23,,,,,B03,,,1,,2,,,23,23,1,22,,B03,120.720786,24.261969,3
2022,6,17,6,16,臺中市,南屯區,0,0,0,8,,,50,,,,,,,,,,,,,,,42,,,,,C03,,,1,,11,,,42,42,2,20,,C03,120.643825,24.136466,3
2022,6,17,6,33,臺中市,霧峰區,0,0,0,8,,,50,,,,,,,,,,,,,,,23,,,,,B03,,,1,,2,,,23,23,1,22,,B03,120.6934,24.044545,3
2022,6,17,6,36,臺中市,梧棲區,0,1,0,8,1,5,50,4,1,1,5,4,5,7,3,1,10,5,5,2,15,6,2,9,1,1,C03,7,9,1,10,2,11,,6,6,1,20,8,C03,120.534774,24.257705,2
2022,6,17,6,44,臺中市,石岡區,0,0,0,8,,,50,,,,,,,,,,,,,,,23,,,,,B12,,,1,,2,,,23,23,1,22,,B12,120.814275,24.255948,3
2022,6,17,6,48,臺中市,北區,0,0,0,8,,,50,,,,,,,,,,,,,,,42,,,,,B12,,,1,,1,,,42,42,1,22,,B12,120.683986,24.164497,3
2022,6,17,6,48,臺中市,北區,0,1,0,8,1,5,30,4,1,1,5,4,5,7,4,4,10,5,5,2,16,6,3,10,1,1,B12,7,9,1,8,2,1,,6,6,1,22,8,B12,120.679227,24.152711,2
2022,6,17,6,52,臺中市,北屯區,0,1,0,8,1,5,40,4,1,1,5,4,5,7,2,1,10,5,5,2,13,13,2,9,3,4,C03,7,9,1,10,2,11,,13,13,1,21,8,C03,120.66065,24.191436,2
2022,6,17,7,11,臺中市,西屯區,0,0,0,8,,,40,,,,,,,,,,,,,,,17,,,,,B03,,,1,,11,,,17,17,1,22,,B03,120.641118,24.202112,3
2022,6,17,7,18,臺中市,清水區,0,1,0,8,2,5,50,4,1,1,5,4,5,7,1,3,10,5,5,2,16,8,3,10,1,1,C03,7,5,1,10,2,11,,8,8,1,5,5,C03,120.577156,24.273741,2
2022,6,17,7,20,臺中市,沙鹿區,0,1,0,8,1,5,50,4,9,1,5,4,5,7,1,1,4,1,5,1,12,8,2,8,1,1,C03,7,5,1,10,2,14,,8,8,1,3,8,C03,120.5522,24.215276,2
2022,6,17,7,21,臺中市,大甲區,0,0,0,8,,,70,,,,,,,,,,,,,,,42,,,,,B03,,,1,,1,,,42,42,1,19,,B03,120.64165,24.36614,3
2022,6,17,7,40,臺中市,西區,0,1,0,8,1,5,50,3,1,1,5,4,5,7,2,1,10,5,5,2,17,25,3,10,1,1,B03,7,9,1,8,2,1,,25,25,1,5,8,B03,120.661678,24.141244,2
2022,6,17,7,40,臺中市,南屯區,0,1,0,8,1,5,40,5,1,1,5,4,5,7,1,1,10,5,5,2,16,42,3,10,1,1,B03,7,6,1,8,2,2,,42,42,1,22,8,B03,120.612254,24.150463,2
2022,6,17,7,44,臺中市,潭子區,0,0,0,8,,,40,,,,,,,,,,,,,,,23,,,,,C03,,,1,,2,,,23,23,1,22,,C03,120.683556,24.216238,3
2022,6,17,7,45,臺中市,大雅區,0,1,0,8,1,5,50,14,9,1,5,4,5,7,4,4,5,5,5,2,16,10,3,10,1,1,C03,7,11,4,8,2,14,,10,10,1,22,9,C03,120.631468,24.241236,2
2022,6,17,7,45,臺中市,太平區,0,0,0,8,,,50,,,,,,,,,,,,,,,23,,,,,B03,,,1,,1,,,23,23,1,22,,B03,120.716316,24.133141,3
2022,6,17,7,49,臺中市,西屯區,0,2,0,8,1,5,50,14,9,1,5,4,5,7,4,4,5,2,5,2,13,16,2,9,1,1,C03,7,9,1,10,2,11,,16,16,1,4,8,C03,120.656208,24.192015,2
2022,6,17,7,49,臺中市,太平區,0,1,0,8,1,5,40,14,8,1,5,4,5,7,4,4,5,4,4,1,16,7,3,10,1,1,C03,7,7,1,10,2,15,,7,7,1,22,8,C03,120.725587,24.14975,2
2022,6,17,7,50,臺中市,霧峰區,0,0,0,8,,,40,,,,,,,,,,,,,,,12,,,,,B12,,,1,,2,,,12,12,1,4,,B12,120.661826,24.069947,3
2022,6,17,7,52,臺中市,西屯區,0,2,0,8,1,5,40,4,2,1,5,4,5,7,2,1,8,3,5,1,17,43,2,9,1,1,C03,7,9,1,10,2,11,,43,43,1,22,8,C03,120.656272,24.196249,2
2022,6,17,7,55,臺中市,清水區,0,1,0,8,1,5,30,11,9,1,5,4,5,1,4,4,10,5,5,1,11,13,3,10,1,1,B03,7,9,1,8,2,8,,13,13,1,22,8,B03,120.603946,24.303206,2
2022,6,17,7,57,臺中市,神岡區,0,1,0,8,1,5,50,3,1,1,5,4,5,7,1,1,5,4,4,1,16,8,3,10,1,1,C03,7,5,3,18,2,13,,8,8,1,22,8,C03,120.668273,24.257299,2
2022,6,17,7,59,臺中市,后里區,0,1,0,8,1,5,50,3,1,1,5,4,5,7,4,4,5,5,5,2,11,8,3,10,1,1,B12,7,5,1,8,2,1,,8,8,1,10,1,B12,120.683276,24.291995,2
2022,6,17,7,59,臺中市,豐原區,0,2,0,8,1,5,50,4,9,1,5,4,5,7,1,1,5,5,5,2,16,6,2,9,3,4,C03,7,5,3,18,2,12,,6,6,1,22,8,C03,120.717468,24.258142,2
2022,6,17,8,4,臺中市,中區,0,1,0,8,1,5,50,14,9,1,5,4,5,7,4,4,5,4,5,2,16,26,3,10,1,1,B03,7,11,1,8,4,4,,26,26,1,22,9,B03,120.679526,24.145944,2
2022,6,17,8,15,臺中市,大里區,0,0,0,8,,,50,,,,,,,,,,,,,,,26,,,,,B12,,,1,,2,,,44,26,1,22,,B12,120.691428,24.092178,3
2022,6,17,8,15,臺中市,太平區,0,0,0,8,,,50,,,,,,,,,,,,,,,16,,,,,B12,,,1,,1,,,16,16,1,9,,B12,120.721175,24.134243,3
2022,6,17,8,16,臺中市,大雅區,0,0,0,8,,,50,,,,,,,,,,,,,,,8,,,,,B12,,,1,,2,,,8,8,1,22,,B12,120.672764,24.215833,3