年,月,日,時,分,縣市,區,死,受傷,2-30,天候,光線,道路類別,速限,道路型態,事故位置,路面鋪裝,路面狀態,路面缺陷,障礙物,視距,號誌種類,號誌動作,分向設施,快車道或一般車道間,快慢車道間,路面邊線,事故類型及型態,主要肇因,受傷程度,主要傷處,保護裝備,行動電話,當事者區分,車輛用途,當事者行動狀態,駕駛資格情形,駕駛執照種類,飲酒情形,車輛撞擊部位最初,車輛撞擊部位其他,肇事因素個別,肇事因素主要,肇事逃逸,職業,旅次目的,車種,GPS緯度,GPS經度,事故類別
2022,6,17,8,18,臺中市,北區,0,0,0,8,,,50,,,,,,,,,,,,,,,23,,,,,B03,,,1,,2,,,23,23,1,20,,B03,120.68911,24.157048,3
2022,6,17,8,24,臺中市,南屯區,0,1,0,8,1,5,30,14,9,1,5,4,5,7,4,4,10,5,5,2,17,23,2,9,1,1,C03,7,9,1,10,7,11,,23,23,1,22,8,C03,120.617854,24.158692,2
2022,6,17,8,26,臺中市,北屯區,0,1,0,8,1,5,40,14,8,1,5,4,5,7,4,4,3,4,4,2,13,16,2,9,1,1,C03,7,9,1,10,2,11,,16,16,1,22,8,C03,120.684933,24.169052,2
2022,6,17,8,27,臺中市,大雅區,0,1,0,8,1,5,50,11,8,1,5,4,4,7,4,4,1,4,4,1,24,23,2,9,1,1,C03,7,9,1,10,2,11,,23,23,1,22,9,C03,120.674355,24.216476,2
2022,6,17,8,27,臺中市,北屯區,0,1,0,8,1,5,50,4,1,1,5,4,5,7,2,1,10,5,5,2,13,16,2,8,1,1,C03,7,9,1,10,2,11,12,16,16,1,5,8,C03,120.694445,24.164828,2
2022,6,17,8,30,臺中市,潭子區,0,0,0,8,,,50,,,,,,,,,,,,,,,16,,,,,B03,,,1,,2,,,16,16,1,22,,B03,120.710646,24.202499,3
2022,6,17,8,30,臺中市,霧峰區,0,1,0,8,1,5,50,4,1,1,5,4,5,7,3,1,9,4,5,2,16,6,3,10,1,1,B03,7,9,1,8,2,8,,6,6,1,22,8,B03,120.699085,24.07044,2
2022,6,17,8,32,臺中市,西區,0,0,0,8,,,60,,,,,,,,,,,,,,,6,,,,,B03,,,1,,1,,,6,6,1,4,,B03,120.666907,24.153208,3
2022,6,17,8,42,臺中市,南屯區,0,1,0,8,1,5,50,4,18,4,5,4,5,7,4,4,5,5,5,2,3,15,3,10,1,1,B03,7,5,1,8,2,1,,15,15,1,4,8,B03,120.639724,24.138853,2
2022,6,17,9,0,臺中市,太平區,0,0,0,8,,,50,,,,,,,,,,,,,,,42,,,,,B03,,,1,,1,,,42,42,1,22,,B03,120.722511,24.129341,3
2022,6,17,9,4,臺中市,大甲區,0,0,0,8,,,30,,,,,,,,,,,,,,,18,,,,,B03,,,1,,1,,,18,18,1,22,,B03,120.648704,24.360722,3
2022,6,17,9,4,臺中市,豐原區,0,0,0,,,,30,,,,,,,,,,,,,,,23,,,,,C03,,,1,,2,,,23,23,1,22,,C03,120.705161,24.254944,3
2022,6,17,9,11,臺中市,烏日區,0,0,0,8,,,50,,,,,,,,,,,,,,,23,,,,,B12,,,1,,2,,,23,23,1,5,,B12,120.625868,24.111556,3
2022,6,17,9,18,臺中市,霧峰區,0,0,0,8,,,40,,,,,,,,,,,,,,,16,,,,,B12,,,1,,2,,,16,16,1,4,,B12,120.662595,24.070522,3
2022,6,17,9,30,臺中市,東區,0,2,0,8,1,5,50,14,12,1,5,4,5,7,4,4,5,4,4,2,16,26,2,9,1,1,F01,7,11,8,20,2,16,,26,26,1,22,8,F01,120.698058,24.142849,2
2022,6,17,9,30,臺中市,大里區,0,0,0,8,,,50,,,,,,,,,,,,,,,6,,,,,B12,,,1,,2,,,6,6,1,22,,B12,120.692772,24.121608,3
2022,6,17,9,50,臺中市,北區,0,0,0,8,,,50,,,,,,,,,,,,,,,23,,,,,B03,,,1,,2,,,23,23,1,22,,B03,120.682349,24.161844,3
2022,6,17,9,53,臺中市,西屯區,0,1,0,8,1,5,40,3,2,1,5,4,5,7,2,1,8,3,5,1,17,23,2,9,1,1,C03,7,9,1,10,3,11,,23,23,1,22,8,C03,120.640696,24.178947,2
2022,6,17,10,0,臺中市,北屯區,0,0,0,8,,,40,,,,,,,,,,,,,,,16,,,,,B11,,,1,,1,,,16,16,1,22,,B11,120.68847,24.201012,3
2022,6,17,10,19,臺中市,北屯區,0,1,0,8,1,5,50,14,9,1,5,4,5,7,4,4,1,4,5,2,13,16,3,10,1,1,A02,7,9,1,2,2,5,,16,16,1,10,8,A02,120.68066,24.172585,2
2022,6,17,10,20,臺中市,西區,0,2,0,8,1,5,50,4,1,1,5,4,5,7,1,1,10,5,5,2,15,25,2,9,1,1,C03,7,9,1,10,2,11,,25,25,1,4,5,C03,120.656338,24.155947,2
2022,6,17,10,23,臺中市,梧棲區,0,1,0,8,1,5,40,14,8,1,5,4,5,7,4,4,1,4,3,1,16,19,3,10,1,1,B12,7,1,1,8,2,4,,19,19,1,9,8,B12,120.534153,24.251008,2
2022,6,17,10,30,臺中市,北區,0,0,0,8,1,5,50,14,9,1,5,4,5,7,4,4,4,1,5,2,14,12,,,,,A12,,,1,,2,,,12,12,1,22,,A12,120.679424,24.16837,3
2022,6,17,10,38,臺中市,北屯區,0,0,0,8,,,50,,,,,,,,,,,,,,,23,,,,,B02,,,1,,1,,,23,23,1,5,,B02,120.686764,24.172209,3
2022,6,17,10,39,臺中市,大肚區,0,0,0,8,,,50,,,,,,,,,,,,,,,19,,,,,C03,,,1,,2,,,19,19,1,19,,C03,120.545111,24.152046,3
2022,6,17,10,42,臺中市,太平區,0,0,0,8,1,5,50,4,1,1,5,4,5,7,3,1,10,5,5,2,16,6,3,10,1,1,B12,7,5,1,7,2,6,,6,6,1,22,8,B12,120.712539,24.123925,3
2022,6,17,10,45,臺中市,大雅區,0,1,0,8,1,5,50,4,2,1,5,4,5,7,1,1,5,5,5,1,13,16,3,10,1,1,B12,7,5,1,8,2,8,,16,16,1,22,9,B12,120.65741,24.246074,2
2022,6,17,10,50,臺中市,梧棲區,0,0,0,8,,,50,,,,,,,,,,,,,,,23,,,,,B03,,,1,,2,,,23,23,1,9,,B03,120.545397,24.245079,3
2022,6,17,10,56,臺中市,南屯區,0,0,0,,,,50,,,,,,,,,,,,,,,7,,,,,C03,,,1,,2,,,7,7,1,22,,C03,120.649605,24.151952,3
2022,6,17,10,58,臺中市,北區,0,1,0,8,1,5,50,5,1,1,5,4,5,7,2,1,10,5,5,2,15,6,3,10,1,1,B03,7,9,1,8,2,8,,6,6,1,22,9,B03,120.678837,24.157072,2
2022,6,17,10,58,臺中市,大里區,0,1,0,8,1,5,60,14,8,1,5,4,5,7,4,4,3,4,4,1,17,23,2,9,3,4,C03,7,9,1,10,2,12,,23,23,1,22,8,C03,120.684619,24.103253,2
2022,6,17,11,2,臺中市,北區,0,0,0,8,,,40,,,,,,,,,,,,,,,23,,,,,A11,,,1,,2,,,23,23,1,22,,A11,120.670384,24.156828,3
2022,6,17,11,2,臺中市,北屯區,0,0,0,8,,,50,,,,,,,,,,,,,,,23,,,,,A11,,,1,,1,,,23,,1,10,,A11,120.7192,24.1761,3
2022,6,17,11,6,臺中市,西屯區,0,0,0,8,,,50,,,,,,,,,,,,,,,44,,,,,B03,,,1,,2,,,44,,1,22,,B03,120.656018,24.165581,3
2022,6,17,11,20,臺中市,大雅區,0,1,0,8,1,5,50,4,2,1,5,4,5,7,3,1,5,5,5,1,16,6,3,10,1,1,B03,7,9,1,8,2,4,,23,6,1,22,9,B03,120.652478,24.226944,2
2022,6,17,11,44,臺中市,北區,0,2,0,8,1,5,50,3,1,1,5,4,5,7,4,4,10,5,5,2,13,16,2,9,1,1,C03,7,9,1,10,2,11,,16,16,1,20,8,C03,120.685174,24.165945,2
2022,6,17,11,50,臺中市,霧峰區,0,1,0,8,1,5,60,14,8,1,5,4,5,7,4,4,3,4,4,1,16,18,3,10,1,1,B03,7,3,1,8,2,2,,18,18,1,22,8,B03,120.696211,24.021538,2
2022,6,17,11,51,臺中市,北區,0,2,0,8,1,5,40,3,1,1,5,4,5,7,1,1,10,5,5,2,15,25,2,9,1,1,C03,7,9,1,10,2,11,,25,25,1,22,8,C03,120.677203,24.152841,2
2022,6,17,11,56,臺中市,北屯區,0,1,0,8,1,5,50,4,4,1,5,4,5,7,1,1,10,5,5,2,14,12,3,10,1,1,B03,7,2,1,8,2,3,,12,12,1,5,8,B03,120.676078,24.201404,2
2022,6,17,12,3,臺中市,東區,0,1,0,8,1,5,50,4,1,1,5,4,5,7,2,1,10,5,5,2,17,19,2,8,1,1,C04,7,1,1,11,2,14,,19,19,1,21,8,C04,120.694135,24.149658,2
2022,6,17,12,4,臺中市,霧峰區,0,2,0,8,1,5,50,4,1,1,5,4,5,7,1,1,10,5,4,1,17,13,2,9,1,1,C03,7,9,1,10,2,11,,13,13,1,4,8,C03,120.707635,24.076537,2
2022,6,17,12,5,臺中市,北屯區,0,0,0,8,,,40,,,,,,,,,,,,,,,23,,,,,B03,,,1,,1,,,23,23,1,4,,B03,120.66055,24.192021,3
2022,6,17,12,9,臺中市,霧峰區,0,1,0,8,1,5,50,3,1,1,5,4,5,7,1,1,9,5,5,1,16,25,3,10,1,1,A41,7,9,1,1,2,4,,25,25,1,22,8,A41,120.690401,24.01426,2
2022,6,17,12,10,臺中市,北屯區,0,2,0,8,1,5,30,4,1,1,5,4,5,7,4,4,10,5,5,2,15,6,2,9,1,1,C03,7,9,1,10,2,11,,6,6,1,22,8,C03,120.668097,24.186772,2
2022,6,17,12,15,臺中市,豐原區,0,2,0,8,1,5,50,3,9,1,5,4,1,7,1,1,5,5,5,1,13,23,2,9,1,1,C03,7,9,6,18,9,11,,23,23,2,21,8,C03,120.721722,24.239248,2
2022,6,17,12,20,臺中市,梧棲區,0,0,0,8,,,50,,,,,,,,,,,,,,,6,,,,,B03,,,1,,1,,,6,6,1,9,,B03,120.532254,24.258649,3
2022,6,17,12,26,臺中市,豐原區,0,2,0,8,1,5,50,4,9,1,5,4,5,7,2,1,3,5,5,2,16,23,3,10,3,4,C03,7,9,1,10,2,12,,23,23,1,22,8,C03,120.718948,24.243416,2
2022,6,17,12,32,臺中市,南屯區,0,1,0,8,1,5,50,14,9,1,5,4,5,7,4,4,5,4,5,2,12,7,3,10,1,1,C03,7,7,1,10,2,14,,7,7,1,22,8,C03,120.609247,24.138716,2
2022,6,17,12,35,臺中市,大里區,0,1,0,8,1,5,50,14,9,1,5,4,5,7,4,4,9,5,5,1,18,23,2,9,1,1,C03,7,9,1,10,2,11,,23,23,1,4,8,C03,120.68677,24.088095,2
2022,6,17,12,48,臺中市,南屯區,0,0,0,8,,,40,,,,,,,,,,,,,,,23,,,,,B03,,,1,,11,,,23,23,2,19,,B03,120.643298,24.133509,3
2022,6,17,12,48,臺中市,北屯區,0,0,0,8,,,50,,,,,,,,,,,,,,,12,,,,,B03,,,1,,2,,,12,,1,18,,B03,120.6877,24.1862,3
2022,6,17,12,50,臺中市,太平區,0,0,0,8,,,50,,,,,,,,,,,,,,,42,,,,,B12,,,1,,2,,,42,42,1,21,,B12,120.710306,24.159176,3
2022,6,17,12,57,臺中市,北區,0,0,0,8,,,50,,,,,,,,,,,,,,,7,,,,,C03,,,1,,2,,,7,7,1,22,,C03,120.684958,24.161513,3
2022,6,17,13,3,臺中市,太平區,0,1,0,8,1,5,50,14,7,1,5,4,5,7,4,4,9,4,4,2,18,42,2,9,1,1,C03,7,9,1,10,2,14,,42,42,1,22,8,C03,120.718963,24.105561,2
2022,6,17,13,4,臺中市,后里區,0,1,0,8,1,5,60,4,1,1,5,4,5,7,1,1,10,5,5,2,16,8,2,9,1,1,F03,7,5,8,20,2,16,,8,8,1,21,1,F03,120.723146,24.311331,2
2022,6,17,13,5,臺中市,豐原區,0,1,0,8,1,5,50,4,2,1,5,4,5,7,1,1,8,3,4,1,17,17,3,10,3,4,B12,7,9,1,8,2,2,,17,17,1,22,8,B12,120.712844,24.251316,2
2022,6,17,13,9,臺中市,北區,0,2,0,8,1,5,50,15,20,1,5,4,5,7,4,4,10,5,5,2,17,26,2,9,1,1,C03,7,9,1,10,2,14,,26,26,1,20,8,C03,120.689089,24.152808,2
2022,6,17,13,10,臺中市,沙鹿區,0,2,0,8,1,5,40,5,1,1,5,4,5,7,1,1,10,5,5,2,15,23,2,9,1,1,C03,7,9,1,10,2,12,,23,23,1,5,5,C03,120.563291,24.24736,2
2022,6,17,13,15,臺中市,北區,0,1,0,8,1,5,50,14,9,1,5,4,5,7,4,4,9,5,5,2,12,43,3,10,1,1,C03,7,9,1,10,2,14,,43,43,1,22,8,C03,120.685841,24.151204,2
2022,6,17,13,16,臺中市,北屯區,0,0,0,8,,,50,,,,,,,,,,,,,,,23,,,,,B12,,,1,,1,,,23,23,1,10,,B12,120.683699,24.185432,3
2022,6,17,13,21,臺中市,沙鹿區,0,1,0,8,1,5,30,4,1,1,5,4,5,7,4,4,7,5,4,2,17,6,2,9,1,1,C03,7,9,1,10,2,12,,6,6,1,19,8,C03,120.57259,24.227851,2
2022,6,17,13,27,臺中市,石岡區,0,0,0,8,1,5,70,4,9,1,5,4,5,7,2,1,1,5,5,1,13,16,3,10,3,4,B12,7,1,1,8,2,1,,16,16,1,22,8,B12,120.793536,24.271904,3
2022,6,17,13,28,臺中市,中區,0,2,0,8,1,5,50,5,1,1,5,4,5,7,1,1,10,5,5,2,9,15,2,9,1,1,C03,7,9,1,10,2,11,,15,15,1,10,4,C03,120.682416,24.145861,2
2022,6,17,13,36,臺中市,太平區,0,0,0,8,,,40,,,,,,,,,,,,,,,26,,,,,B03,,,1,,1,8,4,26,26,1,22,,B03,120.714705,24.122681,3
2022,6,17,13,36,臺中市,梧棲區,0,0,0,8,,,50,,,,,,,,,,,,,,,43,,,,,B12,,,1,,1,,,43,43,1,5,,B12,120.528575,24.222056,3
2022,6,17,13,43,臺中市,梧棲區,0,0,0,8,,,70,,,,,,,,,,,,,,,25,,,,,B12,,,1,,2,,,25,25,1,10,,B12,120.542467,24.219269,3
2022,6,17,13,49,臺中市,南屯區,0,0,0,8,,,50,,,,,,,,,,,,,,,10,,,,,B03,,,1,,2,,,10,10,1,22,,B03,120.634965,24.154204,3
2022,6,17,13,56,臺中市,清水區,0,0,0,8,,,40,,,,,,,,,,,,,,,12,,,,,B12,,,1,,2,,,12,12,1,21,,B12,120.576418,24.272189,3
2022,6,17,14,11,臺中市,南區,0,0,0,,,,50,,,,,,,,,,,,,,,12,,,,,B12,,,1,,2,,,12,12,1,21,,B12,120.649515,24.111688,3
2022,6,17,14,27,臺中市,大里區,0,0,0,8,,,30,,,,,,,,,,,,,,,12,,,,,B12,,,1,,2,,,12,12,1,22,,B12,120.701043,24.107475,3
2022,6,17,14,29,臺中市,北屯區,0,0,0,8,,,50,,,,,,,,,,,,,,,23,,,,,B12,,,1,,2,,,23,23,1,5,,B12,120.676843,24.176616,3
2022,6,17,14,30,臺中市,南區,0,1,0,8,1,5,50,4,1,1,5,4,5,7,2,1,10,5,5,2,16,27,3,10,1,1,B03,7,6,1,8,2,2,,27,27,1,21,8,B03,120.654808,24.115535,2
2022,6,17,14,33,臺中市,太平區,0,1,0,8,1,5,50,3,1,1,5,4,5,7,4,4,10,5,5,2,16,8,2,9,1,1,C03,7,5,1,10,2,12,,8,8,1,19,8,C03,120.725247,24.133985,2
2022,6,17,14,42,臺中市,霧峰區,0,2,0,8,1,5,50,3,1,1,5,4,5,7,4,4,10,5,5,1,17,23,2,9,1,1,C03,7,9,1,10,2,11,,23,23,1,4,8,C03,120.674924,24.047968,2
2022,6,17,14,46,臺中市,清水區,0,0,0,8,,,50,,,,,,,,,,,,,,,23,,,,,B03,,,1,,11,,,23,23,1,21,,B03,120.566565,24.268398,3
2022,6,17,14,50,臺中市,豐原區,0,1,0,8,1,5,50,4,2,1,5,4,5,7,1,1,5,5,5,1,17,44,2,7,1,1,C03,7,9,1,10,2,11,,44,44,1,21,8,C03,120.720358,24.244704,2
2022,6,17,15,0,臺中市,大安區,0,0,0,,,,50,,,,,,,,,,,,,,,42,,,,,B03,,,1,,2,,,42,42,1,21,,B03,120.59975,24.35625,3
2022,6,17,15,1,臺中市,南屯區,0,2,0,8,1,5,50,4,4,1,5,4,5,7,2,1,1,5,5,2,13,16,2,8,1,1,C03,7,9,1,10,2,11,,16,16,1,22,8,C03,120.647491,24.140244,2
2022,6,17,15,1,臺中市,大甲區,0,0,0,,,,40,,,,,,,,,,,,,,,19,,,,,B03,,,1,,1,,,19,19,1,22,,B03,120.61876,24.347476,3
2022,6,17,15,2,臺中市,東區,0,0,0,,,,50,,,,,,,,,,,,,,,7,,,,,B03,,,1,,2,,,7,7,1,22,,B03,120.705872,24.129213,3
2022,6,17,15,4,臺中市,太平區,0,1,0,8,1,5,30,4,1,1,5,4,5,7,4,4,5,5,5,2,15,6,2,9,1,1,C03,7,9,1,10,2,11,,6,6,1,19,5,C03,120.719773,24.147151,2
2022,6,17,15,5,臺中市,大里區,0,0,0,8,,,60,,,,,,,,,,,,,,,3,,,,,C03,,,1,,1,,,3,3,1,5,,C03,120.680901,24.104916,3
2022,6,17,15,6,臺中市,南屯區,0,0,0,8,,,40,,,,,,,,,,,,,,,19,,,,,B02,,,1,,1,,,19,19,1,4,,B02,120.651041,24.153717,3
2022,6,17,15,7,臺中市,西區,0,1,0,8,1,5,50,3,1,1,5,4,5,7,4,4,10,5,5,2,29,23,2,9,1,1,C03,7,9,1,10,2,15,,23,23,1,22,8,C03,120.650507,24.143802,2
2022,6,17,15,8,臺中市,太平區,0,1,0,8,1,5,50,3,2,1,5,4,5,7,4,4,5,4,5,2,16,19,2,9,1,1,F03,7,1,8,20,2,16,,19,19,1,22,8,F03,120.716517,24.143482,2
2022,6,17,15,12,臺中市,北屯區,0,0,0,8,,,50,,,,,,,,,,,,,,,26,,,,,B03,,,1,,1,,,26,26,1,21,,B03,120.66752,24.185325,3
2022,6,17,15,12,臺中市,西屯區,0,0,0,8,,,50,,,,,,,,,,,,,,,16,,,,,B03,,,1,,1,,,16,16,1,22,,B03,120.63369,24.182576,3
2022,6,17,15,13,臺中市,北區,0,0,0,8,,,50,,,,,,,,,,,,,,,23,,,,,B03,,,1,,2,,,23,23,1,22,,B03,120.675665,24.150068,3
2022,6,17,15,17,臺中市,北區,0,0,0,,,,30,,,,,,,,,,,,,,,43,,,,,B03,,,1,,11,,,43,43,1,22,,B03,120.679718,24.148875,3
2022,6,17,15,17,臺中市,東區,0,2,0,8,1,5,40,4,1,1,5,4,5,7,4,4,10,5,4,2,17,19,2,9,1,1,C03,7,1,1,10,2,14,,19,19,1,22,8,C03,120.699216,24.138903,2
2022,6,17,15,20,臺中市,東區,0,0,0,,,,50,,,,,,,,,,,,,,,7,,,,,B03,,,1,,2,,,7,7,1,21,,B03,120.697012,24.129156,3
2022,6,17,15,20,臺中市,霧峰區,0,2,0,8,1,5,30,4,1,1,5,4,5,7,4,4,10,5,5,2,17,6,2,8,1,1,C03,7,9,1,10,2,11,,6,6,1,21,5,C03,120.699223,24.070086,2
2022,6,17,15,21,臺中市,北區,0,1,0,8,1,5,50,14,9,1,5,4,5,7,4,4,1,4,5,2,13,16,3,10,1,1,C03,7,9,1,10,2,11,,16,16,1,22,9,C03,120.676355,24.172815,2
2022,6,17,15,23,臺中市,太平區,0,0,0,8,,,50,,,,,,,,,,,,,,,19,,,,,C03,,,1,,2,,,19,19,1,19,,C03,120.724105,24.130638,3
2022,6,17,15,24,臺中市,西屯區,0,0,0,8,,,50,,,,,,,,,,,,,,,17,,,,,B03,,,1,,1,,,17,17,1,22,,B03,120.658815,24.201005,3
2022,6,17,15,38,臺中市,西屯區,0,1,0,8,1,5,50,4,2,1,5,4,5,7,1,1,5,5,4,2,13,16,2,9,1,1,C03,7,9,1,10,2,14,,16,16,1,22,8,C03,120.662653,24.163541,2
2022,6,17,15,48,臺中市,西區,0,2,0,8,2,5,50,4,1,1,5,4,5,7,4,4,10,5,5,2,15,6,3,10,1,1,B03,7,9,1,8,2,1,,6,6,1,5,7,B03,120.664585,24.152857,2
2022,6,17,15,49,臺中市,大甲區,0,1,0,8,1,5,50,14,9,1,5,4,5,7,4,4,9,5,5,1,17,12,3,10,1,1,A12,7,2,1,7,2,6,,12,12,1,10,8,A12,120.64083,24.41899,2
2022,6,17,15,54,臺中市,潭子區,0,0,0,8,,,60,,,,,,,,,,,,,,,23,,,,,B12,,,1,,2,,,23,23,1,22,,B12,120.703577,24.201145,3
2022,6,17,15,56,臺中市,大里區,0,0,0,8,,,50,,,,,,,,,,,,,,,17,,,,,B03,,,1,,2,,,17,17,1,22,,B03,120.698908,24.089483,3
2022,6,17,16,3,臺中市,北區,0,1,0,8,1,5,50,5,1,1,5,4,5,7,2,1,10,5,5,2,16,6,3,10,1,1,B03,7,6,1,8,2,2,,6,6,1,22,9,B03,120.676191,24.158299,2
2022,6,17,16,5,臺中市,太平區,0,2,0,7,1,5,50,5,1,1,5,4,5,7,1,1,10,5,5,2,16,26,2,9,1,1,C03,7,9,1,9,2,14,,26,26,1,21,8,C03,120.724557,24.149664,2
2022,6,17,16,7,臺中市,南屯區,0,0,0,8,,,50,,,,,,,,,,,,,,,7,,,,,B01,,,1,,1,,,7,7,1,22,,B01,120.646588,24.151333,3
2022,6,17,16,15,臺中市,霧峰區,0,0,0,8,,,30,,,,,,,,,,,,,,,23,,,,,B12,,,1,,2,,,23,23,1,22,,B12,120.654793,24.082818,3
2022,6,17,16,15,臺中市,大甲區,0,1,0,8,1,5,50,14,9,1,5,4,5,7,4,4,5,5,5,1,17,19,3,10,1,1,B03,7,1,1,8,2,4,,19,19,1,2,7,B03,120.618824,24.347697,2
2022,6,17,16,23,臺中市,龍井區,0,0,0,8,,,30,,,,,,,,,,,,,,,23,,,,,B03,,,1,,2,,,23,23,1,12,,B03,120.527142,24.218725,3
2022,6,17,16,40,臺中市,梧棲區,0,0,0,8,,,70,,,,,,,,,,,,,,,12,,,,,B03,,,1,,1,,,12,12,1,20,,B03,120.544331,24.247096,3
2022,6,17,16,45,臺中市,大里區,0,0,0,8,,,50,,,,,,,,,,,,,,,12,,,,,B12,,,1,,2,,,12,12,1,22,,B12,120.710525,24.086218,3
2022,6,17,16,49,臺中市,清水區,0,2,0,8,1,5,30,3,2,1,5,4,5,7,4,4,10,5,5,2,16,23,2,9,1,1,C03,7,9,1,10,2,11,,23,23,1,21,8,C03,120.572784,24.282786,2
2022,6,17,16,55,臺中市,霧峰區,0,1,0,8,1,5,50,14,9,1,5,4,5,7,4,4,5,5,5,1,17,23,3,10,1,1,C03,7,9,1,10,2,11,,23,23,1,21,5,C03,120.713133,24.077152,2
2022,6,17,16,56,臺中市,北區,0,0,0,,,,50,,,,,,,,,,,,,,,16,,,,,B03,,,1,,2,,,16,16,1,22,,B03,120.685456,24.163099,3
2022,6,17,16,56,臺中市,西屯區,0,1,0,8,1,5,30,4,1,1,5,4,5,7,2,1,5,5,5,2,16,6,3,10,1,1,B03,7,5,1,8,2,5,,6,6,1,22,8,B03,120.655,24.17814,2
2022,6,17,16,57,臺中市,北區,0,0,0,8,,,50,,,,,,,,,,,,,,,43,,,,,,,,,,,,,43,43,1,,,,120.678636,24.172343,3
2022,6,17,17,0,臺中市,西屯區,0,0,0,8,,,40,,,,,,,,,,,,,,,17,,,,,B12,,,1,,2,,,17,17,1,22,,B12,120.648137,24.196709,3
2022,6,17,17,5,臺中市,南屯區,0,0,0,8,,,50,,,,,,,,,,,,,,,26,,,,,A12,,,1,,1,,,26,26,1,22,,A12,120.585356,24.166685,3
2022,6,17,17,6,臺中市,西區,0,0,0,8,,,30,,,,,,,,,,,,,,,23,,,,,B03,,,1,8,1,,,23,23,1,22,,B03,120.656735,24.154362,3
2022,6,17,17,6,臺中市,北屯區,0,2,0,7,1,5,50,4,1,1,5,4,5,7,1,1,10,5,5,2,15,25,2,9,1,1,C03,7,9,6,18,8,11,,25,25,1,21,8,C03,120.689678,24.180409,2
2022,6,17,17,7,臺中市,西屯區,0,0,0,8,,,50,,,,,,,,,,,,,,,43,,,,,,,,,,,,,43,,1,,,,120.651165,24.166833,3
2022,6,17,17,7,臺中市,西屯區,0,0,0,8,,,50,,,,,,,,,,,,,,,23,,,,,B03,,,1,,1,,,23,23,1,22,,B03,120.655136,24.164321,3
2022,6,17,17,7,臺中市,龍井區,0,0,0,,,,50,,,,,,,,,,,,,,,23,,,,,C03,,,1,,2,,,23,23,1,22,,C03,120.582268,24.176851,4
2022,6,17,17,8,臺中市,北區,0,2,0,8,1,5,50,4,1,1,5,4,5,7,4,4,10,5,5,2,17,19,2,9,1,1,C03,7,1,1,10,2,15,,19,19,1,21,1,C03,120.673893,24.171615,2
2022,6,17,17,9,臺中市,大甲區,0,3,0,8,1,5,50,3,1,1,5,4,5,7,4,4,10,5,5,2,16,6,2,9,1,1,C03,7,5,1,10,2,12,,6,6,1,9,8,C03,120.61605,24.35003,2
2022,6,17,17,12,臺中市,西區,0,1,0,8,1,5,50,4,1,1,5,4,5,7,1,1,10,5,5,2,16,6,3,10,1,1,B03,7,6,1,8,2,5,,6,6,1,22,9,B03,120.667346,24.131637,2
2022,6,17,17,17,臺中市,大肚區,0,0,0,8,,,70,,,,,,,,,,,,,,,17,,,,,A41,,,1,,2,,,67,17,1,10,,A41,120.554222,24.131686,3
2022,6,17,17,17,臺中市,梧棲區,0,0,0,8,,,70,,,,,,,,,,,,,,,16,,,,,A42,,,1,,3,,,16,16,1,22,,A42,120.529527,24.252492,3
2022,6,17,17,17,臺中市,后里區,0,0,0,8,,,30,,,,,,,,,,,,,,,6,,,,,B03,,,1,,2,,,6,6,1,21,,B03,120.728931,24.3142,3
2022,6,17,17,20,臺中市,西屯區,0,1,0,8,1,5,30,13,9,1,5,4,5,7,4,4,9,5,5,2,3,23,3,10,1,1,C03,7,6,1,10,2,11,,23,23,1,12,8,C03,120.658483,24.165413,2
2022,6,17,17,24,臺中市,北區,0,1,0,8,1,5,50,4,1,1,5,4,5,7,2,1,10,5,5,2,12,6,3,10,1,1,B12,7,5,1,8,2,4,,6,6,1,22,9,B12,120.69198,24.16002,2
2022,6,17,17,30,臺中市,西屯區,0,1,0,8,1,5,50,4,2,1,5,4,5,7,1,1,5,4,5,2,18,42,2,9,1,1,C03,7,9,1,10,2,14,,42,42,1,22,8,C03,120.636064,24.181848,2
2022,6,17,17,31,臺中市,潭子區,0,1,0,8,2,5,40,5,1,1,5,4,5,7,1,1,10,5,5,2,18,23,2,9,1,1,C03,7,5,1,10,2,14,,23,23,1,22,8,C03,120.718121,24.197412,2
2022,6,17,17,33,臺中市,南區,0,2,0,8,1,5,50,14,8,1,5,4,5,7,1,1,1,4,4,2,16,42,2,9,1,1,C03,7,5,1,10,2,12,,42,42,1,22,8,C03,120.655737,24.115282,2
2022,6,17,17,34,臺中市,東區,0,0,0,8,,,30,,,,,,,,,,,,,,,12,,,,,B03,,,1,8,2,,,12,12,1,21,,B03,120.698452,24.150244,3
2022,6,17,17,39,臺中市,大雅區,0,0,0,8,,,50,,,,,,,,,,,,,,,23,,,,,B03,,,1,,2,,,23,23,1,22,,B03,120.6489,24.225467,3