年,月,日,時,分,縣市,區,死,受傷,2-30,天候,光線,道路類別,速限,道路型態,事故位置,路面鋪裝,路面狀態,路面缺陷,障礙物,視距,號誌種類,號誌動作,分向設施,快車道或一般車道間,快慢車道間,路面邊線,事故類型及型態,主要肇因,受傷程度,主要傷處,保護裝備,行動電話,當事者區分,車輛用途,當事者行動狀態,駕駛資格情形,駕駛執照種類,飲酒情形,車輛撞擊部位最初,車輛撞擊部位其他,肇事因素個別,肇事因素主要,肇事逃逸,職業,旅次目的,車種,GPS緯度,GPS經度,事故類別
2022,6,17,17,39,臺中市,南區,0,1,0,8,2,5,50,5,1,1,5,4,5,7,2,1,10,5,5,2,16,6,2,7,3,4,C03,7,5,1,8,2,14,,6,6,1,5,8,C03,120.678186,24.126443,2
2022,6,17,17,40,臺中市,大里區,0,0,0,8,,,40,,,,,,,,,,,,,,,23,,,,,B03,,,1,,2,,,23,23,1,5,,B03,120.694661,24.097869,3
2022,6,17,17,42,臺中市,豐原區,0,1,0,8,1,5,50,14,9,1,5,4,5,7,4,4,8,3,3,1,17,43,3,10,3,4,C03,7,9,1,10,11,15,,43,43,1,22,8,C03,120.716172,24.254088,2
2022,6,17,17,44,臺中市,南屯區,0,1,0,8,1,5,50,4,1,1,5,4,5,7,4,4,10,5,5,2,15,6,2,9,1,1,C03,7,9,1,10,2,11,14,6,6,1,5,8,C03,120.645059,24.152403,2
2022,6,17,17,44,臺中市,大甲區,0,1,0,8,1,5,50,4,1,1,5,4,5,7,3,1,10,5,5,2,15,6,3,10,1,1,B12,7,9,1,8,2,1,,6,6,1,20,8,B12,120.625213,24.348951,2
2022,6,17,17,45,臺中市,龍井區,0,0,0,,,,50,,,,,,,,,,,,,,,17,,,,,B03,,,1,,1,,,17,17,1,22,,B03,120.584291,24.182263,3
2022,6,17,17,47,臺中市,南屯區,0,0,0,8,,,50,,,,,,,,,,,,,,,12,,,,,B12,,,1,,1,,,12,12,1,9,,B12,120.645513,24.142598,3
2022,6,17,18,5,臺中市,南屯區,0,0,0,8,,,80,,,,,,,,,,,,,,,67,,,,,,,,,,,,,67,67,1,,,,120.620344,24.116664,3
2022,6,17,18,12,臺中市,大雅區,0,0,0,8,,,50,,,,,,,,,,,,,,,23,,,,,B03,,,1,,2,,,23,23,1,22,,B03,120.649253,24.214395,3
2022,6,17,18,15,臺中市,西屯區,0,2,0,8,2,5,50,3,9,1,5,4,5,7,4,4,5,4,5,2,16,10,2,8,3,4,C03,7,11,1,10,2,12,,10,10,1,22,8,C03,120.622476,24.186263,2
2022,6,17,18,15,臺中市,神岡區,0,0,0,8,,,60,,,,,,,,,,,,,,,38,,,,,B03,,,1,,1,,,38,38,1,22,,B03,120.694325,24.232388,3
2022,6,17,18,17,臺中市,北區,0,3,0,8,1,5,50,3,2,1,5,4,5,7,2,1,5,4,4,1,16,19,2,9,3,4,C03,7,1,1,10,2,14,,19,19,1,22,9,C03,120.668072,24.159227,2
2022,6,17,18,23,臺中市,北區,0,1,0,8,2,5,40,3,1,1,5,4,5,7,4,4,10,4,5,2,16,6,3,10,1,1,B03,7,6,1,8,2,5,,6,6,1,22,9,B03,120.679946,24.163218,2
2022,6,17,18,26,臺中市,東區,0,0,0,8,,,50,,,,,,,,,,,,,,,42,,,,,B03,,,1,,2,,,42,42,1,22,,B03,120.702112,24.127519,3
2022,6,17,18,51,臺中市,西區,0,1,0,8,3,5,50,4,1,1,5,4,5,7,1,1,10,5,5,2,17,16,2,8,3,4,C03,7,9,1,10,1,11,,16,16,1,21,8,C03,120.671828,24.136706,2
2022,6,17,18,58,臺中市,西區,0,1,0,8,3,5,50,4,4,1,5,4,5,7,1,1,5,4,5,2,13,16,2,9,1,1,C03,7,9,1,10,1,11,,16,16,1,22,9,C03,120.665268,24.146718,2
2022,6,17,19,6,臺中市,西區,0,0,0,8,,,50,,,,,,,,,,,,,,,19,,,,,C03,,,1,,1,,,19,19,1,6,,C03,120.660176,24.150848,3
2022,6,17,19,6,臺中市,太平區,0,0,0,8,,,50,,,,,,,,,,,,,,,42,,,,,B03,,,1,,2,,,42,42,1,21,,B03,120.704192,24.155097,3
2022,6,17,19,10,臺中市,北屯區,0,0,0,8,,,50,,,,,,,,,,,,,,,23,,,,,B03,,,1,,1,,,23,23,1,22,,B03,120.699951,24.165331,3
2022,6,17,19,14,臺中市,南屯區,0,1,0,8,3,5,50,14,9,1,5,4,5,7,4,4,1,4,5,2,17,19,3,10,1,4,B03,7,1,1,8,2,8,,19,19,1,18,8,B03,120.639345,24.141885,2
2022,6,17,19,15,臺中市,北區,0,2,0,8,3,5,50,14,9,1,5,4,5,7,4,4,9,5,5,2,16,19,2,7,1,1,C03,7,1,1,10,2,11,,19,19,1,22,9,C03,120.679558,24.158031,2
2022,6,17,19,24,臺中市,豐原區,0,1,0,8,3,5,50,14,7,1,5,4,5,7,4,4,5,4,4,2,16,26,2,9,1,1,C03,7,11,1,10,2,12,,26,26,1,21,8,C03,120.707408,24.244356,2
2022,6,17,19,29,臺中市,南屯區,0,2,0,8,3,5,50,4,1,1,5,4,5,7,1,1,10,5,5,2,29,44,2,9,1,1,C03,7,9,1,10,2,11,,44,44,1,5,8,C03,120.646681,24.153613,2
2022,6,17,19,30,臺中市,大里區,0,1,0,8,3,5,40,14,8,1,5,4,5,7,4,4,5,4,4,1,27,23,2,9,3,4,C03,7,9,3,18,2,11,,23,23,1,21,5,C03,120.709688,24.094527,2
2022,6,17,19,36,臺中市,西屯區,0,0,0,8,,,50,,,,,,,,,,,,,,,12,,,,,B03,,,1,,11,,,12,12,1,22,,B03,120.58841,24.17588,3
2022,6,17,19,38,臺中市,東區,0,1,0,7,3,5,40,14,8,1,5,4,5,7,4,4,1,4,4,2,16,23,2,9,1,1,F03,7,9,8,20,2,16,,23,23,1,22,8,F03,120.68883,24.131274,2
2022,6,17,19,47,臺中市,潭子區,0,0,0,,,,40,,,,,,,,,,,,,,,16,,,,,B03,,,1,,2,,,16,16,1,22,,B03,120.72154,24.182483,3
2022,6,17,19,48,臺中市,北屯區,0,0,0,8,,,50,,,,,,,,,,,,,,,16,,,,,B03,,,1,,1,,,16,16,1,21,,B03,120.708923,24.182376,3
2022,6,17,19,52,臺中市,大里區,0,2,0,8,3,5,50,3,1,1,5,4,5,7,4,4,10,5,5,2,13,10,3,10,3,4,B03,7,11,1,8,2,3,,10,10,1,22,8,B03,120.693521,24.09022,2
2022,6,17,20,0,臺中市,北區,0,0,0,8,,,50,,,,,,,,,,,,,,,43,,,,,,,,,,,,,43,43,1,,,,120.674753,24.146568,3
2022,6,17,20,0,臺中市,沙鹿區,0,1,0,8,1,5,30,4,1,1,5,4,5,7,4,4,10,5,5,2,15,6,2,7,1,1,C03,7,9,1,10,2,11,,6,6,1,3,5,C03,120.56795,24.198417,2
2022,6,17,20,9,臺中市,南屯區,0,2,0,8,3,5,50,14,9,1,5,4,5,7,4,4,4,4,5,2,13,23,2,9,1,1,C03,7,9,1,10,2,11,14,23,23,1,5,8,C03,120.653238,24.154854,2
2022,6,17,20,9,臺中市,北屯區,0,0,0,8,,,40,,,,,,,,,,,,,,,23,,,,,B03,,,1,,1,,,23,23,1,20,,B03,120.688476,24.176996,3
2022,6,17,20,11,臺中市,南屯區,0,2,0,7,3,5,50,5,1,1,5,4,5,7,3,1,10,5,5,2,16,6,2,9,1,4,C03,7,5,1,10,2,14,,6,6,1,22,8,C03,120.620801,24.116786,2
2022,6,17,20,24,臺中市,西屯區,0,0,0,8,,,30,,,,,,,,,,,,,,,6,,,,,B03,,,1,,2,,,6,6,1,22,,B03,120.660413,24.198901,3
2022,6,17,20,34,臺中市,北屯區,0,1,0,8,3,5,30,14,9,1,5,4,5,7,4,4,5,5,5,2,16,19,3,10,3,4,B03,7,1,1,8,2,7,,19,19,1,21,8,B03,120.666285,24.186471,2
2022,6,17,20,36,臺中市,大甲區,0,0,0,8,,,50,,,,,,,,,,,,,,,19,,,,,B03,,,1,,1,,,19,19,1,21,,B03,120.619608,24.347216,3
2022,6,17,21,9,臺中市,龍井區,0,2,0,8,3,5,50,4,1,1,5,4,5,7,1,1,10,5,5,2,16,6,2,9,3,4,C03,7,5,4,8,2,11,,6,6,1,20,7,C03,120.525408,24.213185,2
2022,6,17,21,10,臺中市,大里區,0,0,0,8,,,50,,,,,,,,,,,,,,,12,,,,,B12,,,1,,2,,,12,12,1,21,,B12,120.693955,24.091837,3
2022,6,17,21,14,臺中市,西屯區,0,0,0,8,,,50,,,,,,,,,,,,,,,16,,,,,C03,,,1,,1,,,16,16,1,22,,C03,120.639098,24.171656,3
2022,6,17,21,17,臺中市,太平區,0,0,0,8,,,30,,,,,,,,,,,,,,,23,,,,,B03,,,1,,2,,,23,23,1,9,,B03,120.724742,24.136968,3
2022,6,17,22,2,臺中市,南屯區,0,0,0,8,,,50,,,,,,,,,,,,,,,26,,,,,B12,,,1,,2,,,26,26,1,22,,B12,120.640486,24.14153,3
2022,6,17,22,24,臺中市,北屯區,0,1,0,8,3,5,50,14,7,1,5,4,2,7,4,4,9,5,4,2,16,19,2,8,1,1,C03,7,1,1,10,2,14,,19,19,1,22,1,C03,120.685683,24.169427,2
2022,6,17,22,26,臺中市,北屯區,0,2,0,8,3,5,50,14,9,1,5,4,5,7,4,4,10,5,5,2,13,16,2,9,1,1,C03,7,5,1,10,2,11,,16,16,1,22,8,C03,120.690823,24.18352,2
2022,6,17,22,30,臺中市,西區,0,1,0,8,3,5,50,4,1,1,5,4,5,7,1,1,10,5,5,2,16,26,3,10,1,1,B03,7,6,1,8,2,2,,26,26,1,21,8,B03,120.659727,24.157289,2
2022,6,17,22,38,臺中市,豐原區,0,2,0,8,3,5,30,4,1,1,5,4,5,7,2,1,4,4,4,2,15,25,2,8,1,1,C03,7,9,1,10,2,13,,25,25,1,4,5,C03,120.718986,24.243347,2
2022,6,17,22,45,臺中市,西區,0,1,0,8,3,5,50,3,1,1,5,4,5,7,2,1,10,5,5,2,16,25,2,9,1,1,C03,7,5,1,10,2,14,,25,25,1,20,8,C03,120.665757,24.140083,2
2022,6,17,23,2,臺中市,梧棲區,0,0,0,8,,,50,,,,,,,,,,,,,,,12,,,,,B03,,,1,,2,,,12,12,1,12,,B03,120.531599,24.24049,3
2022,6,18,0,30,臺中市,西屯區,0,0,0,8,,,50,,,,,,,,,,,,,,,23,,,,,B03,,,1,,1,,,23,23,1,22,,B03,120.643846,24.176323,3
2022,6,18,0,31,臺中市,大里區,0,2,0,8,3,5,50,4,1,1,5,4,5,7,1,1,10,5,5,1,16,25,2,9,1,1,C03,7,9,1,10,2,11,,25,25,1,5,8,C03,120.686318,24.110403,2
2022,6,18,0,33,臺中市,中區,0,3,0,8,3,5,50,4,1,1,5,4,5,7,2,1,10,5,5,2,13,16,2,8,1,1,C03,7,9,1,10,2,11,,16,16,1,18,8,C03,120.67729,24.145711,2
2022,6,18,0,50,臺中市,太平區,0,1,0,8,3,5,50,3,2,1,5,4,5,7,4,4,5,4,5,2,13,23,2,8,1,1,C03,7,9,1,10,2,11,,23,23,1,22,5,C03,120.732162,24.140928,2
2022,6,18,1,8,臺中市,北區,0,0,0,8,,,50,,,,,,,,,,,,,,,23,,,,,B03,,,1,,2,,,23,23,1,22,,B03,120.684962,24.165506,3
2022,6,18,1,16,臺中市,沙鹿區,0,1,0,8,3,5,30,3,2,1,5,4,5,7,4,4,10,5,5,1,18,23,2,9,1,1,C03,7,9,1,10,8,11,,23,23,1,21,8,C03,120.586322,24.250119,2
2022,6,18,2,22,臺中市,北區,0,0,0,8,,,50,,,,,,,,,,,,,,,44,,,,,B03,,,7,,11,,,44,44,1,22,,B03,120.675682,24.145589,3
2022,6,18,5,20,臺中市,豐原區,0,2,0,8,1,5,40,14,9,1,5,4,5,7,4,4,4,5,5,1,2,23,2,9,1,1,C03,7,9,1,10,2,11,,23,23,1,4,1,C03,120.754311,24.263922,2
2022,6,18,5,50,臺中市,烏日區,0,3,0,8,1,5,50,3,1,1,5,4,5,7,1,1,10,5,5,2,16,8,2,9,1,1,B01,7,5,1,4,2,5,,8,8,1,10,8,B01,120.613044,24.11547,2
2022,6,18,6,27,臺中市,潭子區,0,1,0,8,1,5,50,4,1,1,5,4,5,7,3,1,10,5,5,2,15,6,3,10,1,1,B03,7,9,1,8,2,2,,6,6,1,22,8,B03,120.693569,24.218031,2
2022,6,18,6,30,臺中市,大雅區,0,1,0,8,1,5,50,14,8,1,5,4,5,7,4,4,5,4,4,1,16,19,3,10,1,1,B03,7,1,1,8,2,3,,19,19,1,22,9,B03,120.644097,24.220914,2
2022,6,18,6,45,臺中市,大肚區,0,1,0,8,1,5,50,14,8,1,5,4,5,7,4,4,1,4,4,1,17,7,3,10,1,1,B12,7,8,1,8,2,15,,7,7,1,2,7,B12,120.576783,24.118906,2
2022,6,18,6,45,臺中市,大安區,0,1,0,8,1,5,50,4,1,1,5,4,5,7,4,4,10,5,5,2,17,19,3,10,1,1,B03,7,1,1,8,2,3,,19,19,1,4,1,B03,120.604108,24.362016,2
2022,6,18,6,55,臺中市,烏日區,0,1,0,8,1,5,30,3,1,1,5,4,5,7,4,4,10,5,5,2,17,9,3,10,1,1,B03,7,6,1,8,2,15,,9,9,1,20,8,B03,120.644927,24.058694,2
2022,6,18,7,4,臺中市,潭子區,0,1,0,8,1,5,50,4,1,1,5,4,5,7,1,1,1,4,4,1,17,6,3,10,1,1,C03,7,9,1,10,2,12,,6,6,1,22,8,C03,120.688108,24.215965,2
2022,6,18,7,10,臺中市,霧峰區,0,1,0,8,1,5,40,14,9,1,5,4,5,7,4,4,5,5,5,1,20,42,2,9,1,1,C03,7,9,1,10,2,12,,42,42,1,22,8,C03,120.693893,24.056068,2
2022,6,18,7,29,臺中市,北屯區,0,1,0,8,1,5,50,3,2,1,5,4,5,7,2,1,5,4,4,1,16,26,2,9,1,1,C03,7,6,1,10,2,14,,26,26,1,21,8,C03,120.702107,24.169861,2
2022,6,18,7,48,臺中市,北屯區,0,3,0,8,1,5,50,4,1,1,5,4,5,7,1,1,10,5,5,2,15,25,2,9,1,1,C03,7,9,1,10,2,11,,25,25,1,21,8,C03,120.676136,24.200773,2
2022,6,18,7,50,臺中市,大雅區,0,2,0,8,1,5,50,5,1,1,5,4,5,7,1,1,10,5,5,2,16,6,2,9,1,1,C03,7,5,1,10,2,11,,6,6,1,22,9,C03,120.671275,24.212604,2
2022,6,18,7,53,臺中市,豐原區,0,1,0,8,1,5,60,4,1,1,5,4,5,7,1,1,1,4,4,1,18,42,2,9,1,1,C03,7,21,4,8,2,15,,42,42,1,22,8,C03,120.722738,24.263979,2
2022,6,18,7,56,臺中市,豐原區,0,0,0,,,,50,,,,,,,,,,,,,,,23,,,,,B03,,,1,,1,,,23,23,1,22,,B03,120.704198,24.249526,3
2022,6,18,7,58,臺中市,北屯區,0,0,0,8,,,50,,,,,,,,,,,,,,,16,,,,,B12,,,1,,1,,,16,16,1,5,,B12,120.700088,24.17841,3
2022,6,18,8,2,臺中市,北屯區,0,2,0,8,1,5,50,14,7,1,5,4,5,7,4,4,3,4,4,2,12,7,2,9,1,1,C03,7,8,1,10,2,12,,7,7,1,22,8,C03,120.700136,24.164975,2
2022,6,18,8,5,臺中市,沙鹿區,0,1,0,8,1,5,40,14,8,1,5,4,5,7,1,1,10,5,5,2,16,26,3,10,1,1,B03,7,6,1,8,2,6,,26,26,1,7,9,B03,120.580658,24.217144,2
2022,6,18,8,8,臺中市,北屯區,0,0,0,8,,,50,,,,,,,,,,,,,,,16,,,,,C03,,,1,,1,,,16,16,1,21,,C03,120.698165,24.17035,3
2022,6,18,8,15,臺中市,豐原區,0,0,0,8,,,50,,,,,,,,,,,,,,,18,3,10,1,1,B03,7,14,1,8,2,1,5,18,18,1,21,9,B03,120.735912,24.260557,3
2022,6,18,8,24,臺中市,大里區,0,0,0,8,,,50,,,,,,,,,,,,,,,6,,,,,C03,,,1,,2,,,6,6,1,22,,C03,120.703437,24.10771,3
2022,6,18,8,35,臺中市,北屯區,0,1,0,8,1,5,50,14,9,1,5,4,5,7,4,4,5,4,5,2,16,19,3,10,1,1,B03,7,1,1,8,2,8,,19,19,1,21,8,B03,120.707933,24.170104,2
2022,6,18,8,39,臺中市,北屯區,0,0,0,8,,,50,,,,,,,,,,,,,,,23,,,,,B03,,,1,,1,,,23,23,1,5,,B03,120.697105,24.168891,3
2022,6,18,8,42,臺中市,南屯區,0,1,0,8,1,5,30,4,1,1,5,4,5,7,4,4,4,4,5,2,15,6,3,10,1,1,B03,7,9,1,8,2,8,,6,6,1,22,8,B03,120.63942,24.139203,2
2022,6,18,8,44,臺中市,東勢區,0,0,0,8,1,5,70,3,9,1,5,4,5,7,2,1,1,5,5,1,14,12,3,10,3,4,B03,7,3,1,8,1,6,,12,12,1,22,8,B03,120.829177,24.249292,3
2022,6,18,8,48,臺中市,西區,0,1,0,8,1,5,50,14,8,1,5,4,5,7,4,4,5,4,4,2,17,7,2,8,3,4,B12,7,8,1,8,1,2,,7,7,1,22,5,B12,120.66499,24.151022,2
2022,6,18,8,50,臺中市,大雅區,0,1,0,8,1,5,50,3,2,1,5,4,5,7,4,4,1,4,4,1,12,6,3,10,1,1,B03,7,6,1,7,2,6,,6,6,1,22,9,B03,120.63187,24.23928,2
2022,6,18,8,50,臺中市,神岡區,0,0,0,8,,,60,,,,,,,,,,,,,,,23,,,,,B03,,,1,,2,,,23,23,1,22,,B03,120.708962,24.259443,3
2022,6,18,8,53,臺中市,北屯區,0,0,0,8,,,40,,,,,,,,,,,,,,,43,,,,,,,,,,,,,43,43,1,,,,120.684601,24.181495,3
2022,6,18,9,0,臺中市,大肚區,0,0,0,,,,50,,,,,,,,,,,,,,,17,,,,,B03,,,1,,2,,,17,17,1,22,,B03,120.580285,24.172019,3
2022,6,18,9,2,臺中市,大雅區,0,1,0,8,1,5,50,14,9,1,5,4,5,7,4,4,9,4,5,1,13,1,3,10,1,1,B03,7,4,1,8,2,2,,1,1,1,22,9,B03,120.6496,24.223583,2
2022,6,18,9,6,臺中市,石岡區,0,2,0,8,1,5,50,3,9,1,5,4,5,7,4,4,4,5,5,1,17,6,2,9,1,1,C03,7,5,1,10,2,11,,6,6,1,22,8,C03,120.8131,24.257928,2
2022,6,18,9,22,臺中市,西屯區,0,0,0,8,,,1,,,,,,,,,,,,,,,12,,,,,B03,,,1,,2,,,12,12,1,22,,B03,120.592118,24.16639,3
2022,6,18,9,24,臺中市,南區,0,3,0,8,1,5,40,14,8,1,5,4,5,7,4,4,3,4,4,2,17,23,2,8,1,1,C03,7,9,1,10,2,11,,23,23,1,21,8,C03,120.684035,24.129281,2
2022,6,18,9,24,臺中市,北屯區,0,0,0,8,,,30,,,,,,,,,,,,,,,23,,,,,B12,,,1,,2,,,23,23,1,21,,B12,120.719501,24.176181,3
2022,6,18,9,39,臺中市,西屯區,0,0,0,8,,,50,,,,,,,,,,,,,,,23,,,,,B12,,,1,,1,,,23,23,1,22,,B12,120.597631,24.191336,3
2022,6,18,9,40,臺中市,大里區,0,0,0,8,,,60,,,,,,,,,,,,,,,26,,,,,B03,,,1,,2,,,26,26,1,22,,B03,120.691499,24.10063,3
2022,6,18,9,52,臺中市,大甲區,0,1,0,8,1,5,50,14,9,1,5,4,5,7,4,4,5,5,5,2,12,1,3,10,1,1,B03,7,9,6,8,9,2,,1,1,1,22,9,B03,120.636202,24.352898,2
2022,6,18,9,53,臺中市,太平區,0,4,0,8,1,5,50,3,1,1,5,4,5,7,4,4,10,5,5,2,16,42,2,9,1,1,C03,7,6,1,10,1,11,,42,42,1,20,8,C03,120.734293,24.149908,2
2022,6,18,9,54,臺中市,西區,0,2,0,8,1,5,40,14,8,1,5,4,5,7,4,4,3,4,4,2,16,7,3,10,1,1,C03,7,8,1,10,2,14,,7,7,1,22,8,C03,120.657496,24.145975,2
2022,6,18,9,58,臺中市,太平區,0,0,0,8,,,50,,,,,,,,,,,,,,,6,,,,,B03,,,3,,2,,,6,6,1,22,,B03,120.724,24.111141,3
2022,6,18,10,0,臺中市,龍井區,0,0,0,8,,,40,,,,,,,,,,,,,,,26,,,,,A11,,,1,,2,,,26,26,1,10,,A11,120.517462,24.226019,3
2022,6,18,10,10,臺中市,南屯區,0,0,0,8,,,40,,,,,,,,,,,,,,,12,,,,,B03,,,1,8,9,,,12,12,1,12,,B03,120.637284,24.136787,3
2022,6,18,10,18,臺中市,南屯區,0,2,0,8,1,5,50,3,1,1,5,4,5,7,4,4,10,5,5,2,16,6,2,7,1,1,C03,7,5,1,10,2,11,,6,6,1,22,8,C03,120.639708,24.13955,2
2022,6,18,10,18,臺中市,太平區,0,2,0,8,1,5,50,5,1,1,5,4,5,7,1,1,10,5,5,2,15,25,2,8,1,1,C03,7,9,1,10,2,11,,25,25,1,21,8,C03,120.724796,24.149634,2
2022,6,18,10,23,臺中市,西區,0,2,0,8,1,5,50,4,18,1,5,4,5,7,4,4,10,5,5,2,3,15,2,9,1,1,C03,7,9,1,10,2,11,,15,15,1,4,8,C03,120.663029,24.149033,2
2022,6,18,10,25,臺中市,大里區,0,1,0,8,1,5,50,4,1,1,5,4,5,7,1,1,10,5,5,2,12,17,3,10,1,1,B03,7,9,1,8,2,5,,17,17,1,19,8,B03,120.6749,24.105784,2
2022,6,18,10,28,臺中市,大甲區,0,2,0,8,1,5,50,14,9,1,5,4,5,7,4,4,5,5,5,1,13,23,2,9,1,1,C03,7,9,1,10,2,14,,23,23,1,22,9,C03,120.62119,24.343053,2
2022,6,18,10,33,臺中市,和平區,0,0,0,8,1,4,30,14,9,1,5,4,5,7,4,4,10,5,5,1,11,17,,,,,A05,,,1,,1,,,17,17,1,10,,A05,121.246387,24.240476,3
2022,6,18,10,43,臺中市,豐原區,0,2,0,8,1,5,60,4,2,1,5,4,5,7,1,1,3,3,3,1,17,23,3,10,3,4,A11,7,9,1,3,2,1,,23,23,1,22,8,A11,120.717041,24.263791,2
2022,6,18,10,44,臺中市,東區,0,1,0,8,1,5,50,14,7,1,5,4,5,7,4,4,5,4,4,2,12,7,2,9,1,1,C04,7,7,3,18,2,14,,7,7,1,22,8,C04,120.694326,24.140735,2
2022,6,18,10,45,臺中市,大雅區,0,0,0,8,,,50,,,,,,,,,,,,,,,35,,,,,B12,,,1,,9,,,35,35,1,22,,B12,120.64996,24.21352,3
2022,6,18,10,46,臺中市,西屯區,0,2,0,8,1,5,50,14,9,1,5,4,5,7,4,4,5,4,5,1,17,26,2,9,1,1,C03,7,9,1,10,2,12,,26,26,1,1,9,C03,120.614381,24.189578,2
2022,6,18,10,49,臺中市,西區,0,1,0,8,1,5,50,4,1,1,5,4,5,6,1,1,10,5,5,2,16,44,3,10,1,1,B03,7,5,1,8,2,8,,44,44,1,19,9,B03,120.668586,24.135326,2
2022,6,18,10,50,臺中市,龍井區,0,0,0,8,,,30,,,,,,,,,,,,,,,7,,,,,B02,,,1,,2,,,7,7,1,22,,B02,120.577851,24.186436,3
2022,6,18,10,50,臺中市,豐原區,0,2,0,8,1,5,60,3,1,1,5,4,5,7,2,1,1,2,4,1,16,16,2,9,1,1,C01,7,9,1,9,2,14,,16,16,1,21,6,C01,120.734934,24.246742,2
2022,6,18,10,52,臺中市,豐原區,0,0,0,8,,,40,,,,,,,,,,,,,,,25,,,,,C03,,,1,,2,,,25,25,1,22,,C03,120.710475,24.250828,3
2022,6,18,10,54,臺中市,西屯區,0,1,0,8,1,5,50,14,9,1,5,4,5,7,4,4,10,5,5,2,14,12,2,8,1,4,C03,7,2,1,10,1,13,,12,12,1,22,8,C03,120.61631,24.175328,2
2022,6,18,10,55,臺中市,太平區,0,0,0,8,,,30,,,,,,,,,,,,,,,23,,,,,B03,,,1,,2,,,23,23,1,22,,B03,120.717041,24.148986,3
2022,6,18,10,58,臺中市,西區,0,2,0,8,1,5,50,4,1,1,5,4,5,7,4,4,10,5,5,2,15,6,2,9,1,1,C03,7,9,1,10,2,14,,6,6,1,4,7,C03,120.663029,24.149033,2
2022,6,18,10,59,臺中市,西區,0,1,0,8,1,5,30,4,1,1,5,4,5,7,4,4,10,5,5,2,15,6,2,9,1,1,C03,7,9,1,9,2,11,,6,6,1,22,8,C03,120.656596,24.15433,2
2022,6,18,10,59,臺中市,中區,0,3,0,8,1,5,50,3,1,1,5,4,5,7,1,1,10,5,5,2,15,25,2,9,3,4,F01,7,9,8,20,7,16,,25,25,1,22,5,F01,120.682863,24.143654,2
2022,6,18,11,8,臺中市,北區,0,1,0,8,1,5,50,4,2,1,5,4,5,7,4,4,5,4,5,1,18,23,2,9,3,4,C03,7,9,1,10,2,12,,23,23,1,22,9,C03,120.672084,24.158488,2
2022,6,18,11,10,臺中市,大甲區,0,1,0,8,1,5,50,5,2,1,5,4,5,7,1,1,5,5,5,1,17,40,3,10,2,1,B03,7,13,1,8,1,4,,40,40,1,20,8,B03,120.621961,24.34425,2
2022,6,18,11,14,臺中市,北區,0,0,0,8,,,1,,,,,,,,,,,,,,,42,,,,,C03,,,1,,2,,,42,42,1,22,,C03,120.686792,24.154219,3
2022,6,18,11,14,臺中市,梧棲區,0,0,0,8,,,50,,,,,,,,,,,,,,,23,,,,,B12,,,1,,2,,,23,23,1,22,,B12,120.531296,24.25451,3
2022,6,18,11,16,臺中市,豐原區,0,1,0,8,1,5,50,4,9,1,5,4,5,7,4,4,5,5,5,2,15,6,3,10,3,4,B03,7,9,1,8,2,4,,6,6,1,22,8,B03,120.704951,24.243967,2
2022,6,18,11,17,臺中市,東區,0,1,0,8,1,5,50,5,1,1,5,4,5,7,2,1,5,4,4,1,12,6,2,9,1,1,C03,7,5,1,10,2,11,,6,6,1,21,8,C03,120.692485,24.1517,2
2022,6,18,11,17,臺中市,西屯區,0,2,0,8,1,5,50,4,1,1,5,4,5,7,4,4,10,5,5,2,15,6,2,9,1,1,C03,7,9,1,10,2,12,,6,6,1,22,8,C03,120.650088,24.166541,2
2022,6,18,11,22,臺中市,梧棲區,0,0,0,8,,,50,,,,,,,,,,,,,,,23,,,,,B12,,,1,,2,,,23,23,1,22,,B12,120.533135,24.257562,3
2022,6,18,11,30,臺中市,烏日區,0,0,0,8,,,50,,,,,,,,,,,,,,,12,,,,,C03,,,1,,2,,,12,18,1,21,,C03,120.637379,24.107747,3
2022,6,18,11,36,臺中市,南區,0,0,0,,,,40,,,,,,,,,,,,,,,12,,,,,C03,,,1,,2,,,12,12,1,21,,C03,120.665942,24.114127,3
2022,6,18,11,48,臺中市,太平區,0,0,0,,,,40,,,,,,,,,,,,,,,23,,,,,C03,,,1,,1,,,23,23,1,21,,C03,120.721557,24.111972,3
2022,6,18,11,55,臺中市,北區,0,0,0,,,,50,,,,,,,,,,,,,,,23,,,,,B03,,,1,,2,,,23,23,1,22,,B03,120.686252,24.15482,3
2022,6,18,11,55,臺中市,大里區,0,0,0,8,,,30,,,,,,,,,,,,,,,23,,,,,C03,,,1,,2,,,23,23,1,22,,C03,120.686717,24.113339,3
2022,6,18,12,0,臺中市,北屯區,0,1,0,8,1,5,50,4,1,1,5,4,5,7,1,1,10,5,5,2,15,25,3,10,1,1,C03,7,9,1,10,2,12,,25,25,1,9,8,C03,120.688563,24.162927,2
2022,6,18,12,3,臺中市,北屯區,0,2,0,8,1,5,50,3,1,1,5,4,5,7,1,1,10,5,5,2,16,6,2,8,1,1,C03,7,5,1,10,2,12,,6,6,1,5,8,C03,120.691288,24.165073,2