年,月,日,時,分,縣市,區,死,受傷,2-30,天候,光線,道路類別,速限,道路型態,事故位置,路面鋪裝,路面狀態,路面缺陷,障礙物,視距,號誌種類,號誌動作,分向設施,快車道或一般車道間,快慢車道間,路面邊線,事故類型及型態,主要肇因,受傷程度,主要傷處,保護裝備,行動電話,當事者區分,車輛用途,當事者行動狀態,駕駛資格情形,駕駛執照種類,飲酒情形,車輛撞擊部位最初,車輛撞擊部位其他,肇事因素個別,肇事因素主要,肇事逃逸,職業,旅次目的,車種,GPS緯度,GPS經度,事故類別
2022,6,19,17,15,臺中市,北區,0,0,0,8,,,50,,,,,,,,,,,,,,,7,,,,,B03,,,1,,1,,,7,7,1,22,,B03,120.686453,24.147272,3
2022,6,19,17,15,臺中市,后里區,0,0,0,8,,,50,,,,,,,,,,,,,,,23,,,,,B03,,,1,,2,,,23,23,1,4,,B03,120.722885,24.308891,3
2022,6,19,17,17,臺中市,西區,0,2,0,8,1,5,50,3,1,1,5,4,5,7,4,4,10,5,5,2,17,19,2,8,1,1,C03,7,1,1,10,2,11,,19,19,1,4,7,C03,120.656195,24.146143,2
2022,6,19,17,21,臺中市,大安區,0,0,0,8,,,50,,,,,,,,,,,,,,,23,,,,,B03,,,1,,1,,,23,23,1,9,,B03,120.585858,24.360626,4
2022,6,19,17,23,臺中市,北區,0,2,0,8,1,5,40,14,8,1,5,4,5,7,4,4,3,4,4,2,13,23,2,9,1,1,C03,7,9,1,10,2,11,,23,23,1,22,8,C03,120.678793,24.151825,2
2022,6,19,17,23,臺中市,北區,0,0,0,,,,40,,,,,,,,,,,,,,,12,,,,,B03,,,1,,2,,,12,12,1,5,,B03,120.68243,24.159796,3
2022,6,19,17,25,臺中市,南區,0,1,0,8,3,5,50,14,8,1,5,4,5,7,4,4,9,4,4,2,12,7,3,10,1,1,B03,7,8,1,8,2,2,,7,7,1,5,1,B03,120.679722,24.13305,2
2022,6,19,17,29,臺中市,沙鹿區,0,1,0,8,1,5,30,4,1,1,5,4,5,7,4,4,10,5,5,2,15,6,2,9,1,1,F03,7,9,8,20,2,16,,6,6,1,9,9,F03,120.550041,24.217064,2
2022,6,19,17,32,臺中市,外埔區,0,1,0,8,1,5,50,14,7,1,5,4,5,7,4,4,5,4,4,1,16,19,3,10,1,1,B03,7,1,1,8,2,8,,19,19,1,22,8,B03,120.665275,24.321655,2
2022,6,19,17,37,臺中市,龍井區,0,0,0,8,,,30,,,,,,,,,,,,,,,12,,,,,C03,,,1,,11,,,44,12,1,22,,C03,120.591186,24.180424,3
2022,6,19,17,41,臺中市,大里區,0,1,0,8,1,5,50,4,1,1,5,4,5,7,1,1,10,5,5,2,13,23,3,10,1,1,B03,7,9,1,8,2,1,,23,23,1,5,5,B03,120.666347,24.109115,2
2022,6,19,17,43,臺中市,北屯區,0,1,0,8,1,5,40,4,1,1,5,4,5,7,2,1,10,5,5,2,12,26,2,7,1,1,C03,7,9,1,10,2,14,,26,26,1,21,8,C03,120.719475,24.163003,2
2022,6,19,17,45,臺中市,北屯區,0,2,0,8,1,5,50,4,1,1,5,4,5,7,4,4,10,5,5,2,27,66,,,,,,,,,,,,,66,66,1,,,,120.67126,24.179537,2
2022,6,19,17,47,臺中市,東勢區,0,1,0,8,1,5,60,14,8,1,5,4,5,7,4,4,1,4,4,1,16,6,3,10,1,1,B03,7,6,1,8,2,5,,6,6,1,22,8,B03,120.834595,24.240098,2
2022,6,19,17,47,臺中市,和平區,0,0,0,6,,,50,,,,,,,,,,,,,,,8,,,,,B03,,,1,,2,,,8,8,1,21,,B03,121.010776,24.203995,3
2022,6,19,17,50,臺中市,豐原區,0,1,0,8,1,5,50,4,9,1,5,4,5,7,1,1,5,5,5,2,15,25,3,10,3,4,F03,7,21,8,20,2,16,,25,25,1,22,8,F03,120.721223,24.269703,2
2022,6,19,17,55,臺中市,大雅區,0,1,0,8,1,5,30,3,2,1,5,4,5,7,4,4,10,5,5,2,17,5,3,10,1,1,B03,7,9,1,8,2,8,,5,5,1,21,8,B03,120.631499,24.215598,2
2022,6,19,17,55,臺中市,北屯區,0,0,0,8,,,50,,,,,,,,,,,,,,,12,,,,,B03,,,1,,1,,,12,12,1,22,,B03,120.689458,24.183785,3
2022,6,19,17,57,臺中市,北區,0,0,0,8,,,50,,,,,,,,,,,,,,,6,,,,,B03,,,1,,1,,,6,6,1,22,,B03,120.679955,24.158179,3
2022,6,19,18,9,臺中市,南區,0,2,0,8,2,5,40,4,1,1,5,4,5,7,1,1,10,5,5,2,9,60,2,9,3,4,C03,7,9,1,10,2,14,,43,60,1,5,8,C03,120.673932,24.129228,2
2022,6,19,18,12,臺中市,大里區,0,0,0,8,,,60,,,,,,,,,,,,,,,42,,,,,B03,,,1,,1,,,42,42,1,5,,B03,120.685223,24.103133,3
2022,6,19,18,21,臺中市,霧峰區,0,1,0,8,1,5,30,4,1,1,5,4,5,7,4,4,10,5,5,2,16,6,3,10,3,4,B03,7,6,1,8,2,8,,6,6,1,22,8,B03,120.699037,24.072983,2
2022,6,19,18,27,臺中市,南區,0,2,0,8,2,5,50,14,9,1,5,4,5,7,4,4,5,4,5,2,17,42,2,9,1,1,C03,7,9,1,10,2,14,,42,42,1,22,8,C03,120.670384,24.122176,2
2022,6,19,18,27,臺中市,東區,0,0,0,8,,,50,,,,,,,,,,,,,,,43,,,,,C03,,,1,,10,,,43,43,1,5,,C03,120.691125,24.145852,3
2022,6,19,18,37,臺中市,南屯區,0,1,0,8,2,5,40,3,1,1,5,4,5,7,4,4,5,5,4,2,16,26,3,10,1,1,B01,7,11,1,4,2,7,,26,26,1,10,8,B01,120.60763,24.144811,2
2022,6,19,18,54,臺中市,豐原區,0,0,0,8,,,50,,,,,,,,,,,,,,,9,,,,,B03,,,1,,2,,,9,9,1,21,,B03,120.718134,24.251829,3
2022,6,19,18,55,臺中市,豐原區,0,1,0,8,3,5,50,4,1,1,5,4,5,7,1,1,10,5,5,2,16,6,2,9,3,4,C03,7,6,1,10,2,11,,6,6,1,22,8,C03,120.720169,24.249772,2
2022,6,19,18,57,臺中市,大里區,0,1,0,8,3,5,40,4,1,1,5,4,5,7,1,1,10,5,5,2,12,6,3,10,1,1,B12,7,6,1,8,2,6,,6,6,2,22,9,B12,120.6923,24.100121,2
2022,6,19,19,0,臺中市,太平區,0,1,0,8,3,5,50,4,2,1,5,4,5,7,1,1,5,5,5,2,18,7,2,9,1,1,C03,7,7,3,18,2,14,,7,7,1,21,8,C03,120.717918,24.1288,2
2022,6,19,19,11,臺中市,西屯區,0,1,0,8,3,5,50,4,1,1,5,4,5,7,1,1,10,5,5,2,15,44,2,9,2,1,F01,7,9,8,20,1,16,,44,44,1,22,8,F01,120.653842,24.155804,2
2022,6,19,19,16,臺中市,西屯區,0,1,0,8,1,5,50,14,8,1,5,4,5,7,4,4,5,4,4,2,17,9,3,10,1,1,B03,7,6,1,8,2,6,,9,9,1,1,9,B03,120.648638,24.173651,2
2022,6,19,19,29,臺中市,大里區,0,0,0,8,,,50,,,,,,,,,,,,,,,12,,,,,B03,,,1,,2,,,12,12,1,5,,B03,120.689463,24.11648,3
2022,6,19,19,32,臺中市,南屯區,0,2,0,8,3,5,50,3,1,1,5,4,5,7,2,1,10,5,5,2,12,7,2,9,1,1,C03,7,8,1,10,2,12,,7,7,1,5,8,C03,120.638346,24.153719,2
2022,6,19,19,33,臺中市,豐原區,0,0,0,8,,,50,,,,,,,,,,,,,,,6,,,,,B03,,,1,,2,,,6,6,1,4,,B03,120.718788,24.251686,3
2022,6,19,19,49,臺中市,西區,0,0,0,8,,,50,,,,,,,,,,,,,,,17,,,,,B03,,,1,,1,,,17,67,1,21,,B03,120.661118,24.149532,3
2022,6,19,19,49,臺中市,沙鹿區,0,2,0,8,3,5,50,3,2,1,5,4,5,7,4,4,5,5,4,2,13,23,2,9,1,1,C03,7,9,1,10,2,11,,23,23,1,21,8,C03,120.579721,24.216728,2
2022,6,19,19,50,臺中市,大里區,0,1,0,8,3,5,30,3,2,1,5,4,5,7,4,4,10,5,5,2,17,12,3,10,3,4,B03,7,2,1,8,2,3,,12,12,1,22,8,B03,120.69442,24.081086,2
2022,6,19,19,50,臺中市,沙鹿區,0,0,0,8,,,50,,,,,,,,,,,,,,,12,,,,,B03,,,6,,2,,,12,12,1,21,,B03,120.563134,24.244792,3
2022,6,19,20,0,臺中市,大里區,0,0,0,8,,,50,,,,,,,,,,,,,,,42,,,,,B03,,,1,,1,,,42,42,1,22,,B03,120.680574,24.109227,3
2022,6,19,20,0,臺中市,大甲區,0,0,0,8,,,50,,,,,,,,,,,,,,,19,,,,,B03,,,1,,2,,,19,19,1,21,,B03,120.625014,24.341301,3
2022,6,19,20,5,臺中市,外埔區,0,1,0,8,3,5,50,5,2,1,5,4,5,7,1,1,10,5,5,2,3,23,3,10,1,1,B03,7,9,1,8,2,8,,23,23,1,22,8,B03,120.655856,24.332297,2
2022,6,19,20,13,臺中市,西區,0,0,0,,,,50,,,,,,,,,,,,,,,43,,,,,B03,,,1,,2,,,38,43,1,20,,B03,120.660585,24.146807,3
2022,6,19,20,26,臺中市,南屯區,0,3,0,8,3,5,50,3,1,1,5,4,5,7,4,4,1,4,5,2,16,42,2,9,1,1,C03,7,6,1,10,2,12,,42,42,1,3,8,C03,120.607223,24.147778,2
2022,6,19,20,28,臺中市,石岡區,0,0,0,8,,,50,,,,,,,,,,,,,,,12,,,,,B03,,,1,,2,,,12,12,1,5,,B03,120.773838,24.274536,3
2022,6,19,20,30,臺中市,西區,0,0,0,8,,,50,,,,,,,,,,,,,,,12,,,,,B03,,,1,,9,,,12,12,1,5,,B03,120.662281,24.154591,3
2022,6,19,20,45,臺中市,豐原區,0,1,0,8,3,5,50,4,1,1,5,4,5,7,3,1,10,5,5,2,15,14,3,10,3,4,B03,7,9,1,8,3,1,,14,14,1,22,8,B03,120.719802,24.251155,2
2022,6,19,20,50,臺中市,潭子區,0,0,0,8,,,40,,,,,,,,,,,,,,,43,,,,,,,,,,,,,43,43,1,,,,120.698204,24.19455,3
2022,6,19,21,4,臺中市,西屯區,0,0,0,8,,,40,,,,,,,,,,,,,,,43,,,,,B03,,,1,,1,,,43,43,1,4,,B03,120.649198,24.159084,3
2022,6,19,21,20,臺中市,龍井區,0,1,0,8,3,5,60,4,1,1,5,4,5,7,2,1,1,4,4,1,17,9,3,10,1,1,B03,7,6,1,8,2,2,,9,9,1,21,8,B03,120.585301,24.186086,2
2022,6,19,21,30,臺中市,霧峰區,0,0,0,8,,,50,,,,,,,,,,,,,,,9,,,,,B03,,,1,,2,,,9,9,1,22,,B03,120.699197,24.068843,3
2022,6,19,21,31,臺中市,西屯區,0,0,0,8,,,40,,,,,,,,,,,,,,,23,,,,,B03,,,1,,1,,,23,,1,22,,B03,120.623079,24.178933,3
2022,6,19,21,34,臺中市,北區,0,1,0,8,3,5,40,4,1,1,5,4,5,7,4,4,10,5,5,2,16,6,2,9,3,4,C03,7,9,1,10,2,11,,6,6,1,5,8,C03,120.687549,24.162684,2
2022,6,19,21,35,臺中市,北屯區,0,0,0,8,,,50,,,,,,,,,,,,,,,23,,,,,C03,,,1,,1,,,23,23,1,21,,C03,120.71938,24.176016,3
2022,6,19,21,53,臺中市,大雅區,0,1,0,8,3,5,50,4,1,1,5,4,5,7,1,1,9,4,5,1,17,6,3,10,1,1,B03,7,6,1,8,2,5,,6,6,1,22,9,B03,120.651779,24.227995,2
2022,6,19,22,11,臺中市,潭子區,0,0,0,8,,,50,,,,,,,,,,,,,,,23,,,,,B03,,,1,,2,,,23,23,1,22,,B03,120.709422,24.200329,3
2022,6,19,22,15,臺中市,烏日區,0,0,0,8,,,40,,,,,,,,,,,,,,,18,,,,,B03,,,1,,2,,,18,18,1,19,,B03,120.624437,24.103355,3
2022,6,19,22,26,臺中市,豐原區,0,3,0,8,3,5,50,3,7,1,5,4,5,7,1,1,5,4,5,1,17,23,2,9,1,1,C03,7,9,3,18,2,11,,23,23,1,21,8,C03,120.722306,24.254021,2
2022,6,19,22,57,臺中市,太平區,0,0,0,8,,,50,,,,,,,,,,,,,,,23,,,,,C03,,,1,,2,,,23,23,1,21,,C03,120.734167,24.144341,3
2022,6,19,23,0,臺中市,神岡區,0,1,0,8,3,5,50,14,9,1,5,4,5,7,4,4,5,5,5,1,17,23,2,8,1,1,B03,7,9,1,8,2,1,,23,23,1,21,8,B03,120.695836,24.249308,2
2022,6,19,23,20,臺中市,大里區,0,0,0,8,,,50,,,,,,,,,,,,,,,17,,,,,B03,,,1,,11,,,17,17,1,12,,B03,120.697945,24.089847,3
2022,6,19,23,39,臺中市,北屯區,0,0,0,8,3,5,50,4,1,1,5,4,5,7,1,1,10,5,5,2,13,21,,,,,B03,,,1,,5,,,21,21,1,22,,B03,120.686087,24.180206,3
2022,6,19,23,45,臺中市,南區,0,0,0,8,,,50,,,,,,,,,,,,,,,23,,,,,B03,,,1,8,2,,,23,23,1,5,,B03,120.684415,24.1343,3
2022,6,20,0,0,臺中市,西區,0,0,0,8,,,30,,,,,,,,,,,,,,,42,,,,,B03,,,1,,1,,,42,42,1,5,,B03,120.675666,24.13581,3
2022,6,20,0,14,臺中市,梧棲區,0,1,0,8,3,5,50,4,1,1,5,4,5,7,1,1,10,5,5,2,17,43,2,7,1,1,C03,7,9,1,10,2,15,,43,43,1,22,8,C03,120.549797,24.239372,2
2022,6,20,0,38,臺中市,南區,0,1,0,8,3,5,50,4,1,1,5,4,5,7,1,1,10,5,5,2,9,15,3,10,1,1,B12,7,11,1,8,2,1,,15,15,1,22,8,B12,120.652279,24.112742,2
2022,6,20,1,10,臺中市,北屯區,0,1,0,8,3,5,50,4,1,1,5,4,5,7,1,1,10,5,5,2,13,16,2,9,1,1,C03,7,9,1,10,2,11,,16,16,1,21,8,C03,120.688623,24.165014,2
2022,6,20,1,12,臺中市,西屯區,0,0,0,8,,,30,,,,,,,,,,,,,,,38,,,,,C03,,,1,,9,,,38,38,1,22,,C03,120.644885,24.175605,3
2022,6,20,1,51,臺中市,太平區,0,0,0,8,,,50,,,,,,,,,,,,,,,23,,,,,C03,,,6,,11,,,23,23,1,3,,C03,120.716178,24.150155,3
2022,6,20,2,20,臺中市,大里區,0,2,0,8,3,5,40,4,1,1,5,4,5,7,1,1,1,4,4,1,17,25,2,9,3,4,C03,7,9,1,10,2,11,,25,25,1,12,8,C03,120.696811,24.085458,2
2022,6,20,5,12,臺中市,西區,0,1,0,8,1,5,60,14,7,1,5,4,5,7,2,1,5,3,3,2,13,23,3,10,1,1,B03,7,9,1,8,2,5,,23,23,1,5,1,B03,120.662609,24.155678,2
2022,6,20,6,20,臺中市,西屯區,0,1,0,8,2,5,40,14,8,1,5,4,5,7,4,4,3,5,4,2,16,23,2,9,1,1,C03,7,9,1,10,2,11,,23,23,1,4,8,C03,120.60884,24.19306,2
2022,6,20,6,34,臺中市,清水區,0,1,0,8,1,5,50,4,1,1,5,4,5,7,2,1,1,3,4,2,15,25,3,10,1,1,B03,7,9,1,8,2,4,,25,25,2,21,8,B03,120.576084,24.270913,2
2022,6,20,6,42,臺中市,北屯區,0,1,0,8,1,5,40,4,2,1,5,4,5,7,1,1,5,4,4,2,16,7,3,10,1,1,B03,7,10,1,8,2,2,,7,7,1,22,8,B03,120.669408,24.177223,2
2022,6,20,6,52,臺中市,梧棲區,0,0,0,8,,,50,,,,,,,,,,,,,,,6,,,,,C03,,,1,,2,,,6,6,1,11,,C03,120.531157,24.243915,3
2022,6,20,7,12,臺中市,北屯區,0,2,0,8,2,5,50,4,7,1,5,4,5,7,1,1,1,2,4,2,13,23,2,7,1,1,B03,7,9,1,8,2,1,,23,23,1,20,8,B03,120.671,24.1966,2
2022,6,20,7,12,臺中市,新社區,0,0,0,8,,,50,,,,,,,,,,,,,,,44,,,,,A12,,,1,,2,,,7,44,1,10,,A12,120.80931,24.24896,3
2022,6,20,7,15,臺中市,烏日區,0,0,0,8,,,50,,,,,,,,,,,,,,,23,,,,,A02,,,1,,2,,,23,3,1,21,,A02,120.642949,24.075821,3
2022,6,20,7,20,臺中市,北區,0,1,0,8,1,5,50,4,1,1,5,4,5,7,2,1,10,5,5,2,16,6,3,10,1,1,C03,7,6,1,10,2,13,,6,6,1,22,9,C03,120.675858,24.159215,2
2022,6,20,7,24,臺中市,北區,0,0,0,8,,,50,,,,,,,,,,,,,,,23,,,,,B03,,,1,,1,,,23,23,1,5,,B03,120.67165,24.173352,3
2022,6,20,7,28,臺中市,南屯區,0,2,0,8,1,5,50,4,1,1,5,4,5,7,1,1,5,4,4,2,16,8,2,9,3,4,C03,7,5,1,10,2,11,,8,8,1,22,9,C03,120.601812,24.139292,2
2022,6,20,7,28,臺中市,石岡區,0,3,0,8,1,5,70,14,9,1,5,4,5,7,4,4,1,4,4,1,12,23,3,10,1,1,B03,7,9,1,8,2,2,,23,23,1,19,8,B03,120.77023,24.27557,2
2022,6,20,7,30,臺中市,神岡區,0,1,0,8,1,5,30,3,2,1,5,4,5,7,4,4,10,5,5,1,17,38,3,10,3,4,B03,7,14,1,8,2,8,,38,38,1,22,9,B03,120.695802,24.24792,2
2022,6,20,7,32,臺中市,南屯區,0,0,0,8,,,50,,,,,,,,,,,,,,,23,,,,,B03,,,1,,1,,,23,23,1,22,,B03,120.599085,24.154778,3
2022,6,20,7,40,臺中市,大雅區,0,1,0,8,1,5,30,11,9,1,5,4,5,7,4,4,10,5,5,2,11,43,2,9,1,1,B03,7,15,1,8,2,15,,43,43,1,22,8,B03,120.66358,24.222669,2
2022,6,20,7,40,臺中市,北區,0,0,0,,,,50,,,,,,,,,,,,,,,19,,,,,B03,,,1,,1,,,19,19,1,5,,B03,120.685119,24.165279,3
2022,6,20,7,41,臺中市,大甲區,0,2,0,8,1,5,50,4,1,1,5,4,5,7,4,4,10,5,5,2,15,6,2,9,1,1,C03,7,9,1,10,2,11,,6,6,1,9,8,C03,120.63681,24.4171,2
2022,6,20,7,45,臺中市,北區,0,2,0,8,1,5,50,4,1,1,5,4,5,7,1,1,10,5,5,2,15,6,3,10,1,1,B12,7,9,1,8,2,1,,6,6,1,22,9,B12,120.666736,24.169773,2
2022,6,20,7,47,臺中市,潭子區,0,1,0,8,1,5,50,4,2,1,5,4,5,7,1,1,3,4,4,1,16,8,3,10,1,1,B03,7,5,1,8,2,6,,8,8,1,22,8,B03,120.712285,24.2095,2
2022,6,20,7,50,臺中市,清水區,0,1,0,8,2,5,50,3,1,1,5,4,5,7,3,1,10,5,5,2,16,9,3,10,1,1,B03,7,6,1,8,2,6,,9,9,1,5,5,B03,120.537851,24.280945,2
2022,6,20,7,50,臺中市,大甲區,0,0,0,8,,,50,,,,,,,,,,,,,,,23,,,,,B03,,,1,,2,,,23,23,1,22,,B03,120.652581,24.38031,3
2022,6,20,7,55,臺中市,清水區,0,0,0,8,1,5,50,3,1,1,5,4,5,7,3,1,1,4,5,1,16,6,3,10,1,1,B03,7,5,1,8,1,5,,6,6,1,5,5,B03,120.55282,24.2803,4
2022,6,20,7,56,臺中市,大雅區,0,1,0,8,1,5,50,3,1,1,5,4,5,7,1,1,5,4,4,1,16,8,3,10,1,1,B03,7,5,1,8,2,1,,8,8,1,22,9,B03,120.644118,24.208067,2
2022,6,20,7,58,臺中市,龍井區,0,0,0,8,,,60,,,,,,,,,,,,,,,12,,,,,B03,,,1,,2,,,44,12,1,22,,B03,120.575702,24.177438,3
2022,6,20,8,0,臺中市,神岡區,0,1,0,8,1,5,50,3,1,1,5,4,5,7,4,4,1,4,4,1,17,7,2,9,1,1,C03,7,7,1,10,2,13,,7,7,1,12,8,C03,120.699301,24.236012,2
2022,6,20,8,4,臺中市,豐原區,0,0,0,8,,,50,,,,,,,,,,,,,,,6,,,,,B03,,,1,,2,,,6,6,1,22,,B03,120.715123,24.249149,3
2022,6,20,8,5,臺中市,南屯區,0,2,0,8,1,5,50,4,1,1,5,4,5,7,2,1,10,5,5,2,16,6,3,10,3,4,B03,7,5,1,8,2,2,,6,6,1,21,8,B03,120.635264,24.15114,2
2022,6,20,8,7,臺中市,大里區,0,1,0,8,1,5,50,14,9,1,5,4,5,7,4,4,5,5,4,1,16,19,3,10,1,1,B03,7,1,1,8,1,8,,19,19,1,5,8,B03,120.675111,24.112293,2
2022,6,20,8,16,臺中市,北屯區,0,1,0,8,1,5,50,5,1,1,5,4,5,7,4,4,10,5,5,2,3,51,3,10,1,1,C03,7,9,1,10,2,11,,23,51,1,21,8,C03,120.668834,24.175869,2
2022,6,20,8,20,臺中市,霧峰區,0,0,0,8,,,30,,,,,,,,,,,,,,,12,,,,,B12,,,1,,2,,,12,12,1,22,,B12,120.700434,24.065208,3
2022,6,20,8,24,臺中市,潭子區,0,0,0,8,,,50,,,,,,,,,,,,,,,7,,,,,B03,,,1,,2,,,7,7,1,20,,B03,120.685481,24.210856,3
2022,6,20,8,24,臺中市,梧棲區,0,1,0,8,1,5,40,14,8,1,5,4,5,7,4,4,1,4,3,1,16,6,3,10,1,1,B03,7,1,1,8,2,8,,6,6,1,9,8,B03,120.546577,24.246142,2
2022,6,20,8,29,臺中市,大里區,0,0,0,8,,,40,,,,,,,,,,,,,,,17,,,,,B03,,,1,,2,,,17,17,1,22,,B03,120.694196,24.118785,3
2022,6,20,8,30,臺中市,南屯區,0,0,0,8,,,40,,,,,,,,,,,,,,,23,,,,,B03,,,1,,9,,,23,23,1,22,,B03,120.652614,24.144059,3
2022,6,20,8,37,臺中市,南屯區,0,1,0,8,1,5,50,3,2,1,5,4,5,7,4,4,1,3,4,2,16,19,3,10,1,1,C03,7,6,1,10,2,11,,23,19,1,22,8,C03,120.646776,24.138016,2
2022,6,20,8,40,臺中市,南屯區,0,0,0,8,,,50,,,,,,,,,,,,,,,12,,,,,B03,,,1,,1,,,12,12,1,21,,B03,120.645357,24.148212,3
2022,6,20,8,40,臺中市,南屯區,0,0,0,8,,,40,,,,,,,,,,,,,,,26,,,,,B03,,,1,,1,,,26,26,1,22,,B03,120.624722,24.151666,3
2022,6,20,8,50,臺中市,南屯區,0,3,0,8,1,5,50,3,1,1,5,4,5,7,4,4,5,4,4,2,16,42,2,9,3,4,C03,7,5,1,10,2,14,,42,42,1,22,9,C03,120.611995,24.140289,2
2022,6,20,8,58,臺中市,中區,0,1,0,8,1,5,50,4,1,1,5,4,5,7,1,1,10,5,5,2,15,25,3,10,3,4,B11,7,9,1,3,2,8,,25,25,1,10,8,B11,120.682536,24.137025,2
2022,6,20,9,0,臺中市,西區,0,1,0,8,1,5,30,3,1,1,5,4,5,7,4,4,10,5,5,2,16,6,3,10,1,1,B03,7,5,1,8,2,8,,6,6,1,22,9,B03,120.662675,24.158048,2
2022,6,20,9,4,臺中市,后里區,0,0,0,,,,50,,,,,,,,,,,,,,,23,,,,,B03,,,1,,2,,,23,,1,4,,B03,120.696852,24.313183,3
2022,6,20,9,8,臺中市,霧峰區,0,2,0,8,1,5,50,4,1,1,5,4,5,7,2,1,10,5,5,2,16,6,3,10,1,1,B12,7,5,1,8,2,5,,6,6,1,4,5,B12,120.695538,24.041503,2
2022,6,20,9,10,臺中市,南屯區,0,1,0,8,1,5,50,4,1,1,5,4,5,7,2,1,10,5,5,2,16,27,3,10,1,1,B03,7,6,1,8,2,5,,27,27,1,22,9,B03,120.623888,24.145,2
2022,6,20,9,20,臺中市,北區,0,0,0,,,,50,,,,,,,,,,,,,,,43,,,,,,,,,,,,,43,43,1,,,,120.681796,24.144577,3
2022,6,20,9,23,臺中市,北屯區,0,2,0,8,1,5,50,4,1,1,5,4,5,7,1,1,10,5,5,2,15,25,2,9,1,1,C03,7,9,1,10,2,11,,25,25,1,21,8,C03,120.686813,24.166934,2
2022,6,20,9,31,臺中市,西區,0,1,0,8,1,5,50,3,1,1,5,4,5,7,4,4,10,5,5,2,16,10,3,10,1,1,B03,7,11,1,8,2,4,,10,10,1,22,8,B03,120.654189,24.153578,2
2022,6,20,9,44,臺中市,豐原區,0,1,0,8,1,5,60,14,7,1,5,4,5,7,4,4,1,4,4,2,12,23,2,8,1,1,C03,7,4,1,10,2,14,,23,23,1,22,8,C03,120.721475,24.236686,2
2022,6,20,9,45,臺中市,大雅區,0,1,0,8,1,5,30,4,1,1,5,4,5,7,4,4,10,5,5,2,15,23,3,10,1,1,B12,7,9,1,8,2,1,,23,23,1,22,8,B12,120.66893,24.233502,2
2022,6,20,9,45,臺中市,大里區,0,2,0,8,1,5,50,5,1,1,5,4,5,7,1,1,10,5,5,2,16,6,2,9,1,1,C03,7,6,1,10,2,14,,6,6,1,5,5,C03,120.689971,24.11323,2
2022,6,20,9,50,臺中市,清水區,0,0,0,,,,50,,,,,,,,,,,,,,,19,,,,,B03,,,1,,2,,,19,19,1,4,,B03,120.577024,24.273945,3
2022,6,20,9,55,臺中市,中區,0,1,0,8,1,5,50,4,1,1,5,4,5,7,1,1,10,5,5,2,17,42,3,10,3,4,B03,7,5,1,8,2,8,,42,42,1,21,8,B03,120.685703,24.143152,2
2022,6,20,9,55,臺中市,北屯區,0,0,0,8,,,50,,,,,,,,,,,,,,,7,,,,,A41,,,1,,1,,,7,,1,10,,A41,120.6653,24.2007,3
2022,6,20,9,56,臺中市,大甲區,0,1,0,8,1,5,50,3,2,1,5,4,5,7,4,4,5,5,5,1,16,6,2,9,1,1,C03,7,6,1,10,2,14,,6,6,1,22,9,C03,120.618907,24.346306,2
2022,6,20,10,8,臺中市,梧棲區,0,1,0,8,1,7,50,4,2,1,5,4,5,7,1,1,10,5,5,2,16,25,3,10,1,1,B03,7,9,1,8,2,2,,25,25,1,9,8,B03,120.535358,24.235856,2
2022,6,20,10,10,臺中市,神岡區,0,0,0,8,,,50,,,,,,,,,,,,,,,12,,,,,B03,,,1,,2,,,12,12,1,12,,B03,120.681211,24.251678,3
2022,6,20,10,16,臺中市,大里區,0,1,0,8,1,5,50,4,2,1,5,4,5,7,4,4,9,5,4,1,16,8,3,10,1,1,B02,7,5,1,8,2,1,,8,8,1,22,8,B02,120.71403,24.09424,2
2022,6,20,10,29,臺中市,西屯區,0,1,0,8,1,5,50,14,9,1,5,4,5,7,4,4,5,5,5,2,16,4,2,9,3,4,C03,7,1,1,10,2,11,,4,4,1,22,8,C03,120.665556,24.174248,2
2022,6,20,10,30,臺中市,西區,0,1,0,8,1,5,50,4,2,1,5,4,5,7,1,1,5,4,5,2,16,7,2,9,3,4,C03,7,8,1,10,2,12,,7,7,1,22,5,C03,120.664332,24.146683,2
2022,6,20,10,34,臺中市,北區,0,2,0,8,1,5,50,3,1,1,5,4,5,7,4,4,10,5,5,2,17,23,3,10,1,1,B12,7,9,1,8,2,8,,23,23,1,22,9,B12,120.676668,24.152213,2
2022,6,20,10,35,臺中市,大雅區,0,0,0,8,,,50,,,,,,,,,,,,,,,23,,,,,A11,,,1,,2,,,23,23,1,22,,A11,120.65019,24.212057,3
2022,6,20,10,50,臺中市,清水區,0,0,0,8,1,5,70,5,2,1,5,4,5,7,1,1,1,4,1,1,12,17,3,10,1,1,B02,7,9,1,10,2,7,,17,17,1,5,5,B02,120.54023,24.28902,3
2022,6,20,10,59,臺中市,東區,0,1,0,8,1,5,50,4,1,1,5,4,5,7,1,1,10,5,5,2,17,6,3,10,1,1,B01,7,6,1,4,2,5,,6,6,1,5,8,B01,120.697549,24.144754,2
2022,6,20,10,59,臺中市,霧峰區,0,0,0,8,,,50,,,,,,,,,,,,,,,18,,,,,B12,,,1,,2,,,18,18,1,4,,B12,120.69723,24.064525,3