年,月,日,時,分,縣市,區,死,受傷,2-30,天候,光線,道路類別,速限,道路型態,事故位置,路面鋪裝,路面狀態,路面缺陷,障礙物,視距,號誌種類,號誌動作,分向設施,快車道或一般車道間,快慢車道間,路面邊線,事故類型及型態,主要肇因,受傷程度,主要傷處,保護裝備,行動電話,當事者區分,車輛用途,當事者行動狀態,駕駛資格情形,駕駛執照種類,飲酒情形,車輛撞擊部位最初,車輛撞擊部位其他,肇事因素個別,肇事因素主要,肇事逃逸,職業,旅次目的,車種,GPS緯度,GPS經度,事故類別
2022,6,20,11,2,臺中市,大雅區,0,1,0,8,1,5,30,5,1,1,5,4,4,7,4,4,10,4,5,1,16,10,2,9,1,1,C03,7,11,1,10,2,11,,10,10,1,22,9,C03,120.653612,24.232709,2
2022,6,20,11,6,臺中市,北屯區,0,1,0,8,1,5,50,4,1,1,5,4,5,7,1,1,10,5,5,2,16,27,3,10,1,1,B03,7,15,1,8,2,5,,27,27,1,21,8,B03,120.707901,24.182393,2
2022,6,20,11,9,臺中市,西屯區,0,0,0,8,,,50,,,,,,,,,,,,,,,16,,,,,B12,,,1,,1,,,16,16,1,21,,B12,120.605463,24.187327,3
2022,6,20,11,9,臺中市,大里區,0,0,0,8,,,50,,,,,,,,,,,,,,,23,,,,,B03,,,1,,2,,,23,23,1,5,,B03,120.681353,24.100273,3
2022,6,20,11,9,臺中市,梧棲區,0,1,0,8,1,5,70,4,1,1,5,4,5,7,1,1,10,5,5,2,16,42,3,10,1,1,B12,7,6,1,8,2,2,,42,42,1,9,1,B12,120.534224,24.250288,2
2022,6,20,11,14,臺中市,北屯區,0,0,0,8,,,50,,,,,,,,,,,,,,,42,,,,,B12,,,1,,1,,,42,42,1,10,,B12,120.69133,24.165976,3
2022,6,20,11,15,臺中市,南屯區,0,2,0,8,1,5,50,4,1,1,5,4,5,7,2,1,4,3,5,2,16,6,2,9,1,1,C03,7,5,1,10,2,14,11,6,6,1,22,8,C03,120.647153,24.146358,2
2022,6,20,11,17,臺中市,霧峰區,0,0,0,8,,,50,,,,,,,,,,,,,,,12,,,,,B03,,,1,,2,,,12,,1,21,,B03,120.697017,24.064484,3
2022,6,20,11,27,臺中市,北屯區,0,0,0,8,,,50,,,,,,,,,,,,,,,23,,,,,C03,,,1,,2,,,23,23,1,21,,C03,120.727071,24.176351,3
2022,6,20,11,30,臺中市,北區,0,1,0,8,1,5,50,4,1,1,5,4,5,7,1,3,5,5,5,2,16,6,3,10,1,1,C03,7,5,1,10,2,14,,6,6,1,5,8,C03,120.679461,24.153583,2
2022,6,20,11,30,臺中市,大安區,0,1,0,8,1,5,30,3,2,1,5,4,5,7,4,4,10,5,5,1,16,6,2,8,1,1,C03,7,6,1,10,2,11,,6,6,1,10,4,C03,120.577149,24.356342,2
2022,6,20,11,30,臺中市,神岡區,0,1,0,8,1,5,50,4,1,1,5,4,5,7,1,1,5,4,5,1,17,6,3,10,1,1,B01,7,6,1,4,2,2,,6,6,1,10,8,B01,120.682535,24.243361,2
2022,6,20,11,34,臺中市,南屯區,0,1,0,8,1,5,30,14,9,1,5,4,5,7,4,4,10,5,5,2,12,17,2,8,1,4,C03,7,4,1,10,2,12,,17,17,1,23,8,C03,120.640486,24.141048,2
2022,6,20,11,34,臺中市,北屯區,0,1,0,8,1,5,50,5,1,1,5,4,5,7,1,1,10,5,5,2,12,6,3,10,3,4,B03,7,6,1,8,2,5,,6,6,1,21,8,B03,120.686355,24.188613,2
2022,6,20,11,35,臺中市,清水區,0,0,0,,,,50,,,,,,,,,,,,,,,23,,,,,B03,,,1,,2,,,23,23,1,5,,B03,120.577274,24.276239,3
2022,6,20,11,41,臺中市,北屯區,0,0,0,8,,,50,,,,,,,,,,,,,,,23,,,,,C03,,,1,,2,,,23,,1,4,,C03,120.6834,24.1718,3
2022,6,20,11,50,臺中市,清水區,0,0,0,8,1,5,30,14,9,1,5,4,5,7,4,4,10,5,5,2,14,12,3,10,1,1,A41,7,2,1,1,2,7,,12,12,1,5,5,A41,120.613596,24.290934,3
2022,6,20,11,56,臺中市,北屯區,0,1,0,8,1,5,50,4,2,1,5,4,5,7,2,1,1,4,4,1,16,6,3,10,1,1,B03,7,11,1,8,2,2,,6,6,1,21,8,B03,120.68623,24.18366,2
2022,6,20,12,0,臺中市,豐原區,0,0,0,8,,,50,,,,,,,,,,,,,,,23,,,,,B03,,,1,,2,,,23,23,1,22,,B03,120.706214,24.250048,3
2022,6,20,12,1,臺中市,大雅區,0,0,0,8,,,50,,,,,,,,,,,,,,,17,,,,,B03,,,1,,2,,,17,17,1,22,,B03,120.66763,24.21569,3
2022,6,20,12,4,臺中市,梧棲區,0,0,0,8,,,50,,,,,,,,,,,,,,,23,,,,,B03,,,1,,2,,,23,23,1,9,,B03,120.533578,24.26081,3
2022,6,20,12,5,臺中市,南屯區,0,2,0,8,1,5,50,4,1,1,5,4,5,7,2,1,10,5,5,2,16,9,3,10,1,1,B03,7,6,1,8,2,2,,9,9,1,22,9,B03,120.650277,24.146666,2
2022,6,20,12,11,臺中市,南屯區,0,0,0,8,,,50,,,,,,,,,,,,,,,12,,,,,B03,,,1,,1,,,12,12,1,22,,B03,120.646868,24.142353,3
2022,6,20,12,12,臺中市,大里區,0,1,0,8,1,5,50,14,9,1,5,4,5,7,4,4,5,5,4,2,16,19,3,10,1,1,B03,7,1,1,8,2,4,,19,19,1,22,8,B03,120.686103,24.100011,2
2022,6,20,12,14,臺中市,豐原區,0,2,0,8,1,5,50,3,1,1,5,4,5,7,4,4,10,5,5,2,17,23,3,10,1,1,C03,7,9,2,18,2,12,,23,23,2,22,8,C03,120.728922,24.255003,2
2022,6,20,12,22,臺中市,西屯區,0,1,0,8,1,5,80,14,9,1,5,4,5,7,4,4,1,4,5,2,16,23,2,7,1,1,B03,7,9,1,8,2,1,,23,23,1,4,8,B03,120.661356,24.200846,2
2022,6,20,12,23,臺中市,北區,0,1,0,8,1,5,50,4,1,1,5,4,5,7,2,1,10,5,5,2,16,6,3,10,1,1,B03,7,5,1,8,2,6,,6,6,1,22,9,B03,120.685395,24.152786,2
2022,6,20,12,30,臺中市,豐原區,0,2,0,8,1,5,30,11,9,1,5,4,5,3,4,4,10,5,5,2,11,5,2,8,1,1,C03,7,9,4,11,2,11,,5,5,1,22,8,C03,120.73806,24.254685,2
2022,6,20,12,32,臺中市,北區,0,0,0,8,,,50,,,,,,,,,,,,,,,23,,,,,A11,,,1,,2,,,23,23,1,10,,A11,120.693938,24.159543,3
2022,6,20,12,32,臺中市,梧棲區,0,2,0,8,1,5,50,4,1,1,5,4,5,7,4,4,10,5,5,2,15,6,2,9,1,1,C03,7,9,1,10,2,11,,6,6,1,9,1,C03,120.539673,24.262468,2
2022,6,20,12,35,臺中市,梧棲區,0,0,0,8,,,70,,,,,,,,,,,,,,,7,,,,,A41,,,1,,1,,,7,7,1,10,,A41,120.539313,24.248991,4
2022,6,20,12,40,臺中市,南屯區,0,0,0,8,,,50,,,,,,,,,,,,,,,43,,,,,B03,,,1,,11,,,43,43,1,21,,B03,120.638392,24.142612,3
2022,6,20,12,45,臺中市,西區,0,2,0,8,1,5,40,4,2,1,5,4,5,7,1,1,10,5,5,2,13,16,2,9,3,4,C03,7,9,1,10,2,11,,16,16,1,21,8,C03,120.675824,24.144364,2
2022,6,20,12,46,臺中市,西區,0,1,0,8,1,5,50,4,1,1,5,4,5,7,1,1,10,5,5,2,13,16,2,8,1,1,C04,7,9,1,11,1,11,,16,16,1,22,9,C04,120.674962,24.138062,2
2022,6,20,12,46,臺中市,豐原區,0,0,0,8,,,50,,,,,,,,,,,,,,,42,,,,,B12,,,1,,2,,,42,42,1,22,,B12,120.718538,24.257426,3
2022,6,20,12,49,臺中市,大里區,0,1,0,8,1,5,60,4,2,1,5,4,5,7,1,1,1,4,4,2,23,42,2,9,1,1,C03,7,9,1,10,2,14,,42,42,1,22,8,C03,120.688381,24.083357,2
2022,6,20,12,55,臺中市,北屯區,0,0,0,8,,,50,,,,,,,,,,,,,,,16,,,,,C03,,,1,,1,,,16,16,1,21,,C03,120.687966,24.172971,3
2022,6,20,12,55,臺中市,北屯區,0,0,0,8,,,40,,,,,,,,,,,,,,,16,,,,,B03,,,1,,1,,,16,16,1,22,,B03,120.721195,24.175255,3
2022,6,20,12,56,臺中市,西區,0,1,0,8,1,5,50,4,1,1,5,4,5,7,1,1,10,5,5,2,13,23,3,10,1,1,B03,7,9,1,8,2,8,,23,23,1,22,8,B03,120.663884,24.157614,2
2022,6,20,13,0,臺中市,豐原區,0,0,0,8,,,50,,,,,,,,,,,,,,,18,,,,,B03,,,1,,2,,,18,18,1,22,,B03,120.712285,24.260556,3
2022,6,20,13,1,臺中市,梧棲區,0,2,0,8,1,5,50,4,1,1,5,4,5,7,4,4,10,5,5,2,16,6,2,9,1,1,C03,7,9,1,10,2,11,,14,6,1,5,1,C03,120.523135,24.232703,2
2022,6,20,13,10,臺中市,南屯區,0,0,0,8,,,30,,,,,,,,,,,,,,,17,,,,,B03,,,1,,1,,,17,17,1,22,,B03,120.650555,24.149166,3
2022,6,20,13,10,臺中市,大里區,0,0,0,8,,,50,,,,,,,,,,,,,,,16,,,,,B01,,,1,,2,,,16,16,2,10,,B01,120.702671,24.098022,3
2022,6,20,13,21,臺中市,豐原區,0,0,0,8,,,50,,,,,,,,,,,,,,,23,,,,,B03,,,1,,2,,,23,23,1,22,,B03,120.719013,24.236557,3
2022,6,20,13,26,臺中市,神岡區,0,0,0,8,,,30,,,,,,,,,,,,,,,23,,,,,B03,,,1,,1,,,23,23,1,22,,B03,120.689256,24.262505,3
2022,6,20,13,36,臺中市,霧峰區,0,1,0,8,1,5,30,3,1,1,5,4,5,7,4,4,10,5,5,1,16,9,3,10,1,1,B03,7,6,1,8,2,5,,9,9,1,22,8,B03,120.67966,24.06394,2
2022,6,20,13,36,臺中市,清水區,0,0,0,8,,,50,,,,,,,,,,,,,,,26,,,,,A41,,,1,,1,,,26,26,1,5,,A41,120.538878,24.283033,3
2022,6,20,13,40,臺中市,烏日區,0,0,0,8,,,50,,,,,,,,,,,,,,,12,,,,,B12,,,1,,2,,,12,12,1,21,,B12,120.644875,24.089472,3
2022,6,20,13,47,臺中市,北區,0,0,0,8,,,50,,,,,,,,,,,,,,,23,,,,,B03,,,1,,2,,,23,23,1,22,,B03,120.686478,24.146325,3
2022,6,20,13,48,臺中市,北區,0,0,0,8,,,50,,,,,,,,,,,,,,,23,,,,,C03,,,1,,1,,,23,23,1,22,,C03,120.685767,24.154493,3
2022,6,20,13,49,臺中市,西屯區,0,1,0,8,1,5,50,14,7,1,5,4,5,7,4,4,5,5,4,2,16,43,3,10,1,1,B03,7,9,1,8,2,5,,43,43,1,4,8,B03,120.644386,24.202398,2
2022,6,20,13,49,臺中市,沙鹿區,0,4,0,8,1,5,30,3,1,1,5,4,5,7,4,4,10,5,5,2,17,6,2,7,1,1,B03,7,6,1,8,2,8,,6,6,1,18,8,B03,120.568518,24.243229,2
2022,6,20,13,54,臺中市,大里區,0,2,0,8,1,5,50,3,9,1,5,4,5,7,4,4,1,4,4,1,12,23,2,9,1,1,C03,7,9,1,10,2,14,,23,23,1,5,8,C03,120.687533,24.094958,2
2022,6,20,13,55,臺中市,豐原區,0,1,0,8,1,5,50,4,9,1,5,4,5,7,3,1,4,5,5,2,17,42,3,10,3,4,C03,7,6,1,10,2,14,,42,42,1,22,8,C03,120.719661,24.25714,2
2022,6,20,13,59,臺中市,東區,0,1,0,8,1,5,30,3,1,1,5,4,5,7,4,4,10,5,5,2,17,19,3,10,1,1,C03,7,1,1,10,9,11,,19,19,2,5,8,C03,120.706074,24.133054,2
2022,6,20,14,2,臺中市,北屯區,0,0,0,8,,,40,,,,,,,,,,,,,,,12,,,,,B12,,,1,,2,,,12,12,1,22,,B12,120.670278,24.175886,3
2022,6,20,14,15,臺中市,南屯區,0,0,0,8,,,50,,,,,,,,,,,,,,,12,,,,,B03,,,1,,1,,,12,12,1,22,,B03,120.64637,24.131073,3
2022,6,20,14,32,臺中市,東區,0,0,0,,,,50,,,,,,,,,,,,,,,23,,,,,B03,,,1,,2,,,23,23,1,20,,B03,120.697046,24.144908,3
2022,6,20,14,48,臺中市,南區,0,1,0,8,1,5,50,3,2,1,5,4,5,7,4,4,5,5,4,2,13,16,3,10,1,1,B03,7,9,1,8,2,1,,16,16,1,5,8,B03,120.662083,24.126738,2
2022,6,20,14,48,臺中市,北屯區,0,0,0,8,,,30,,,,,,,,,,,,,,,23,,,,,C03,,,1,,2,,,23,23,1,21,,C03,120.667286,24.184415,3
2022,6,20,14,55,臺中市,南屯區,0,0,0,8,,,50,,,,,,,,,,,,,,,42,,,,,C03,,,1,,1,,,42,42,1,22,,C03,120.653013,24.141283,3
2022,6,20,15,12,臺中市,南區,0,0,0,,,,50,,,,,,,,,,,,,,,23,,,,,C03,,,1,,2,,,23,23,1,22,,C03,120.697258,24.14428,3
2022,6,20,15,14,臺中市,大里區,0,2,0,8,1,5,50,4,1,1,5,4,5,7,1,1,5,2,5,1,17,8,2,9,1,1,C03,7,5,1,10,2,14,,8,8,1,22,9,C03,120.697859,24.0945,2
2022,6,20,15,16,臺中市,大甲區,0,0,0,,,,50,,,,,,,,,,,,,,,10,,,,,B03,,,1,,1,,,10,10,1,21,,B03,120.63198,24.35341,3
2022,6,20,15,17,臺中市,北區,0,0,0,8,,,50,,,,,,,,,,,,,,,12,,,,,B03,,,1,,2,,,12,12,1,21,,B03,120.694828,24.15514,3
2022,6,20,15,17,臺中市,梧棲區,0,1,0,8,1,5,60,14,9,1,5,4,5,7,4,4,1,4,5,1,16,19,3,10,1,1,B12,7,1,1,1,2,8,,19,19,1,22,8,B12,120.540199,24.25995,2
2022,6,20,15,22,臺中市,南屯區,0,0,0,8,,,50,,,,,,,,,,,,,,,26,,,,,B12,,,6,,11,,,26,26,1,22,,B12,120.609834,24.155011,3
2022,6,20,15,23,臺中市,霧峰區,0,0,0,8,,,30,,,,,,,,,,,,,,,17,,,,,B03,,,1,,2,,,17,17,1,22,,B03,120.717773,24.073725,3
2022,6,20,15,30,臺中市,大雅區,0,1,0,8,1,5,50,4,1,1,5,4,5,7,1,1,1,4,4,1,17,43,3,10,1,1,B03,7,6,1,8,2,2,,43,43,1,21,8,B03,120.644375,24.227213,2
2022,6,20,15,33,臺中市,大甲區,0,0,0,8,,,60,,,,,,,,,,,,,,,42,,,,,B12,,,1,,2,,,42,42,2,9,,B12,120.61814,24.33879,3
2022,6,20,15,36,臺中市,霧峰區,0,0,0,8,,,60,,,,,,,,,,,,,,,19,,,,,B12,,,1,,2,,,19,19,1,22,,B12,120.69343,24.047824,3
2022,6,20,15,40,臺中市,太平區,0,0,0,8,,,50,,,,,,,,,,,,,,,7,,,,,A11,,,1,,1,,,7,7,1,21,,A11,120.712303,24.125998,3
2022,6,20,15,40,臺中市,太平區,0,2,0,8,1,5,80,14,9,1,5,4,5,7,4,4,5,5,5,1,13,23,2,9,1,1,B03,7,9,1,8,2,1,,23,23,1,21,8,B03,120.710725,24.141557,2
2022,6,20,15,46,臺中市,大里區,0,1,0,8,1,5,30,14,9,2,5,4,5,7,4,4,10,5,5,2,29,66,,,,,,,,,,,,,66,66,1,,,,120.694146,24.090432,2
2022,6,20,15,47,臺中市,大里區,0,0,0,8,,,25,,,,,,,,,,,,,,,26,,,,,B03,,,1,,2,,,26,26,1,22,,B03,120.699008,24.11013,3
2022,6,20,15,51,臺中市,豐原區,0,0,0,8,,,30,,,,,,,,,,,,,,,6,,,,,B03,,,1,,2,,,6,6,1,22,,B03,120.768455,24.260873,3
2022,6,20,15,53,臺中市,大肚區,0,0,0,8,,,40,,,,,,,,,,,,,,,23,,,,,B03,,,1,,2,,,23,23,1,22,,B03,120.582392,24.169894,3
2022,6,20,16,0,臺中市,烏日區,0,1,0,8,1,5,30,3,1,1,5,4,5,7,4,4,10,5,5,2,17,23,3,10,1,1,B03,7,9,1,8,2,6,,23,23,1,21,8,B03,120.632782,24.107648,2
2022,6,20,16,11,臺中市,豐原區,0,1,0,8,1,5,50,14,7,1,5,4,5,7,4,4,5,5,4,2,17,23,2,9,1,1,C03,7,9,1,10,2,11,,23,23,1,22,8,C03,120.712399,24.23972,2
2022,6,20,16,12,臺中市,潭子區,0,0,0,8,,,50,,,,,,,,,,,,,,,16,,,,,B03,,,1,,2,,,16,16,1,22,,B03,120.707532,24.199439,3
2022,6,20,16,18,臺中市,南屯區,0,1,0,8,1,5,50,3,1,1,5,4,5,7,1,1,5,4,4,2,16,9,3,10,3,4,B03,7,6,1,8,2,5,,9,9,1,22,9,B03,120.609926,24.140475,2
2022,6,20,16,20,臺中市,南屯區,0,0,0,8,,,40,,,,,,,,,,,,,,,26,,,,,B01,,,1,,2,,,26,26,1,22,,B01,120.623843,24.152399,3
2022,6,20,16,21,臺中市,太平區,0,0,0,8,,,50,,,,,,,,,,,,,,,23,,,,,B03,,,1,,2,,,23,23,1,21,,B03,120.707499,24.127001,3
2022,6,20,16,25,臺中市,東區,0,0,0,,,,50,,,,,,,,,,,,,,,16,,,,,B03,,,1,,2,,,16,16,1,5,,B03,120.697392,24.147945,3
2022,6,20,16,30,臺中市,大肚區,0,0,0,,,,30,,,,,,,,,,,,,,,12,,,,,A12,,,1,,1,,,12,12,1,4,,A12,120.533847,24.16547,3
2022,6,20,16,32,臺中市,北區,0,1,0,8,1,5,50,3,1,1,5,4,5,7,4,4,2,4,4,2,16,9,3,10,1,1,C03,7,9,1,10,2,14,,23,9,1,22,8,C03,120.688613,24.15662,2
2022,6,20,16,36,臺中市,梧棲區,0,1,0,8,1,5,30,3,1,1,5,4,3,7,4,4,10,5,5,2,16,6,3,10,1,1,C03,7,5,2,18,2,11,,6,6,1,18,8,C03,120.538885,24.245941,2
2022,6,20,16,40,臺中市,霧峰區,0,1,0,8,1,5,50,14,9,1,5,4,5,7,4,4,5,5,5,1,13,16,2,8,1,1,A41,7,9,1,1,2,1,,16,16,1,22,8,A41,120.67747,24.074143,2
2022,6,20,16,43,臺中市,東區,0,1,0,8,1,5,50,3,1,1,5,4,5,7,4,4,5,5,5,2,13,23,3,10,1,1,B03,7,9,1,8,2,1,,23,23,1,3,5,B03,120.700999,24.135767,2
2022,6,20,16,43,臺中市,南屯區,0,1,0,8,1,5,50,14,8,1,5,4,5,7,4,4,5,4,4,2,16,19,3,10,1,1,B03,7,1,1,8,2,1,,19,19,1,22,9,B03,120.649806,24.152528,2
2022,6,20,16,50,臺中市,大雅區,0,1,0,8,1,5,30,3,1,1,5,4,5,7,3,1,10,4,5,1,16,6,3,10,1,1,B03,7,9,1,8,2,2,,6,6,1,22,9,B03,120.666043,24.237582,2
2022,6,20,16,52,臺中市,沙鹿區,0,1,0,8,1,5,50,14,7,1,5,4,5,7,4,4,8,5,4,2,17,23,2,9,1,1,C03,7,9,1,10,2,11,,23,23,1,21,8,C03,120.575661,24.226147,2
2022,6,20,17,0,臺中市,清水區,0,1,0,8,2,5,50,3,1,1,5,4,5,7,1,3,1,3,4,2,16,6,3,10,1,1,B12,7,6,1,8,2,2,,6,6,1,21,8,B12,120.546151,24.299723,2
2022,6,20,17,10,臺中市,南屯區,0,0,0,8,,,50,,,,,,,,,,,,,,,23,,,,,B03,,,1,,1,,,23,23,1,22,,B03,120.643246,24.140335,3
2022,6,20,17,11,臺中市,大里區,0,2,0,8,1,5,50,3,1,1,5,4,5,7,4,4,10,5,5,2,17,4,2,9,4,1,F01,7,9,8,20,2,16,,4,4,1,22,9,F01,120.697307,24.107932,2
2022,6,20,17,12,臺中市,南區,0,0,0,8,,,50,,,,,,,,,,,,,,,23,,,,,B03,,,1,,2,,,23,23,1,5,,B03,120.663394,24.119716,3
2022,6,20,17,17,臺中市,南屯區,0,1,0,8,1,5,40,3,1,1,5,4,5,7,4,4,10,5,5,2,17,10,3,10,1,1,C03,7,11,1,10,2,15,,10,10,1,22,8,C03,120.634738,24.154703,2
2022,6,20,17,17,臺中市,大里區,0,0,0,8,,,40,,,,,,,,,,,,,,,23,,,,,B03,,,3,,2,,,23,23,1,5,,B03,120.677871,24.116903,3
2022,6,20,17,20,臺中市,北區,0,1,0,8,1,5,50,4,1,1,5,4,5,7,1,1,1,3,4,2,17,37,3,10,1,1,A12,7,9,1,7,11,15,,37,37,1,21,8,A12,120.672565,24.168787,2
2022,6,20,17,24,臺中市,東區,0,0,0,8,,,30,,,,,,,,,,,,,,,23,,,,,B03,,,1,8,11,,,43,23,1,5,,B03,120.706633,24.132795,3
2022,6,20,17,26,臺中市,南屯區,0,1,0,8,1,5,50,14,9,1,5,4,5,7,1,1,5,4,5,2,16,6,3,10,3,4,B03,7,6,1,8,2,2,,6,6,1,22,8,B03,120.646423,24.137475,2
2022,6,20,17,28,臺中市,南屯區,0,1,0,8,1,5,50,4,1,1,5,4,5,7,4,4,5,5,5,2,16,1,3,10,1,1,B03,7,5,6,18,2,4,,8,1,1,22,9,B03,120.634556,24.138871,2
2022,6,20,17,32,臺中市,豐原區,0,1,0,8,1,5,50,3,9,1,5,4,5,7,1,1,5,5,5,2,17,23,3,10,3,4,B03,7,6,1,8,2,1,,23,23,1,22,8,B03,120.733306,24.251486,2
2022,6,20,17,38,臺中市,清水區,0,0,0,8,,,40,,,,,,,,,,,,,,,23,,,,,B12,,,1,,1,,,23,23,1,5,,B12,120.545249,24.270872,3
2022,6,20,17,40,臺中市,大肚區,0,0,0,8,,,50,,,,,,,,,,,,,,,43,,,,,B03,,,1,,11,,,43,43,1,4,,B03,120.536403,24.153036,3
2022,6,20,17,45,臺中市,南區,0,0,0,8,,,50,,,,,,,,,,,,,,,23,,,,,C02,,,1,,2,,,23,23,1,22,,C02,120.657782,24.12901,3
2022,6,20,17,45,臺中市,北屯區,0,1,0,8,1,5,50,5,1,1,5,4,5,7,1,1,10,5,5,2,16,25,3,10,1,1,B03,7,5,1,8,2,8,,25,25,1,22,8,B03,120.71258,24.168963,2
2022,6,20,17,46,臺中市,豐原區,0,0,0,8,,,50,,,,,,,,,,,,,,,23,,,,,B03,,,1,,2,,,23,23,1,22,,B03,120.744486,24.255609,3
2022,6,20,17,47,臺中市,豐原區,0,1,0,8,2,5,50,3,1,1,5,4,5,7,4,4,1,2,5,1,16,6,3,10,1,1,B03,7,5,1,8,2,5,,6,6,1,22,8,B03,120.721871,24.274668,2
2022,6,20,17,58,臺中市,大里區,0,0,0,8,,,60,,,,,,,,,,,,,,,23,,,,,B03,,,1,,1,,,23,23,1,5,,B03,120.682807,24.104625,3
2022,6,20,17,58,臺中市,大肚區,0,1,0,8,1,5,50,11,9,1,2,4,5,7,4,4,4,5,5,2,18,23,2,9,1,1,C03,7,9,1,10,2,12,,23,23,1,20,8,C03,120.556884,24.160566,2
2022,6,20,17,59,臺中市,龍井區,0,2,0,8,1,5,50,4,1,1,5,4,5,7,1,1,10,5,5,2,15,25,2,7,1,1,C03,7,9,1,10,2,11,,25,25,1,12,1,C03,120.523862,24.208672,2
2022,6,20,18,0,臺中市,大雅區,0,1,0,8,1,5,40,14,8,1,5,4,5,7,4,4,9,4,5,1,2,23,3,10,1,1,C03,7,9,1,10,2,11,,23,23,1,22,9,C03,120.627382,24.229746,2
2022,6,20,18,0,臺中市,潭子區,0,1,0,8,2,5,50,4,2,1,5,4,5,7,1,1,1,4,4,1,16,6,3,10,1,1,B03,7,6,1,8,2,5,,6,6,1,22,9,B03,120.700648,24.216147,2
2022,6,20,18,1,臺中市,大里區,0,1,0,8,1,5,50,14,9,1,5,4,5,7,4,4,5,4,5,2,16,23,3,10,3,4,B03,7,5,1,8,2,8,,44,23,1,22,8,B03,120.695271,24.096412,2
2022,6,20,18,1,臺中市,大肚區,0,0,0,,,,70,,,,,,,,,,,,,,,16,,,,,B03,,,1,,2,,,16,,1,22,,B03,120.577171,24.118242,3
2022,6,20,18,6,臺中市,南屯區,0,0,0,8,,,50,,,,,,,,,,,,,,,12,,,,,B03,,,1,,1,,,12,12,1,22,,B03,120.609527,24.149372,3
2022,6,20,18,18,臺中市,大肚區,0,1,0,8,1,5,50,11,9,1,2,4,5,7,4,4,4,5,5,2,18,23,2,9,1,1,C03,7,9,1,10,2,12,,23,23,1,20,8,C03,120.556884,24.160566,2
2022,6,20,18,27,臺中市,豐原區,0,1,0,8,3,5,30,11,9,1,5,4,5,7,4,4,10,5,5,2,11,17,3,10,3,4,B03,7,9,1,8,1,4,,17,17,1,22,8,B03,120.717741,24.273471,2
2022,6,20,18,30,臺中市,大肚區,0,1,0,8,1,5,50,11,9,1,2,4,5,7,4,4,4,5,5,2,18,23,2,9,1,1,C03,7,9,1,10,2,12,,23,23,1,20,8,C03,120.556884,24.160566,2
2022,6,20,18,30,臺中市,大甲區,0,0,0,8,,,50,,,,,,,,,,,,,,,42,,,,,B12,,,1,,1,,,42,42,1,10,,B12,120.62309,24.34413,3
2022,6,20,18,39,臺中市,豐原區,0,1,0,8,3,5,50,15,20,1,5,4,5,7,4,4,10,5,5,2,16,26,2,9,3,4,C03,7,9,1,10,2,11,,26,26,1,22,8,C03,120.730294,24.255038,2
2022,6,20,18,40,臺中市,南區,0,0,0,8,,,50,,,,,,,,,,,,,,,23,,,,,B03,,,1,,2,,,23,23,1,5,,B03,120.666591,24.113985,3
2022,6,20,18,50,臺中市,潭子區,0,0,0,8,,,60,,,,,,,,,,,,,,,6,,,,,B03,,,1,,2,,,6,6,1,22,,B03,120.703501,24.201187,3
2022,6,20,18,50,臺中市,西區,0,1,0,8,3,5,50,5,1,1,5,4,5,7,2,1,10,5,5,2,16,8,3,10,1,1,C03,7,5,1,10,1,14,,8,8,1,22,8,C03,120.672018,24.140633,2
2022,6,20,18,53,臺中市,南屯區,0,0,0,8,,,50,,,,,,,,,,,,,,,18,,,,,B03,,,1,,9,,,18,18,1,22,,B03,120.649335,24.153491,3
2022,6,20,19,0,臺中市,北屯區,0,1,0,8,3,5,40,14,16,1,5,4,5,7,4,4,10,5,5,1,13,16,3,10,1,1,B03,7,9,1,8,2,1,,16,16,1,5,8,B03,120.72211,24.186845,2
2022,6,20,19,1,臺中市,北區,0,1,0,8,3,5,50,4,1,1,5,4,5,7,1,1,10,5,5,2,12,6,3,10,3,4,B03,7,6,1,1,2,2,,6,6,1,5,8,B03,120.675858,24.159215,2
2022,6,20,19,1,臺中市,豐原區,0,0,0,8,,,50,,,,,,,,,,,,,,,23,,,,,B03,,,1,,2,,,23,23,1,22,,B03,120.727308,24.256148,3
2022,6,20,19,7,臺中市,北屯區,0,1,0,8,3,5,50,4,1,1,5,4,5,7,2,1,10,5,5,2,13,16,2,7,1,1,C03,7,9,1,10,2,11,,16,16,1,21,8,C03,120.696219,24.167946,2
2022,6,20,19,7,臺中市,霧峰區,0,1,0,8,3,5,50,4,1,1,5,4,5,7,4,4,10,5,5,1,11,6,2,7,1,1,C03,7,5,1,10,2,11,,6,6,1,22,9,C03,120.695646,24.064691,2
2022,6,20,19,15,臺中市,南屯區,0,1,0,8,3,5,40,14,7,1,5,4,5,7,1,1,5,5,4,2,13,23,2,9,1,1,C03,7,9,1,10,2,11,,23,23,1,22,8,C03,120.635698,24.133155,2