年,月,日,時,分,縣市,區,死,受傷,2-30,天候,光線,道路類別,速限,道路型態,事故位置,路面鋪裝,路面狀態,路面缺陷,障礙物,視距,號誌種類,號誌動作,分向設施,快車道或一般車道間,快慢車道間,路面邊線,事故類型及型態,主要肇因,受傷程度,主要傷處,保護裝備,行動電話,當事者區分,車輛用途,當事者行動狀態,駕駛資格情形,駕駛執照種類,飲酒情形,車輛撞擊部位最初,車輛撞擊部位其他,肇事因素個別,肇事因素主要,肇事逃逸,職業,旅次目的,車種,GPS緯度,GPS經度,事故類別
2022,6,21,13,4,臺中市,南屯區,0,1,0,8,1,5,50,3,1,1,5,4,5,7,4,4,5,4,4,2,16,8,2,9,3,4,C03,7,5,1,10,2,14,,8,8,1,22,9,C03,120.595145,24.140443,2
2022,6,21,13,5,臺中市,北屯區,0,0,0,8,,,50,,,,,,,,,,,,,,,23,,,,,B03,,,1,,2,,,23,23,1,22,,B03,120.699515,24.164543,3
2022,6,21,13,10,臺中市,大里區,0,0,0,8,,,50,,,,,,,,,,,,,,,42,,,,,B03,,,1,,2,,,42,42,1,22,,B03,120.719606,24.098015,3
2022,6,21,13,22,臺中市,東區,0,2,0,8,1,5,50,4,1,1,5,4,5,7,4,4,10,5,5,2,13,23,2,9,1,1,C03,7,9,1,10,2,11,,23,23,1,22,9,C03,120.69433,24.15006,2
2022,6,21,13,25,臺中市,北區,0,2,0,8,1,5,40,14,8,1,5,4,5,7,4,4,1,4,4,2,29,16,,,,,,,,,,,,,67,16,1,,,,120.67419,24.164158,2
2022,6,21,13,27,臺中市,南屯區,0,2,0,8,1,5,50,14,9,1,5,4,5,7,4,4,5,4,5,2,17,23,2,9,1,1,C03,7,9,1,10,2,11,,23,23,1,22,8,C03,120.649919,24.154243,2
2022,6,21,13,29,臺中市,北屯區,0,2,0,8,1,5,50,14,9,1,5,4,5,7,4,4,1,4,5,2,13,16,2,9,1,1,C03,7,9,1,10,2,11,,16,16,1,4,8,C03,120.664316,24.185283,2
2022,6,21,13,31,臺中市,豐原區,0,0,0,8,,,60,,,,,,,,,,,,,,,17,,,,,A12,,,1,,2,,,17,17,1,10,,A12,120.729748,24.243582,3
2022,6,21,13,33,臺中市,南區,0,1,0,8,1,5,50,4,2,1,5,4,5,7,1,1,5,4,5,2,18,44,2,9,1,1,C03,7,9,1,10,2,14,,44,44,1,5,8,C03,120.666823,24.114213,2
2022,6,21,13,35,臺中市,北區,0,1,0,8,1,5,50,3,1,1,5,4,5,7,4,4,10,5,5,2,17,19,3,10,1,1,B03,7,1,1,8,2,15,,19,19,1,22,8,B03,120.685478,24.147721,2
2022,6,21,13,54,臺中市,南屯區,0,0,0,8,,,50,,,,,,,,,,,,,,,6,,,,,B03,,,1,,2,,,6,6,1,22,,B03,120.642666,24.145478,3
2022,6,21,13,58,臺中市,霧峰區,0,0,0,8,,,40,,,,,,,,,,,,,,,12,,,,,A12,,,1,,2,,,12,12,1,10,,A12,120.686887,24.069461,3
2022,6,21,14,7,臺中市,西區,0,0,0,8,,,50,,,,,,,,,,,,,,,17,,,,,B03,,,1,,1,,,17,,1,21,,B03,120.660019,24.14023,3
2022,6,21,14,9,臺中市,東區,0,0,0,8,,,50,,,,,,,,,,,,,,,26,,,,,B02,,,1,4,2,,,26,26,1,21,,B02,120.69354,24.147567,3
2022,6,21,14,24,臺中市,大里區,0,0,0,8,,,30,,,,,,,,,,,,,,,17,,,,,B12,,,1,,1,,,17,17,1,5,,B12,120.686761,24.111715,3
2022,6,21,14,30,臺中市,大雅區,0,0,0,8,,,60,,,,,,,,,,,,,,,23,,,,,A11,,,1,,2,,,23,23,1,10,,A11,120.650736,24.209452,3
2022,6,21,14,30,臺中市,北屯區,0,2,0,8,1,5,50,14,9,1,5,4,5,7,4,4,9,4,5,2,17,23,2,9,1,1,C03,7,9,1,10,2,11,,23,23,1,21,8,C03,120.722995,24.17603,2
2022,6,21,14,31,臺中市,大里區,0,0,0,8,,,40,,,,,,,,,,,,,,,23,,,,,B12,,,1,,2,,,23,23,1,21,,B12,120.68008,24.07285,3
2022,6,21,14,32,臺中市,大里區,0,0,0,8,,,40,,,,,,,,,,,,,,,23,,,,,B11,,,1,,2,,,23,23,1,22,,B11,120.676245,24.085586,3
2022,6,21,14,36,臺中市,西屯區,0,1,0,8,1,5,50,4,1,1,5,4,5,7,1,1,10,5,5,2,3,15,3,10,1,1,B01,7,9,1,4,2,8,,15,15,1,10,8,B01,120.648505,24.158602,2
2022,6,21,14,44,臺中市,龍井區,0,1,0,8,1,5,90,14,9,1,5,4,5,7,4,4,2,3,5,1,17,17,3,10,1,1,A42,7,9,1,1,2,5,,17,17,1,10,4,A42,120.525418,24.224955,2
2022,6,21,14,45,臺中市,北屯區,0,1,0,8,1,5,50,3,1,1,5,4,5,7,1,1,5,5,5,2,16,6,3,10,1,1,B03,7,5,1,8,2,8,,6,6,1,21,8,B03,120.705253,24.190555,2
2022,6,21,14,45,臺中市,豐原區,0,1,0,8,1,5,50,4,2,1,5,4,5,7,1,1,10,5,5,2,17,25,2,9,1,1,C03,7,6,2,18,2,11,,25,25,1,22,8,C03,120.716891,24.248206,2
2022,6,21,14,50,臺中市,沙鹿區,0,1,0,8,1,5,30,5,1,1,5,4,5,7,4,4,10,5,5,2,15,6,3,10,1,1,B12,7,9,1,8,2,5,,6,6,1,1,7,B12,120.565497,24.258182,2
2022,6,21,14,55,臺中市,大里區,0,0,0,8,,,50,,,,,,,,,,,,,,,12,,,,,B03,,,1,,2,,,12,12,1,4,,B03,120.69928,24.085344,3
2022,6,21,14,57,臺中市,北屯區,0,2,0,8,1,5,50,5,1,1,5,4,5,7,4,4,10,5,5,2,13,16,2,9,3,4,C03,7,5,1,10,2,11,,16,16,1,21,8,C03,120.725331,24.171983,2
2022,6,21,15,0,臺中市,大雅區,0,0,0,8,,,50,,,,,,,,,,,,,,,23,,,,,B03,,,1,,2,,,23,23,1,22,,B03,120.667074,24.213426,3
2022,6,21,15,5,臺中市,潭子區,0,1,0,8,1,5,50,14,9,1,5,4,5,7,4,4,10,5,5,1,17,5,3,10,1,1,B03,7,9,1,8,2,4,,5,5,1,22,8,B03,120.702721,24.196122,2
2022,6,21,15,17,臺中市,南區,0,1,0,8,1,5,50,14,9,1,5,4,1,7,4,4,10,5,5,2,18,23,2,9,1,1,C04,7,9,1,8,2,12,,23,23,1,22,9,C04,120.684451,24.131293,2
2022,6,21,15,18,臺中市,烏日區,0,1,0,8,1,5,50,14,8,1,5,4,5,7,4,4,5,5,4,1,17,40,3,10,1,1,B12,7,14,1,8,2,4,,40,40,1,21,8,B12,120.653869,24.094977,2
2022,6,21,15,19,臺中市,東區,0,0,0,8,,,50,,,,,,,,,,,,,,,23,,,,,B03,,,1,,2,,,23,23,1,5,,B03,120.691328,24.147395,3
2022,6,21,15,24,臺中市,北區,0,2,0,8,1,5,50,3,1,1,5,4,5,7,4,4,10,5,5,2,12,6,2,9,3,4,C03,7,6,1,10,2,12,,6,6,1,5,8,C03,120.675153,24.171499,2
2022,6,21,15,30,臺中市,西區,0,0,0,8,,,50,,,,,,,,,,,,,,,9,,,,,C03,,,1,,1,,,9,9,1,21,,C03,120.656767,24.148796,3
2022,6,21,15,45,臺中市,南屯區,0,1,0,8,1,5,50,4,1,1,5,4,5,7,2,1,10,5,5,2,12,26,2,9,1,1,C03,7,9,1,10,2,12,,26,26,1,22,8,C03,120.646632,24.143832,2
2022,6,21,15,46,臺中市,南區,0,1,0,8,1,5,40,3,1,1,5,4,5,7,4,4,10,5,5,2,16,6,3,10,1,1,B03,7,6,1,8,2,5,,6,6,1,5,8,B03,120.677416,24.13011,2
2022,6,21,15,53,臺中市,北屯區,0,0,0,8,,,50,,,,,,,,,,,,,,,23,,,,,B03,,,1,,2,,,23,23,1,22,,B03,120.680332,24.170975,3
2022,6,21,16,10,臺中市,大里區,0,0,0,8,,,30,,,,,,,,,,,,,,,19,,,,,B12,,,1,,2,,,19,19,1,9,,B12,120.683918,24.095285,3
2022,6,21,16,18,臺中市,新社區,0,0,0,8,,,40,,,,,,,,,,,,,,,14,,,,,B03,,,1,,2,,,6,14,1,7,,B03,120.79748,24.2029,3
2022,6,21,16,24,臺中市,西屯區,0,0,0,8,,,50,,,,,,,,,,,,,,,17,,,,,B03,,,1,,2,,,17,17,1,22,,B03,120.622608,24.183165,3
2022,6,21,16,29,臺中市,北屯區,0,1,0,8,1,5,50,3,1,1,5,4,5,7,1,1,10,5,5,2,16,8,2,9,1,1,C03,7,5,1,10,9,14,11,8,8,1,22,8,C03,120.702633,24.173653,2
2022,6,21,16,33,臺中市,南屯區,0,1,0,8,1,5,50,4,1,1,5,4,5,7,1,1,10,5,5,2,17,42,3,10,1,4,C03,7,15,1,10,2,13,,42,42,1,22,8,C03,120.649778,24.155586,2
2022,6,21,16,38,臺中市,豐原區,0,0,0,8,,,60,,,,,,,,,,,,,,,23,,,,,A12,,,1,,2,,,23,23,1,22,,A12,120.737271,24.251605,4
2022,6,21,16,40,臺中市,北區,0,0,0,8,,,50,,,,,,,,,,,,,,,12,,,,,B12,,,1,,2,,,12,12,1,22,,B12,120.681002,24.159982,3
2022,6,21,16,40,臺中市,西屯區,0,0,0,8,,,30,,,,,,,,,,,,,,,19,,,,,C03,,,1,,1,,,19,19,1,22,,C03,120.638077,24.172975,3
2022,6,21,16,41,臺中市,大雅區,0,1,0,8,1,5,50,4,1,1,5,4,5,7,1,1,1,4,4,1,17,43,3,10,1,1,C03,7,9,1,10,2,14,,43,43,1,21,8,C03,120.629962,24.241187,2
2022,6,21,16,45,臺中市,豐原區,0,1,0,8,1,5,50,14,9,1,5,4,5,7,4,4,9,5,5,2,16,19,3,10,1,1,B03,7,1,1,8,2,8,,19,19,1,22,8,B03,120.714041,24.259678,2
2022,6,21,16,48,臺中市,北區,0,2,0,8,1,5,50,4,1,1,5,4,5,7,1,1,5,4,5,2,17,19,2,9,1,1,C03,7,1,6,10,2,11,,19,19,1,21,8,C03,120.680967,24.160363,2
2022,6,21,17,0,臺中市,南屯區,0,0,0,8,1,5,50,14,7,1,5,4,5,7,4,4,1,4,4,2,12,17,,,,,B03,,,1,,1,,,17,17,1,22,,B03,120.646592,24.136731,3
2022,6,21,17,0,臺中市,大里區,0,0,0,8,,,50,,,,,,,,,,,,,,,12,,,,,B03,,,1,,2,,,12,12,1,22,,B03,120.690054,24.110252,4
2022,6,21,17,14,臺中市,南區,0,1,0,8,1,5,1,15,20,1,5,4,5,7,4,4,10,5,5,2,17,44,3,10,1,1,C03,7,15,1,10,2,13,,44,44,1,22,8,C03,120.674202,24.128505,2
2022,6,21,17,18,臺中市,太平區,0,1,0,8,2,5,50,3,2,1,5,4,5,7,4,4,5,5,4,1,18,43,2,9,1,1,C03,7,9,1,10,2,12,,43,43,1,21,8,C03,120.730361,24.1109,2
2022,6,21,17,19,臺中市,北區,0,1,0,8,1,5,50,14,9,1,5,4,5,7,4,4,5,5,5,2,17,23,2,9,1,1,C03,7,9,6,18,2,12,,23,23,1,22,8,C03,120.669599,24.161598,2
2022,6,21,17,19,臺中市,北屯區,0,0,0,8,,,40,,,,,,,,,,,,,,,6,,,,,B03,,,1,,2,,,6,6,1,22,,B03,120.662132,24.189405,3
2022,6,21,17,20,臺中市,梧棲區,0,1,0,8,1,5,60,4,1,1,5,4,5,7,1,1,10,5,5,2,16,9,3,10,1,1,B03,7,6,6,8,2,5,,9,9,1,22,8,B03,120.524983,24.223055,2
2022,6,21,17,22,臺中市,后里區,0,1,0,8,1,5,50,3,1,1,5,4,5,7,1,1,4,5,4,1,16,6,3,10,1,1,B03,7,5,1,8,2,6,,6,6,1,21,8,B03,120.71692,24.30972,2
2022,6,21,17,26,臺中市,潭子區,0,1,0,8,1,5,50,4,2,1,5,4,5,7,4,4,5,5,5,2,16,4,3,10,1,1,C03,7,5,4,8,2,11,,4,4,1,22,9,C03,120.698609,24.193602,2
2022,6,21,17,34,臺中市,大里區,0,1,0,8,1,5,50,14,9,1,5,4,5,7,4,4,5,2,5,1,16,10,3,10,1,1,B12,7,11,1,8,2,8,,10,10,1,22,9,B12,120.70364,24.097227,2
2022,6,21,17,35,臺中市,清水區,0,1,0,8,1,5,50,4,1,1,5,4,5,7,3,1,10,5,5,2,15,6,3,10,1,1,B03,7,9,1,8,2,5,,6,6,1,5,5,B03,120.559858,24.274682,2
2022,6,21,17,36,臺中市,東區,0,0,0,8,,,50,,,,,,,,,,,,,,,12,,,,,B03,,,1,,2,,,12,12,1,5,,B03,120.706017,24.141614,3
2022,6,21,17,44,臺中市,西屯區,0,0,0,8,,,50,,,,,,,,,,,,,,,23,,,,,B03,,,1,,1,,,23,23,1,22,,B03,120.63872,24.168075,3
2022,6,21,17,45,臺中市,外埔區,0,0,0,8,,,40,,,,,,,,,,,,,,,23,,,,,B12,,,1,,2,,,23,23,1,22,,B12,120.637833,24.341525,3
2022,6,21,17,47,臺中市,西區,0,1,0,8,1,5,50,4,1,1,5,4,5,7,2,1,10,5,5,2,20,42,2,9,1,1,B12,7,15,1,8,2,5,,42,42,1,5,5,B12,120.660012,24.156703,2
2022,6,21,17,51,臺中市,太平區,0,1,0,8,1,5,80,14,7,1,5,4,5,7,4,4,2,3,5,1,17,23,3,10,1,1,B03,7,14,1,8,2,3,,23,23,1,4,1,B03,120.717249,24.155798,2
2022,6,21,17,51,臺中市,外埔區,0,1,0,8,1,5,50,5,2,1,5,4,5,7,3,1,5,5,5,1,12,7,3,10,1,1,B12,7,8,6,18,11,2,,7,7,2,21,8,B12,120.6455,24.33214,2
2022,6,21,17,52,臺中市,南屯區,0,0,0,8,,,50,,,,,,,,,,,,,,,12,,,,,B12,,,1,,1,,,12,12,1,22,,B12,120.625913,24.141297,3
2022,6,21,18,0,臺中市,大里區,0,2,0,8,1,5,40,14,7,1,5,4,5,7,4,4,5,5,4,2,16,26,2,8,1,1,F03,7,11,8,20,2,16,,26,26,1,5,5,F03,120.691426,24.106131,2
2022,6,21,18,5,臺中市,豐原區,0,1,0,8,1,5,50,14,9,1,5,4,5,7,4,4,5,5,5,2,14,12,3,10,1,1,B02,7,2,1,8,2,7,,12,12,1,22,8,B02,120.725255,24.240805,2
2022,6,21,18,7,臺中市,西屯區,0,1,0,8,1,5,50,3,1,1,5,4,5,7,1,1,10,5,5,2,15,43,3,10,1,1,C03,7,9,3,18,2,15,,43,43,1,18,8,C03,120.65359,24.172544,2
2022,6,21,18,12,臺中市,北屯區,0,0,0,,,,50,,,,,,,,,,,,,,,16,,,,,B03,,,1,,2,,,16,16,1,22,,B03,120.674713,24.202944,3
2022,6,21,18,19,臺中市,西屯區,0,1,0,8,1,5,50,3,1,1,5,4,4,7,4,4,10,5,5,2,16,6,3,10,1,1,B03,7,5,1,8,2,2,,6,6,1,22,8,B03,120.625063,24.182607,2
2022,6,21,18,20,臺中市,北區,0,1,0,8,1,5,50,4,1,1,5,4,5,7,2,1,10,5,5,2,17,25,3,10,1,1,B03,7,9,1,8,2,6,,25,25,1,22,8,B03,120.664044,24.162008,2
2022,6,21,18,23,臺中市,北屯區,0,0,0,8,,,50,,,,,,,,,,,,,,,23,,,,,B11,,,1,,2,,,23,23,1,22,,B11,120.722823,24.177235,3
2022,6,21,18,29,臺中市,北屯區,0,0,0,8,,,50,,,,,,,,,,,,,,,23,,,,,B03,,,1,8,1,,,23,23,1,21,,B03,120.685622,24.175164,3
2022,6,21,18,31,臺中市,東區,0,0,0,,,,50,,,,,,,,,,,,,,,23,,,,,A12,,,1,,2,,,23,23,1,22,,A12,120.709213,24.135744,3
2022,6,21,18,35,臺中市,大安區,0,1,0,8,1,5,60,3,1,1,5,4,5,7,4,4,10,5,5,2,12,6,3,10,1,1,B12,7,6,1,8,2,2,,6,6,1,4,8,B12,120.602381,24.364465,2
2022,6,21,18,36,臺中市,北屯區,0,0,0,8,,,30,,,,,,,,,,,,,,,23,,,,,B03,,,1,,11,,,23,23,1,21,,B03,120.703221,24.165848,3
2022,6,21,18,38,臺中市,北區,0,0,0,8,,,50,,,,,,,,,,,,,,,22,,,,,B03,,,1,,11,,,22,22,1,22,,B03,120.675593,24.149832,3
2022,6,21,18,41,臺中市,北屯區,0,2,0,8,3,5,40,4,1,1,5,4,5,7,1,1,10,5,5,2,16,6,2,9,1,1,C03,7,5,1,10,2,14,11,6,6,1,5,8,C03,120.695601,24.164908,2
2022,6,21,18,43,臺中市,北屯區,0,2,0,8,2,5,50,4,2,1,5,4,5,7,2,1,10,5,5,2,16,25,2,9,1,1,C03,7,6,1,10,2,14,,25,25,1,21,8,C03,120.676076,24.193297,2
2022,6,21,18,43,臺中市,北屯區,0,0,0,8,,,,,,,,,,,,,,,,,,43,,,,,,,,,,,,,43,43,1,,,,120.636908,24.141741,3
2022,6,21,18,43,臺中市,沙鹿區,0,1,0,8,3,5,40,4,9,1,5,4,5,7,4,4,5,5,5,1,15,6,2,9,1,1,C03,7,9,4,11,2,12,,6,6,1,4,8,C03,120.564383,24.208592,2
2022,6,21,18,45,臺中市,北區,0,1,0,8,1,5,50,4,1,1,5,4,5,7,1,1,5,5,4,2,15,43,3,10,1,1,C03,7,9,5,10,2,11,,43,43,1,21,8,C03,120.664089,24.162142,2
2022,6,21,18,50,臺中市,大雅區,0,0,0,8,,,60,,,,,,,,,,,,,,,23,,,,,B03,,,1,,1,,,23,23,1,21,,B03,120.650736,24.209452,3
2022,6,21,18,58,臺中市,北屯區,0,0,0,8,,,30,,,,,,,,,,,,,,,23,,,,,B03,,,1,,2,,,23,23,1,22,,B03,120.730987,24.177327,3
2022,6,21,18,59,臺中市,豐原區,0,2,0,8,1,5,50,4,1,1,5,4,5,7,4,4,5,5,5,2,16,19,2,9,3,4,B03,7,1,1,8,2,8,,19,19,1,18,8,B03,120.715891,24.252495,2
2022,6,21,19,6,臺中市,霧峰區,0,0,0,8,3,5,30,14,9,1,5,4,5,7,4,4,10,5,5,1,11,21,3,10,1,1,B12,7,9,1,8,8,8,,21,21,1,22,9,B12,120.659186,24.074722,3
2022,6,21,19,7,臺中市,北屯區,0,1,0,8,3,5,50,4,1,1,5,4,5,7,2,1,10,5,5,2,17,42,3,10,3,4,B03,7,6,3,18,2,2,,42,42,1,21,8,B03,120.699599,24.1648,2
2022,6,21,19,8,臺中市,烏日區,0,1,0,8,3,5,30,3,2,1,5,4,5,7,1,1,1,4,4,2,12,16,3,10,1,1,B03,7,8,1,8,2,2,,7,16,1,21,8,B03,120.625567,24.108842,2
2022,6,21,19,12,臺中市,南區,0,1,0,8,3,5,50,14,9,1,5,4,5,7,4,4,9,5,5,2,16,19,3,10,1,1,B03,7,1,1,8,2,8,,19,19,1,5,1,B03,120.653779,24.118711,2
2022,6,21,19,16,臺中市,豐原區,0,1,0,8,3,5,50,4,1,1,5,4,5,7,1,1,10,5,5,2,16,6,3,10,1,1,B03,7,6,1,8,2,6,,6,6,1,22,8,B03,120.72901,24.256935,2
2022,6,21,19,20,臺中市,大雅區,0,1,0,8,3,5,50,14,7,1,5,4,5,7,4,4,5,4,5,1,16,26,3,10,1,1,B03,7,11,1,8,2,1,,26,26,1,22,9,B03,120.655464,24.230047,2
2022,6,21,19,20,臺中市,大里區,0,2,0,8,3,5,50,14,7,1,5,4,5,7,4,4,5,5,4,1,16,26,2,7,1,1,C03,7,11,1,10,2,13,,26,26,1,22,8,C03,120.702891,24.089765,2
2022,6,21,19,30,臺中市,北區,0,0,0,8,,,50,,,,,,,,,,,,,,,26,,,,,B03,,,1,,2,,,26,26,1,22,,B03,120.676548,24.16324,3
2022,6,21,19,35,臺中市,梧棲區,0,0,0,8,,,30,,,,,,,,,,,,,,,6,,,,,B03,,,6,,2,,,6,6,1,22,,B03,120.53129,24.268903,3
2022,6,21,19,44,臺中市,北屯區,0,0,0,8,,,50,,,,,,,,,,,,,,,23,,,,,C04,,,1,,2,,,23,23,1,22,,C04,120.683707,24.191472,3
2022,6,21,19,45,臺中市,霧峰區,0,0,0,8,,,30,,,,,,,,,,,,,,,6,,,,,B03,,,6,,2,,,6,6,1,22,,B03,120.64673,24.072844,3
2022,6,21,19,58,臺中市,大甲區,0,0,0,8,,,50,,,,,,,,,,,,,,,12,,,,,B03,,,1,,2,,,12,12,1,4,,B03,120.624656,24.343909,3
2022,6,21,20,4,臺中市,西屯區,0,2,0,8,3,5,50,5,2,1,5,4,5,7,1,1,10,5,5,2,13,43,2,9,1,1,C03,7,9,3,18,2,12,,43,43,1,22,8,C03,120.659043,24.176365,2
2022,6,21,20,10,臺中市,西區,0,1,0,8,3,5,50,4,1,1,5,4,5,7,2,1,5,5,5,2,16,26,3,10,1,1,B03,7,6,1,8,2,2,,26,26,1,20,8,B03,120.669792,24.143996,2
2022,6,21,20,17,臺中市,北區,0,0,0,8,,,50,,,,,,,,,,,,,,,42,,,,,C03,,,1,,1,,,42,42,1,22,,C03,120.682326,24.163007,3
2022,6,21,20,20,臺中市,北區,0,1,0,8,3,5,40,4,1,1,5,4,5,7,1,1,1,4,4,2,18,23,2,8,1,1,C03,7,9,1,10,2,12,,23,23,1,21,8,C03,120.685089,24.161558,2
2022,6,21,20,23,臺中市,北屯區,0,0,0,8,,,50,,,,,,,,,,,,,,,23,,,,,B03,,,1,,1,,,23,23,1,22,,B03,120.690476,24.162788,3
2022,6,21,20,23,臺中市,大肚區,0,0,0,,,,60,,,,,,,,,,,,,,,16,,,,,B03,,,1,,2,,,16,16,1,22,,B03,120.582713,24.168417,3
2022,6,21,20,37,臺中市,南屯區,0,0,0,8,,,40,,,,,,,,,,,,,,,16,,,,,B12,,,1,,2,,,16,16,1,22,,B12,120.585352,24.167023,3
2022,6,21,20,48,臺中市,南屯區,0,2,0,8,3,5,50,3,9,1,5,4,5,7,4,4,5,5,5,2,17,23,2,9,1,1,C03,7,9,1,10,2,12,,23,23,1,22,8,C03,120.611423,24.147423,2
2022,6,21,20,51,臺中市,北屯區,0,0,0,8,3,5,40,5,1,1,5,4,5,7,2,1,10,5,5,2,16,19,,,,,,,,,,,,,19,19,1,,,,120.660311,24.189055,3
2022,6,21,21,0,臺中市,南區,0,0,0,,,,,,,,,,,,,,,,,,,67,,,,,,,,,,,,,67,67,1,,,,120.65594,24.116275,3
2022,6,21,21,13,臺中市,西屯區,0,0,0,8,,,40,,,,,,,,,,,,,,,12,,,,,B03,,,1,,1,,,12,12,1,22,,B03,120.639155,24.182277,3
2022,6,21,21,14,臺中市,豐原區,0,0,0,8,,,60,,,,,,,,,,,,,,,23,,,,,B03,,,1,,2,,,23,23,1,4,,B03,120.737327,24.251772,3
2022,6,21,21,17,臺中市,北屯區,0,0,0,8,,,50,,,,,,,,,,,,,,,16,,,,,B03,,,1,,2,,,16,16,1,19,,B03,120.697745,24.170349,3
2022,6,21,21,18,臺中市,大雅區,0,2,0,8,3,5,50,3,1,1,5,4,5,7,1,1,1,4,5,1,16,25,2,9,1,1,C03,7,9,1,10,2,11,,25,25,1,22,9,C03,120.644786,24.226535,2
2022,6,21,21,21,臺中市,豐原區,0,0,0,8,,,30,,,,,,,,,,,,,,,6,,,,,B03,,,1,,2,,,6,6,1,21,,B03,120.700818,24.243856,3
2022,6,21,21,22,臺中市,豐原區,0,1,0,8,1,5,50,4,1,1,5,4,5,7,1,1,10,5,5,2,16,25,3,10,1,1,B03,7,5,1,8,2,8,,25,25,1,22,8,B03,120.735912,24.260557,2
2022,6,21,21,25,臺中市,大里區,0,0,0,8,,,50,,,,,,,,,,,,,,,8,,,,,C03,,,1,,11,,,8,8,1,22,,C03,120.700632,24.088757,4
2022,6,21,21,27,臺中市,沙鹿區,0,0,0,8,,,50,,,,,,,,,,,,,,,23,,,,,A41,,,1,,2,,,23,23,1,4,,A41,120.566729,24.203001,3
2022,6,21,22,37,臺中市,太平區,0,1,0,8,3,5,50,4,18,1,5,4,5,7,1,1,10,5,5,2,3,23,3,10,1,1,B03,7,5,1,2,2,1,,23,23,1,21,8,B03,120.723166,24.149422,2
2022,6,21,22,40,臺中市,北區,0,3,0,8,3,5,50,4,1,1,5,4,5,7,1,1,10,5,5,2,17,43,2,9,1,1,C03,7,9,1,10,2,12,,43,43,1,22,8,C03,120.687313,24.1557,2
2022,6,22,0,10,臺中市,霧峰區,0,0,0,8,,,30,,,,,,,,,,,,,,,43,,,,,C03,,,1,,10,,,43,43,1,22,,C03,120.695883,24.058146,3
2022,6,22,0,58,臺中市,北區,0,1,0,8,4,5,50,14,22,1,5,4,5,7,4,4,10,5,5,2,16,10,3,10,1,1,B03,7,11,1,8,2,4,,10,10,1,22,8,B03,120.678695,24.147906,2
2022,6,22,1,44,臺中市,梧棲區,0,0,0,8,,,50,,,,,,,,,,,,,,,12,,,,,B03,,,1,,2,,,12,12,1,9,,B03,120.550169,24.242419,3
2022,6,22,2,56,臺中市,北屯區,0,1,0,8,3,5,50,14,9,1,5,4,5,7,4,4,1,2,5,1,23,23,2,9,1,1,C03,7,9,1,10,2,14,,23,23,1,21,8,C03,120.782999,24.203898,2
2022,6,22,5,53,臺中市,北屯區,0,1,0,8,1,5,30,3,2,1,5,4,5,7,4,4,1,4,5,2,16,6,3,10,1,1,C03,7,6,1,10,2,14,,6,6,1,21,8,C03,120.693016,24.162716,2
2022,6,22,6,18,臺中市,清水區,0,2,0,8,1,5,30,3,2,1,5,4,5,7,4,4,2,2,3,1,16,6,2,9,1,1,C03,7,9,1,10,2,11,,23,6,1,21,8,C03,120.552052,24.275773,2
2022,6,22,6,22,臺中市,清水區,0,0,0,8,,,40,,,,,,,,,,,,,,,12,,,,,B12,,,1,,1,,,12,12,1,21,,B12,120.540356,24.289057,3
2022,6,22,6,25,臺中市,沙鹿區,0,2,0,8,1,5,30,4,1,1,5,4,5,7,3,1,10,5,5,2,16,6,2,9,1,1,C03,7,5,1,10,3,14,,6,6,1,21,8,C03,120.559811,24.229443,2
2022,6,22,6,38,臺中市,南屯區,0,2,0,8,1,5,30,4,1,1,5,4,5,7,4,4,10,5,5,2,15,6,2,9,1,1,C03,7,9,1,10,2,11,,6,6,1,5,8,C03,120.65398,24.141846,2
2022,6,22,6,45,臺中市,南區,0,2,0,8,1,5,30,4,1,1,5,4,5,7,4,4,10,5,5,2,16,6,2,9,1,1,C03,7,5,1,10,2,11,,6,6,1,21,8,C03,120.680961,24.13411,2
2022,6,22,6,50,臺中市,龍井區,0,2,0,8,1,5,40,14,8,1,5,4,5,7,4,4,1,4,1,2,13,16,2,9,1,4,C03,7,4,1,9,2,11,12,16,16,1,22,1,C03,120.581518,24.176206,2
2022,6,22,6,55,臺中市,南屯區,0,1,0,8,1,5,50,4,1,1,5,4,5,7,1,1,5,4,5,2,17,25,3,10,1,1,B03,7,5,1,8,2,15,,25,25,1,22,8,B03,120.612305,24.138466,2
2022,6,22,6,56,臺中市,南屯區,0,0,0,8,,,50,,,,,,,,,,,,,,,23,,,,,B03,,,1,,2,,,23,23,1,22,,B03,120.61466,24.139203,3
2022,6,22,6,57,臺中市,沙鹿區,0,1,0,8,1,5,70,4,1,1,5,4,5,7,2,1,10,5,5,2,16,6,3,10,1,1,B12,7,5,1,8,2,2,,6,6,1,5,1,B12,120.581082,24.201775,2
2022,6,22,7,0,臺中市,梧棲區,0,1,0,8,1,5,30,4,1,1,5,4,5,7,4,4,10,5,5,1,3,23,3,10,1,1,C03,7,6,1,10,2,11,,23,23,1,12,8,C03,120.558028,24.242176,2