年,月,日,時,分,縣市,區,死,受傷,2-30,天候,光線,道路類別,速限,道路型態,事故位置,路面鋪裝,路面狀態,路面缺陷,障礙物,視距,號誌種類,號誌動作,分向設施,快車道或一般車道間,快慢車道間,路面邊線,事故類型及型態,主要肇因,受傷程度,主要傷處,保護裝備,行動電話,當事者區分,車輛用途,當事者行動狀態,駕駛資格情形,駕駛執照種類,飲酒情形,車輛撞擊部位最初,車輛撞擊部位其他,肇事因素個別,肇事因素主要,肇事逃逸,職業,旅次目的,車種,GPS緯度,GPS經度,事故類別
2022,6,22,15,42,臺中市,西區,0,2,0,8,1,5,50,4,1,1,5,4,5,7,2,1,10,5,5,2,16,6,2,9,1,1,C03,7,6,1,9,2,12,,6,6,1,21,8,C03,120.666736,24.141067,2
2022,6,22,15,43,臺中市,外埔區,0,0,0,8,1,5,50,14,13,1,5,4,5,7,4,4,5,5,4,1,17,18,3,10,1,1,B12,7,3,1,7,2,6,,18,18,1,21,8,B12,120.654568,24.329991,3
2022,6,22,15,46,臺中市,南屯區,0,0,0,8,,,50,,,,,,,,,,,,,,,12,,,,,B03,,,1,,1,,,12,12,1,22,,B03,120.608373,24.133796,3
2022,6,22,15,51,臺中市,大里區,0,0,0,8,,,60,,,,,,,,,,,,,,,16,,,,,B12,,,1,,2,,,16,16,1,22,,B12,120.667044,24.105244,3
2022,6,22,15,52,臺中市,大里區,0,2,0,8,1,5,40,4,1,1,5,4,5,7,4,4,10,5,5,2,16,6,2,8,1,1,C03,7,9,3,18,11,11,,6,6,1,3,8,C03,120.706538,24.096217,2
2022,6,22,15,59,臺中市,南屯區,0,0,0,,,,80,,,,,,,,,,,,,,,42,,,,,A42,,,1,,11,,,42,42,1,22,,A42,120.623033,24.140267,3
2022,6,22,16,8,臺中市,霧峰區,0,3,0,8,2,5,30,14,9,1,5,4,5,7,4,4,10,5,5,1,16,5,3,10,3,4,B03,7,9,6,8,4,8,,5,5,1,3,8,B03,120.701723,24.062343,2
2022,6,22,16,10,臺中市,清水區,0,0,0,,,,70,,,,,,,,,,,,,,,17,,,,,A41,,,1,,2,,,17,17,1,10,,A41,120.5488,24.292738,3
2022,6,22,16,13,臺中市,北屯區,0,2,0,8,1,5,50,4,1,1,5,4,5,7,1,1,10,5,5,2,17,25,2,7,3,4,C03,7,9,1,10,2,13,,25,25,1,21,8,C03,120.711448,24.172277,2
2022,6,22,16,13,臺中市,豐原區,0,0,0,8,,,50,,,,,,,,,,,,,,,23,,,,,B03,,,1,,2,,,23,,1,22,,B03,120.711641,24.240202,3
2022,6,22,16,14,臺中市,神岡區,0,0,0,8,,,30,,,,,,,,,,,,,,,17,,,,,B03,,,1,,2,,,17,17,1,22,,B03,120.680826,24.244633,3
2022,6,22,16,17,臺中市,北區,0,1,0,8,1,5,50,4,1,1,5,4,5,7,4,4,10,5,5,2,15,6,3,10,1,1,B03,7,9,1,8,2,1,,6,6,1,22,8,B03,120.67995,24.162544,2
2022,6,22,16,19,臺中市,北屯區,0,1,0,8,1,5,50,4,2,1,5,4,5,7,2,1,10,5,5,2,17,23,3,10,1,1,B03,7,9,1,8,2,8,,23,23,1,5,8,B03,120.71349,24.17845,2
2022,6,22,16,20,臺中市,大安區,0,0,0,8,1,3,90,10,8,1,5,4,5,7,4,4,9,4,4,1,20,23,3,10,1,1,B03,7,9,1,8,2,5,,23,23,1,2,1,B03,120.572182,24.343303,3
2022,6,22,16,29,臺中市,西屯區,0,0,0,8,,,50,,,,,,,,,,,,,,,43,,,,,A12,,,1,,1,,,43,43,1,22,,A12,120.636453,24.160921,3
2022,6,22,16,30,臺中市,大甲區,0,1,0,8,1,5,50,14,9,1,5,4,5,7,4,4,5,5,5,1,17,19,2,9,1,1,C03,7,1,1,10,2,11,,19,19,1,20,8,C03,120.625349,24.348387,2
2022,6,22,16,35,臺中市,清水區,0,0,0,8,,,50,,,,,,,,,,,,,,,12,,,,,B12,,,1,,2,,,12,12,1,22,,B12,120.565325,24.291911,3
2022,6,22,16,40,臺中市,北區,0,1,0,8,1,5,50,4,1,1,5,4,5,7,1,1,1,2,5,2,16,25,2,9,1,1,C03,7,9,1,10,2,11,,25,25,1,21,8,C03,120.671348,24.173686,2
2022,6,22,16,43,臺中市,北區,0,1,0,8,1,5,50,14,9,1,5,4,5,7,4,4,3,4,5,2,16,7,3,10,1,1,B03,7,8,1,8,2,2,,7,7,1,22,9,B03,120.677213,24.151838,2
2022,6,22,16,44,臺中市,豐原區,0,0,0,8,,,50,,,,,,,,,,,,,,,23,,,,,B03,,,1,,2,,,23,23,1,22,,B03,120.704915,24.249825,3
2022,6,22,16,46,臺中市,大甲區,0,0,0,,,,40,,,,,,,,,,,,,,,12,,,,,B12,,,3,,9,,,12,12,1,21,,B12,120.621911,24.343233,3
2022,6,22,16,47,臺中市,梧棲區,0,0,0,8,,,70,,,,,,,,,,,,,,,23,,,,,B03,,,1,,2,,,23,23,1,19,,B03,120.558558,24.256976,3
2022,6,22,16,50,臺中市,大甲區,0,1,0,8,1,5,50,14,13,1,5,4,5,7,4,4,10,5,5,1,26,43,2,1,1,1,C03,7,9,1,10,2,11,,43,43,1,20,9,C03,120.612208,24.412935,2
2022,6,22,17,7,臺中市,梧棲區,0,0,0,8,,,70,,,,,,,,,,,,,,,23,,,,,B03,,,1,,2,,,23,23,1,9,,B03,120.529334,24.25263,3
2022,6,22,17,8,臺中市,大安區,0,2,0,8,1,5,50,4,1,1,5,4,5,7,3,1,10,5,5,2,15,6,2,9,1,1,F03,7,9,8,20,2,16,,6,6,1,15,6,F03,120.602632,24.376722,2
2022,6,22,17,9,臺中市,大甲區,0,2,0,8,1,5,50,14,9,1,5,4,5,7,4,4,9,5,4,1,17,23,2,9,1,1,C03,7,9,1,10,2,11,,23,23,1,4,1,C03,120.610271,24.354803,2
2022,6,22,17,10,臺中市,霧峰區,0,0,0,8,,,50,,,,,,,,,,,,,,,19,,,,,B12,,,1,,2,,,19,19,1,3,,B12,120.696998,24.029738,3
2022,6,22,17,12,臺中市,神岡區,0,0,0,8,,,50,,,,,,,,,,,,,,,23,,,,,B12,,,1,,2,,,23,23,1,22,,B12,120.698831,24.248545,3
2022,6,22,17,15,臺中市,大里區,0,0,0,8,,,50,,,,,,,,,,,,,,,16,,,,,C03,,,1,,2,,,16,16,1,20,,C03,120.699079,24.10992,3
2022,6,22,17,16,臺中市,大里區,0,1,0,8,1,5,60,3,2,1,5,4,5,7,1,1,9,4,5,1,13,23,3,10,1,1,B12,7,9,6,18,2,1,,23,23,1,22,9,B12,120.686364,24.086946,2
2022,6,22,17,17,臺中市,北屯區,0,1,0,8,1,5,50,4,1,1,5,4,5,7,4,4,10,5,5,2,15,6,3,10,1,1,B11,7,9,1,7,2,2,,6,6,1,5,8,B11,120.701333,24.185946,2
2022,6,22,17,17,臺中市,西屯區,0,1,0,8,1,5,40,5,1,1,5,4,5,7,1,1,9,4,4,2,12,23,2,9,1,1,C03,7,9,1,10,2,11,,23,23,1,12,8,C03,120.660102,24.164309,2
2022,6,22,17,18,臺中市,大甲區,0,0,0,,,,40,,,,,,,,,,,,,,,23,,,,,B03,,,6,,3,,,23,23,1,21,,B03,120.616438,24.348488,3
2022,6,22,17,25,臺中市,西區,0,0,0,8,,,50,,,,,,,,,,,,,,,6,,,,,B03,,,1,,1,,,6,6,1,21,,B03,120.66795,24.134703,3
2022,6,22,17,25,臺中市,東區,0,1,0,8,1,5,50,14,9,1,5,4,5,7,4,4,9,5,5,2,16,19,3,10,1,1,B12,7,1,1,8,2,5,,19,19,1,5,1,B12,120.693421,24.126943,2
2022,6,22,17,27,臺中市,大里區,0,0,0,8,,,50,,,,,,,,,,,,,,,6,,,,,B03,,,1,,1,,,6,6,1,22,,B03,120.677569,24.104246,3
2022,6,22,17,27,臺中市,沙鹿區,0,3,0,8,1,5,30,4,1,1,5,4,5,7,4,4,10,5,5,2,15,6,2,9,1,1,C03,7,9,1,10,2,12,,6,6,1,22,9,C03,120.570164,24.230088,2
2022,6,22,17,29,臺中市,烏日區,0,0,0,8,,,30,,,,,,,,,,,,,,,8,,,,,B03,,,1,,2,,,8,8,1,21,,B03,120.599061,24.109865,3
2022,6,22,17,33,臺中市,南屯區,0,1,0,8,1,5,40,3,1,1,5,4,5,7,4,4,5,4,4,2,17,27,3,10,1,1,B03,7,6,1,8,2,2,,27,27,1,22,8,B03,120.597965,24.139665,2
2022,6,22,17,37,臺中市,南屯區,0,0,0,8,,,40,,,,,,,,,,,,,,,25,,,,,B03,,,1,,1,,,25,25,1,22,,B03,120.611939,24.150643,3
2022,6,22,17,38,臺中市,后里區,0,0,0,8,1,5,30,4,2,1,5,4,5,7,4,4,10,5,5,1,29,42,3,10,1,1,A11,7,6,1,7,2,3,,42,42,1,21,8,A11,120.711186,24.302663,3
2022,6,22,17,41,臺中市,大雅區,0,1,0,8,1,5,40,3,8,1,5,4,5,7,4,4,1,4,4,1,13,23,2,9,1,1,C03,7,9,1,10,2,11,,23,23,1,22,9,C03,120.649536,24.214422,2
2022,6,22,17,50,臺中市,北區,0,0,0,8,,,50,,,,,,,,,,,,,,,23,,,,,B03,,,1,,1,,,23,23,1,21,,B03,120.665541,24.153923,3
2022,6,22,17,50,臺中市,北屯區,0,0,0,8,,,30,,,,,,,,,,,,,,,23,,,,,B12,,,1,,2,,,23,23,1,22,,B12,120.703961,24.169376,3
2022,6,22,18,0,臺中市,大里區,0,0,0,8,,,50,,,,,,,,,,,,,,,12,,,,,B03,,,1,,2,,,12,12,1,20,,B03,120.689629,24.107297,3
2022,6,22,18,1,臺中市,南屯區,0,1,0,8,1,5,50,4,1,1,5,4,5,7,4,4,10,5,5,2,15,14,2,9,1,1,C03,7,9,1,10,2,14,,14,14,1,22,8,C03,120.643044,24.135432,2
2022,6,22,18,4,臺中市,清水區,0,1,0,8,1,5,60,4,1,1,5,4,5,7,1,1,8,3,3,1,16,9,3,10,1,1,B03,7,6,1,8,2,2,,9,9,1,21,8,B03,120.552015,24.293875,2
2022,6,22,18,8,臺中市,大里區,0,0,0,8,,,50,,,,,,,,,,,,,,,23,,,,,B03,,,1,,2,,,23,23,1,5,,B03,120.688398,24.102733,3
2022,6,22,18,9,臺中市,梧棲區,0,1,0,8,1,5,50,4,1,1,5,4,5,7,1,1,10,5,5,2,13,23,2,9,1,1,C03,7,9,1,10,2,11,,23,23,1,9,8,C03,120.532864,24.260198,2
2022,6,22,18,10,臺中市,大雅區,0,0,0,8,,,50,,,,,,,,,,,,,,,12,,,,,B03,,,1,,2,,,12,12,1,22,,B03,120.672075,24.228864,3
2022,6,22,18,11,臺中市,大雅區,0,0,0,8,,,30,,,,,,,,,,,,,,,5,,,,,B03,,,1,,2,,,5,5,1,22,,B03,120.64663,24.235476,3
2022,6,22,18,15,臺中市,梧棲區,0,1,0,8,1,5,30,4,1,1,5,4,5,7,4,4,10,5,5,1,15,6,3,10,1,1,B03,7,9,1,8,2,5,,6,6,1,9,8,B03,120.551929,24.254744,2
2022,6,22,18,17,臺中市,北區,0,0,0,8,,,40,,,,,,,,,,,,,,,23,,,,,B03,,,1,,11,,,23,23,1,22,,B03,120.667248,24.159437,3
2022,6,22,18,19,臺中市,西區,0,1,0,8,1,5,50,4,2,1,5,4,5,7,4,4,5,5,5,1,16,26,3,10,1,1,B03,7,9,1,8,2,4,,26,26,1,21,8,B03,120.673242,24.148836,2
2022,6,22,18,23,臺中市,東區,0,1,0,8,1,5,50,4,1,1,5,4,5,7,1,1,10,5,5,2,15,25,3,10,1,1,C03,7,9,1,10,2,12,,25,25,1,22,8,C03,120.700949,24.144636,2
2022,6,22,18,25,臺中市,東區,0,0,0,8,,,50,,,,,,,,,,,,,,,23,,,,,C03,,,1,,2,,,23,23,1,22,,C03,120.706668,24.136415,3
2022,6,22,18,25,臺中市,龍井區,0,0,0,8,,,50,,,,,,,,,,,,,,,42,,,,,C03,,,1,,2,,,42,42,1,6,,C03,120.588265,24.180856,3
2022,6,22,18,30,臺中市,潭子區,0,0,0,8,,,50,,,,,,,,,,,,,,,23,,,,,B03,,,1,,2,,,23,23,1,22,,B03,120.701797,24.207342,3
2022,6,22,18,33,臺中市,南屯區,0,1,0,8,1,5,50,4,1,1,5,4,5,7,1,1,5,4,5,2,16,26,2,9,1,1,F01,7,9,8,20,2,16,,26,26,1,22,8,F01,120.63423,24.144422,2
2022,6,22,18,37,臺中市,梧棲區,0,0,0,8,,,50,,,,,,,,,,,,,,,12,,,,,B12,,,1,,1,,,12,12,1,9,,B12,120.538088,24.248866,3
2022,6,22,18,38,臺中市,西區,0,0,0,8,,,30,,,,,,,,,,,,,,,12,,,,,B03,,,1,,1,,,12,12,1,5,,B03,120.679284,24.138263,3
2022,6,22,18,39,臺中市,梧棲區,0,0,0,8,,,50,,,,,,,,,,,,,,,23,,,,,B12,,,1,,2,,,23,23,1,9,,B12,120.537575,24.261039,3
2022,6,22,18,40,臺中市,潭子區,0,0,0,8,,,30,,,,,,,,,,,,,,,6,,,,,F01,,,8,,2,,,6,6,1,22,,F01,120.701719,24.210912,3
2022,6,22,18,41,臺中市,北屯區,0,0,0,8,,,50,,,,,,,,,,,,,,,23,,,,,B03,,,1,,9,,,44,23,1,5,,B03,120.664027,24.186082,3
2022,6,22,18,45,臺中市,北區,0,2,0,8,3,5,50,4,2,1,5,4,5,7,1,1,1,2,5,2,13,23,2,9,1,1,C03,7,9,6,10,2,11,,23,23,1,21,8,C03,120.685395,24.152786,2
2022,6,22,19,5,臺中市,西區,0,0,0,,,,50,,,,,,,,,,,,,,,6,,,,,B03,,,1,,1,,,6,6,1,5,,B03,120.676108,24.137111,3
2022,6,22,19,10,臺中市,東區,0,0,0,8,,,50,,,,,,,,,,,,,,,23,,,,,B03,,,1,,2,,,23,23,1,4,,B03,120.693626,24.132788,3
2022,6,22,19,13,臺中市,大里區,0,2,0,8,4,5,50,3,2,1,5,4,5,7,4,4,10,5,5,2,16,19,2,9,1,1,C03,7,1,1,10,2,14,,19,19,1,3,8,C03,120.705768,24.087822,2
2022,6,22,19,14,臺中市,烏日區,0,0,0,8,,,30,,,,,,,,,,,,,,,6,,,,,C03,,,1,,2,,,6,6,1,21,,C03,120.635027,24.11043,3
2022,6,22,19,15,臺中市,清水區,0,0,0,,,,40,,,,,,,,,,,,,,,12,,,,,B12,,,1,,2,,,12,12,1,21,,B12,120.568045,24.270967,3
2022,6,22,19,18,臺中市,南屯區,0,1,0,8,3,5,50,4,1,1,5,4,5,7,4,4,10,5,5,2,16,6,3,10,1,1,B03,7,5,1,8,2,2,,6,6,1,22,8,B03,120.652162,24.146736,2
2022,6,22,19,22,臺中市,西區,0,2,0,8,3,5,50,4,2,1,5,4,5,7,1,1,5,2,4,1,13,23,3,10,1,1,B03,7,9,1,8,2,5,,23,23,1,21,8,B03,120.665275,24.147883,2
2022,6,22,19,23,臺中市,東區,0,2,0,8,3,5,50,3,1,1,5,4,5,6,4,4,5,4,4,2,16,6,2,9,1,1,C03,7,5,1,10,2,12,,6,6,1,22,8,C03,120.707483,24.136246,2
2022,6,22,19,30,臺中市,沙鹿區,0,1,0,8,3,5,60,14,9,1,5,4,5,7,4,4,1,4,4,1,17,49,3,10,1,1,G06,7,9,1,2,2,15,,49,49,1,4,9,G06,120.60181,24.249392,2
2022,6,22,19,33,臺中市,北區,0,0,0,8,,,50,,,,,,,,,,,,,,,4,,,,,F01,,,8,,1,,,4,4,1,22,,F01,120.668399,24.17165,3
2022,6,22,19,35,臺中市,南屯區,0,0,0,8,,,50,,,,,,,,,,,,,,,12,,,,,B02,,,1,,1,,,12,12,1,22,,B02,120.646817,24.140959,3
2022,6,22,19,35,臺中市,沙鹿區,0,0,0,8,3,5,60,8,7,1,4,4,5,7,4,4,2,3,2,1,13,23,3,10,1,1,B03,7,9,1,8,7,1,,23,23,1,3,8,B03,120.572113,24.232797,3
2022,6,22,19,48,臺中市,西屯區,0,1,0,8,4,5,50,3,1,1,5,4,5,7,4,4,10,5,5,2,17,6,3,10,1,1,B03,7,5,1,8,2,1,,6,6,1,22,8,B03,120.59358,24.179999,2
2022,6,22,19,49,臺中市,南區,0,2,0,8,3,5,50,4,2,1,5,4,5,7,1,1,5,5,5,2,17,23,2,9,1,1,C03,7,9,1,10,2,11,,23,23,1,22,8,C03,120.656761,24.113786,2
2022,6,22,19,54,臺中市,沙鹿區,0,2,0,8,3,5,50,3,2,1,5,4,5,7,4,4,5,4,4,2,17,26,2,7,1,1,C03,7,15,2,18,2,12,,26,26,1,22,9,C03,120.57478,24.227405,2
2022,6,22,20,2,臺中市,北屯區,0,1,0,8,3,5,50,3,1,1,5,4,5,7,4,4,10,5,5,2,16,6,3,10,1,1,B03,7,5,1,8,2,5,,6,6,1,5,8,B03,120.666223,24.182306,2
2022,6,22,20,11,臺中市,烏日區,0,0,0,8,,,50,,,,,,,,,,,,,,,60,,,,,B03,,,1,,2,,,60,60,1,22,,B03,120.612975,24.115498,3
2022,6,22,20,25,臺中市,西區,0,0,0,8,,,40,,,,,,,,,,,,,,,23,,,,,B03,,,1,,1,,,23,23,1,5,,B03,120.659727,24.157289,3
2022,6,22,20,31,臺中市,西屯區,0,1,0,8,3,5,50,14,9,1,5,2,5,7,4,4,1,4,5,2,18,13,2,9,1,1,C03,7,9,1,10,2,12,,13,13,1,22,8,C03,120.638655,24.175189,2
2022,6,22,20,48,臺中市,潭子區,0,0,0,8,,,60,,,,,,,,,,,,,,,7,,,,,B03,,,3,,9,,,7,7,1,22,,B03,120.706252,24.22106,3
2022,6,22,20,50,臺中市,潭子區,0,0,0,8,,,50,,,,,,,,,,,,,,,16,,,,,B03,,,1,,2,,,16,16,1,22,,B03,120.694159,24.221863,3
2022,6,22,21,2,臺中市,梧棲區,0,1,0,8,3,5,40,14,8,1,5,4,5,7,4,4,1,5,3,1,17,16,2,9,3,4,C03,7,9,1,10,2,11,,16,16,1,22,8,C03,120.531665,24.251465,2
2022,6,22,21,23,臺中市,南區,0,3,0,8,3,5,50,3,1,1,5,4,5,7,1,1,9,4,5,2,16,8,2,8,1,1,C03,7,5,1,10,2,14,,8,8,1,5,1,C03,120.662369,24.116955,2
2022,6,22,21,28,臺中市,北屯區,0,0,0,8,,,50,,,,,,,,,,,,,,,43,,,,,B03,,,1,,1,,,43,43,1,22,,B03,120.715486,24.182309,3
2022,6,22,21,45,臺中市,大里區,0,0,0,8,,,50,,,,,,,,,,,,,,,23,,,,,C03,,,1,,2,,,23,23,1,22,,C03,120.696923,24.089937,3
2022,6,22,21,51,臺中市,西屯區,0,2,0,8,3,5,40,14,8,1,5,4,5,7,4,4,5,4,4,2,13,23,2,9,1,1,C03,7,9,1,10,2,11,,23,23,1,22,8,C03,120.618408,24.164209,2
2022,6,22,22,6,臺中市,潭子區,0,0,0,8,,,60,,,,,,,,,,,,,,,16,,,,,B03,,,1,,2,,,16,16,1,22,,B03,120.702324,24.191084,3
2022,6,22,22,16,臺中市,新社區,0,0,0,8,,,40,,,,,,,,,,,,,,,6,,,,,B03,,,1,,2,,,6,6,1,22,,B03,120.81595,24.198599,3
2022,6,22,22,18,臺中市,北屯區,0,0,0,8,,,30,,,,,,,,,,,,,,,23,,,,,B03,,,1,,1,,,23,23,1,22,,B03,120.667758,24.200823,3
2022,6,22,22,35,臺中市,大雅區,0,0,0,8,,,50,,,,,,,,,,,,,,,23,,,,,B03,,,1,,2,,,23,23,1,22,,B03,120.656373,24.220512,3
2022,6,22,22,58,臺中市,太平區,0,2,0,8,3,5,30,4,1,1,5,4,5,7,4,4,10,5,5,2,16,6,2,9,1,1,C03,7,9,1,10,2,12,,6,6,1,22,8,C03,120.718491,24.102355,2
2022,6,22,23,21,臺中市,東區,0,0,0,8,,,50,,,,,,,,,,,,,,,8,,,,,B12,,,1,,2,,,8,8,1,22,,B12,120.708261,24.141165,3
2022,6,22,23,32,臺中市,西屯區,0,0,0,8,,,30,,,,,,,,,,,,,,,19,,,,,B03,,,1,,2,,,19,19,1,22,,B03,120.663293,24.164569,3
2022,6,22,23,38,臺中市,潭子區,0,0,0,8,,,60,,,,,,,,,,,,,,,16,,,,,B03,,,1,,2,,,16,16,1,22,,B03,120.703499,24.201338,3
2022,6,23,0,10,臺中市,東區,0,0,0,,,,50,,,,,,,,,,,,,,,66,,,,,,,,,,,,,66,66,1,,,,120.688851,24.12636,3
2022,6,23,1,15,臺中市,大里區,0,1,0,8,3,5,40,4,2,1,5,4,5,7,1,1,1,4,1,1,17,8,2,9,1,1,C03,7,5,1,10,2,12,,8,8,1,21,1,C03,120.687998,24.094323,2
2022,6,23,1,31,臺中市,南屯區,0,0,0,8,3,5,80,14,7,1,5,4,5,7,4,4,1,4,5,2,17,42,3,10,1,1,B03,7,9,1,8,2,4,,42,42,1,22,8,B03,120.619802,24.123778,3
2022,6,23,4,34,臺中市,豐原區,0,0,0,8,3,5,60,14,9,1,5,4,5,7,4,4,10,4,5,1,29,23,3,10,3,4,B03,7,9,1,8,6,4,,23,23,1,22,8,B03,120.713141,24.236813,3
2022,6,23,4,53,臺中市,西屯區,0,0,0,8,,,40,,,,,,,,,,,,,,,23,,,,,B12,,,1,,1,,,23,17,1,22,,B12,120.6372,24.178325,3
2022,6,23,5,15,臺中市,西區,0,2,0,8,1,5,50,4,1,1,5,4,5,7,4,4,10,5,5,2,15,6,2,9,1,1,C03,7,9,1,10,2,12,,6,6,1,4,8,C03,120.65878,24.147868,2
2022,6,23,6,26,臺中市,南屯區,0,2,0,8,2,5,50,3,7,1,5,4,5,7,3,1,5,5,4,2,11,4,2,9,1,1,C03,7,8,1,10,2,14,,4,4,1,4,1,C03,120.62085,24.116718,2
2022,6,23,6,37,臺中市,大安區,0,1,0,8,1,5,50,14,9,1,5,4,5,7,4,4,5,4,5,1,20,43,2,8,1,1,C03,7,9,1,10,2,11,,43,43,1,20,8,C03,120.603591,24.380688,2
2022,6,23,6,50,臺中市,清水區,0,0,0,8,,,50,,,,,,,,,,,,,,,8,,,,,B03,,,1,,2,,,8,8,1,21,,B03,120.544868,24.26283,3
2022,6,23,6,56,臺中市,大甲區,0,0,0,,,,50,,,,,,,,,,,,,,,23,,,,,B03,,,1,,1,,,23,23,1,22,,B03,120.617809,24.351496,3
2022,6,23,7,6,臺中市,大里區,0,0,0,8,,,50,,,,,,,,,,,,,,,8,,,,,C03,,,1,,2,,,8,8,1,21,,C03,120.69012,24.112853,3
2022,6,23,7,14,臺中市,西屯區,0,2,0,8,1,5,50,4,1,1,5,4,5,7,1,1,10,5,5,2,12,7,2,9,1,1,C03,7,8,1,10,1,12,,7,7,1,22,8,C03,120.667124,24.17322,2
2022,6,23,7,18,臺中市,潭子區,0,1,0,8,1,5,50,4,2,1,5,4,5,7,4,4,5,5,5,1,14,12,3,10,1,1,B03,7,2,1,8,2,6,,12,12,1,22,9,B03,120.710888,24.213489,2
2022,6,23,7,20,臺中市,大甲區,0,1,0,8,1,5,70,14,13,1,5,4,5,7,4,4,1,5,4,1,17,23,2,2,1,1,C03,7,9,1,10,2,11,,23,23,1,4,1,C03,120.636325,24.361855,2
2022,6,23,7,23,臺中市,大甲區,0,1,0,8,1,5,50,3,2,1,5,4,5,7,4,4,5,5,5,2,18,23,2,9,1,1,C03,7,5,1,10,2,12,,23,23,1,21,8,C03,120.645115,24.36765,2
2022,6,23,7,24,臺中市,梧棲區,0,0,0,8,,,60,,,,,,,,,,,,,,,23,,,,,B12,,,1,,1,,,23,23,1,2,,B12,120.525243,24.223168,3
2022,6,23,7,29,臺中市,烏日區,0,1,0,8,1,5,60,4,1,1,5,4,5,7,1,1,1,4,5,1,16,25,3,10,1,1,B03,7,12,1,8,2,7,,25,25,1,22,8,B03,120.646642,24.110349,2
2022,6,23,7,30,臺中市,清水區,0,0,0,,,,50,,,,,,,,,,,,,,,6,,,,,B03,,,1,,2,,,6,6,1,5,,B03,120.567493,24.279093,3
2022,6,23,7,36,臺中市,潭子區,0,0,0,8,,,50,,,,,,,,,,,,,,,23,,,,,F03,,,8,,2,,,23,23,1,22,,F03,120.71024,24.208523,3
2022,6,23,7,37,臺中市,大里區,0,2,0,8,1,5,60,4,2,1,5,4,5,7,1,1,10,5,5,2,13,23,2,8,1,1,C03,7,9,1,10,2,11,,23,23,1,21,1,C03,120.674433,24.102586,2
2022,6,23,7,43,臺中市,烏日區,0,1,0,8,1,5,40,3,1,1,5,4,5,7,1,1,1,5,5,2,13,23,2,9,1,1,C03,7,9,1,10,2,11,,23,23,1,21,8,C03,120.61878,24.102748,2
2022,6,23,7,45,臺中市,豐原區,0,1,0,8,1,5,50,4,2,1,5,4,5,7,1,1,3,3,3,1,17,25,3,10,3,4,B03,7,5,1,8,2,1,,25,25,1,22,8,B03,120.728255,24.251255,2
2022,6,23,7,50,臺中市,太平區,0,0,0,8,,,80,,,,,,,,,,,,,,,16,,,,,B12,,,1,,1,,,16,16,1,22,,B12,120.715,24.152222,3
2022,6,23,7,53,臺中市,潭子區,0,0,0,8,,,50,,,,,,,,,,,,,,,6,,,,,B03,,,1,,1,,,6,6,1,22,,B03,120.710137,24.207954,3
2022,6,23,7,55,臺中市,潭子區,0,1,0,8,1,5,50,11,8,1,5,4,5,7,4,4,5,4,4,2,16,6,3,10,1,1,B12,7,6,1,2,2,5,,6,6,1,22,9,B12,120.690046,24.211249,2
2022,6,23,8,1,臺中市,烏日區,0,1,0,8,1,5,60,3,1,1,5,4,5,7,4,4,1,4,4,1,18,23,2,9,1,1,C03,7,6,1,10,2,12,,23,23,1,22,8,C03,120.622679,24.104828,2
2022,6,23,8,3,臺中市,大甲區,0,1,0,8,1,5,50,3,2,1,5,4,5,7,4,4,5,5,5,2,18,23,2,9,1,1,C03,7,5,1,10,2,14,,23,23,1,21,8,C03,120.645348,24.367763,2
2022,6,23,8,4,臺中市,豐原區,0,1,0,8,1,5,30,3,1,1,5,4,5,7,4,4,10,5,5,2,17,6,2,8,3,4,C03,7,6,1,10,2,11,,6,6,1,22,8,C03,120.712531,24.24541,2
2022,6,23,8,7,臺中市,大雅區,0,1,0,8,1,5,50,3,1,1,5,4,5,7,1,1,10,5,5,2,12,6,3,10,1,1,B03,7,6,1,8,2,2,,6,6,1,22,1,B03,120.67087,24.21585,2
2022,6,23,8,7,臺中市,北區,0,2,0,8,1,5,50,4,1,1,5,4,5,7,4,4,5,5,5,2,15,6,2,9,1,1,C03,7,9,1,10,2,11,,6,6,1,21,8,C03,120.672084,24.158488,2
2022,6,23,8,12,臺中市,大雅區,0,1,0,8,1,5,50,3,1,1,5,4,5,7,1,1,10,5,5,2,12,6,3,10,1,1,B03,7,6,1,8,2,2,,6,6,1,22,9,B03,120.67087,24.21585,2
2022,6,23,8,13,臺中市,北屯區,0,1,0,8,1,5,50,4,4,1,5,4,5,7,1,1,5,5,4,2,12,23,3,10,1,1,B03,7,9,1,8,2,2,,23,23,1,4,8,B03,120.7206,24.1749,2
2022,6,23,8,15,臺中市,梧棲區,0,2,0,8,1,5,30,4,1,1,5,4,5,7,4,4,10,5,5,2,15,6,2,8,1,1,C03,7,9,1,10,2,12,,6,6,1,9,1,C03,120.51571,24.224963,2
2022,6,23,8,16,臺中市,龍井區,0,1,0,8,1,5,30,3,1,1,5,4,5,7,4,4,10,5,5,1,16,6,3,10,3,4,B03,7,5,1,2,2,5,,6,6,1,5,8,B03,120.544891,24.192153,2
2022,6,23,8,19,臺中市,烏日區,0,0,0,,,,50,,,,,,,,,,,,,,,23,,,,,B03,,,1,,2,,,23,23,1,22,,B03,120.612995,24.102581,3