年,月,日,時,分,縣市,區,死,受傷,2-30,天候,光線,道路類別,速限,道路型態,事故位置,路面鋪裝,路面狀態,路面缺陷,障礙物,視距,號誌種類,號誌動作,分向設施,快車道或一般車道間,快慢車道間,路面邊線,事故類型及型態,主要肇因,受傷程度,主要傷處,保護裝備,行動電話,當事者區分,車輛用途,當事者行動狀態,駕駛資格情形,駕駛執照種類,飲酒情形,車輛撞擊部位最初,車輛撞擊部位其他,肇事因素個別,肇事因素主要,肇事逃逸,職業,旅次目的,車種,GPS緯度,GPS經度,事故類別
2022,6,23,16,20,臺中市,潭子區,0,1,0,8,1,5,30,4,1,1,5,4,5,7,3,1,10,5,5,2,15,6,2,9,1,1,C03,7,9,1,10,2,11,,6,6,1,22,8,C03,120.701947,24.193415,2
2022,6,23,16,24,臺中市,清水區,0,0,0,8,,,30,,,,,,,,,,,,,,,12,,,,,B03,,,1,,2,,,12,12,1,21,,B03,120.550903,24.312085,3
2022,6,23,16,27,臺中市,大里區,0,0,0,8,,,30,,,,,,,,,,,,,,,23,,,,,C03,,,1,,1,,,6,23,1,22,,C03,120.681222,24.109075,3
2022,6,23,16,30,臺中市,大安區,0,1,0,8,1,5,50,5,1,1,5,4,5,7,1,1,10,5,5,2,18,13,2,9,1,1,C03,7,6,1,10,2,12,,13,13,1,18,8,C03,120.570931,24.340036,2
2022,6,23,16,38,臺中市,潭子區,0,2,0,8,1,5,50,4,2,1,5,4,5,7,1,1,5,2,5,1,16,23,2,9,1,1,C03,7,9,1,10,2,11,,23,23,1,22,9,C03,120.720692,24.195158,2
2022,6,23,16,44,臺中市,西區,0,1,0,8,1,5,50,14,9,1,5,4,5,7,4,4,5,4,5,2,14,12,3,10,1,1,B03,7,2,1,8,2,3,,12,12,1,22,9,B03,120.661488,24.145171,2
2022,6,23,16,45,臺中市,西區,0,2,0,8,1,5,50,4,1,1,5,4,5,7,4,4,10,5,5,2,15,6,2,9,1,1,C03,7,9,1,10,2,12,,6,6,1,5,7,C03,120.67346,24.142277,2
2022,6,23,16,45,臺中市,沙鹿區,0,2,0,8,1,5,50,3,9,1,5,4,5,7,4,4,4,3,5,1,16,8,2,6,1,1,C03,7,5,1,10,2,14,,8,8,1,22,8,C03,120.566928,24.249598,2
2022,6,23,16,52,臺中市,大雅區,0,1,0,8,1,5,50,3,1,1,5,4,5,7,1,1,5,5,5,2,16,23,2,9,1,1,C03,7,9,1,10,2,11,,23,23,1,22,8,C03,120.64785,24.215936,2
2022,6,23,16,54,臺中市,西屯區,0,1,0,8,1,5,50,3,1,1,5,4,5,7,4,4,1,4,4,2,16,6,3,10,3,4,B03,7,6,1,8,2,5,,6,6,1,22,8,B03,120.641251,24.156278,2
2022,6,23,17,0,臺中市,龍井區,0,0,0,8,,,60,,,,,,,,,,,,,,,23,,,,,B03,,,1,,11,,,23,23,1,21,,B03,120.585618,24.18623,3
2022,6,23,17,3,臺中市,后里區,0,0,0,8,,,60,,,,,,,,,,,,,,,16,,,,,B03,,,1,,2,,,16,16,1,21,,B03,120.724318,24.316623,3
2022,6,23,17,6,臺中市,南屯區,0,2,0,8,1,5,50,3,1,1,5,4,5,7,4,4,5,4,5,2,16,8,2,9,1,1,C03,7,5,1,10,2,14,,8,8,1,22,8,C03,120.628294,24.139582,2
2022,6,23,17,10,臺中市,西屯區,0,2,0,8,1,5,40,4,1,1,5,4,5,7,2,1,1,4,1,1,17,7,2,9,1,1,C03,7,8,1,10,2,13,,7,7,1,1,9,C03,120.641015,24.167832,2
2022,6,23,17,11,臺中市,龍井區,0,1,0,8,1,5,50,3,1,1,5,4,5,7,3,1,9,4,5,2,17,6,3,10,1,1,B03,7,5,1,8,2,5,,6,6,1,21,8,B03,120.574346,24.196098,2
2022,6,23,17,19,臺中市,大里區,0,0,0,8,,,50,,,,,,,,,,,,,,,7,,,,,B03,,,1,,2,,,7,7,1,5,,B03,120.693979,24.100216,3
2022,6,23,17,20,臺中市,潭子區,0,1,0,8,1,5,50,4,9,1,5,4,5,7,1,1,5,5,4,1,16,6,2,7,1,1,C03,7,5,1,10,2,11,,6,6,1,22,8,C03,120.710378,24.210094,2
2022,6,23,17,29,臺中市,西屯區,0,0,0,8,,,40,,,,,,,,,,,,,,,43,,,,,,,,,,,,,43,43,1,,,,120.66179,24.165431,3
2022,6,23,17,31,臺中市,南屯區,0,1,0,8,1,5,40,3,1,1,5,4,5,7,4,4,5,4,4,2,17,26,3,10,1,1,B02,7,5,1,8,2,5,,26,26,1,22,8,B02,120.612413,24.152013,2
2022,6,23,17,31,臺中市,大肚區,0,0,0,,,,60,,,,,,,,,,,,,,,16,,,,,B03,,,1,,1,,,16,16,1,22,,B03,120.566592,24.121506,3
2022,6,23,17,33,臺中市,西屯區,0,2,0,8,1,5,50,3,1,1,5,4,5,7,1,1,10,5,5,2,16,25,2,9,1,1,C03,7,9,1,10,2,11,,25,25,1,22,8,C03,120.623402,24.193223,2
2022,6,23,17,33,臺中市,大肚區,0,0,0,,,,50,,,,,,,,,,,,,,,6,,,,,B12,,,1,,2,,,6,6,1,21,,B12,120.545119,24.148591,3
2022,6,23,17,35,臺中市,神岡區,0,1,0,8,1,5,50,3,1,1,5,4,5,7,1,1,5,4,4,2,17,6,3,10,1,1,B03,7,6,1,8,2,2,,6,6,1,12,8,B03,120.703497,24.262101,2
2022,6,23,17,36,臺中市,烏日區,0,1,0,8,1,5,50,3,1,1,5,4,5,7,1,1,10,5,5,2,16,9,3,10,1,1,B12,7,6,1,8,2,5,,9,9,1,5,8,B12,120.637724,24.096568,2
2022,6,23,17,41,臺中市,北屯區,0,2,0,7,2,5,50,4,1,1,5,4,5,7,2,1,10,5,5,2,16,8,2,9,1,1,C03,7,5,1,10,2,14,,8,8,1,22,8,C03,120.721081,24.174008,2
2022,6,23,17,42,臺中市,新社區,0,1,0,7,1,5,30,4,1,1,4,4,5,7,4,4,10,5,5,2,16,6,3,10,1,1,B03,7,9,1,8,2,8,,6,6,1,5,8,B03,120.799555,24.22654,2
2022,6,23,17,45,臺中市,北屯區,0,1,0,7,1,5,50,14,7,1,4,4,5,7,4,4,9,5,4,1,18,23,2,9,3,4,C03,7,9,1,10,2,15,,23,23,1,21,8,C03,120.685838,24.197817,2
2022,6,23,17,45,臺中市,石岡區,0,1,0,7,1,5,70,3,9,1,5,4,5,7,4,4,1,5,5,1,17,7,3,10,1,1,C03,7,8,1,10,2,13,,7,7,1,22,8,C03,120.815188,24.260956,2
2022,6,23,17,51,臺中市,北區,0,1,0,8,1,5,50,14,9,1,5,4,5,7,4,4,5,4,5,2,16,23,3,10,1,1,B03,7,9,1,8,2,2,,23,23,1,22,9,B03,120.675156,24.16698,2
2022,6,23,17,55,臺中市,沙鹿區,0,0,0,8,1,5,60,14,7,1,5,4,5,7,1,1,8,3,4,1,13,16,,,,,B12,,,6,,2,,,16,16,1,22,,B12,120.583107,24.250414,3
2022,6,23,17,56,臺中市,大里區,0,0,0,8,,,50,,,,,,,,,,,,,,,17,,,,,B03,,,1,,1,,,17,17,1,5,,B03,120.679343,24.113988,3
2022,6,23,17,58,臺中市,龍井區,0,0,0,8,,,60,,,,,,,,,,,,,,,23,,,,,B03,,,1,,11,,,23,23,1,21,,B03,120.58408,24.182558,3
2022,6,23,17,59,臺中市,西屯區,0,0,0,8,,,50,,,,,,,,,,,,,,,23,,,,,B03,,,1,,1,,,23,23,1,22,,B03,120.658245,24.158781,3
2022,6,23,17,59,臺中市,太平區,0,1,0,8,1,5,50,3,2,1,5,4,5,7,3,1,5,4,5,1,18,23,2,9,1,1,C03,7,9,1,10,2,12,,23,23,1,22,5,C03,120.710682,24.150275,2
2022,6,23,18,2,臺中市,南屯區,0,1,0,8,1,5,40,14,8,1,5,4,5,7,4,4,1,4,5,2,13,23,2,9,1,1,C03,7,9,1,10,2,11,,23,23,1,5,8,C03,120.62354,24.14141,2
2022,6,23,18,3,臺中市,龍井區,0,0,0,8,,,50,,,,,,,,,,,,,,,6,,,,,B03,,,1,,2,,,6,6,1,21,,B03,120.57195,24.179094,3
2022,6,23,18,14,臺中市,西區,0,2,0,8,1,5,50,4,2,1,5,4,5,7,1,1,5,4,4,2,16,19,2,9,1,1,C03,7,1,1,10,2,14,,19,19,1,4,1,C03,120.675484,24.141734,2
2022,6,23,18,16,臺中市,龍井區,0,0,0,8,,,30,,,,,,,,,,,,,,,23,,,,,B12,,,1,,11,,,23,,1,22,,B12,120.588273,24.178149,3
2022,6,23,18,18,臺中市,北屯區,0,0,0,8,,,50,,,,,,,,,,,,,,,23,,,,,B03,,,1,,1,,,23,23,1,21,,B03,120.686253,24.188797,3
2022,6,23,18,22,臺中市,南區,0,1,0,6,3,5,50,4,1,1,4,4,5,7,1,1,10,5,5,2,13,23,2,9,1,1,C03,7,6,1,10,2,11,,23,23,1,22,7,C03,120.652279,24.112742,2
2022,6,23,18,23,臺中市,清水區,0,1,0,8,1,5,50,14,9,1,5,4,5,7,4,4,8,3,4,1,13,23,3,10,1,1,B03,7,9,3,18,2,1,,23,23,1,21,8,B03,120.569632,24.280184,2
2022,6,23,18,25,臺中市,南屯區,0,0,0,8,,,50,,,,,,,,,,,,,,,6,,,,,C03,,,1,,1,,,6,6,1,22,,C03,120.643927,24.136516,3
2022,6,23,18,27,臺中市,北屯區,0,0,0,8,,,50,,,,,,,,,,,,,,,16,,,,,C03,,,1,,1,,,16,16,1,22,,C03,120.686213,24.189118,3
2022,6,23,18,31,臺中市,烏日區,0,0,0,8,,,50,,,,,,,,,,,,,,,10,,,,,B03,,,1,,2,,,10,10,1,22,,B03,120.634003,24.107927,3
2022,6,23,18,33,臺中市,東區,0,0,0,8,3,5,50,14,9,1,5,4,5,7,4,4,5,5,5,2,17,23,3,10,1,1,B01,7,1,1,4,11,6,,23,23,2,10,8,B01,120.69172,24.127619,3
2022,6,23,18,33,臺中市,北屯區,0,1,0,7,2,5,50,14,7,1,4,4,5,7,4,4,9,5,4,2,16,19,3,10,1,1,B12,7,1,1,8,2,4,,19,19,1,5,8,B12,120.680951,24.196505,2
2022,6,23,18,43,臺中市,后里區,0,1,0,6,1,5,60,5,1,1,4,4,5,7,1,1,10,3,5,2,16,9,3,10,1,1,C03,7,6,1,10,2,12,,9,9,1,22,8,C03,120.680203,24.311072,2
2022,6,23,18,45,臺中市,神岡區,0,1,0,6,3,5,30,3,2,1,4,4,5,7,4,4,10,5,5,2,17,42,3,10,3,4,C03,7,5,1,10,11,15,,44,42,1,22,9,C03,120.69834,24.275277,2
2022,6,23,18,59,臺中市,北屯區,0,1,0,7,3,5,50,14,9,1,5,4,5,7,4,4,1,4,5,2,13,23,3,10,1,1,B03,7,9,1,8,1,1,,23,23,1,22,8,B03,120.685036,24.200877,2
2022,6,23,19,0,臺中市,烏日區,0,0,0,8,,,70,,,,,,,,,,,,,,,42,,,,,B03,,,1,,2,,,42,42,1,21,,B03,120.604008,24.109443,3
2022,6,23,19,1,臺中市,北屯區,0,0,0,8,,,50,,,,,,,,,,,,,,,23,,,,,B03,,,1,8,2,,,23,23,1,21,,B03,120.682932,24.183826,3
2022,6,23,19,9,臺中市,豐原區,0,0,0,8,,,60,,,,,,,,,,,,,,,42,,,,,B03,,,1,,2,,,42,42,1,22,,B03,120.728866,24.242166,3
2022,6,23,19,12,臺中市,潭子區,0,0,0,8,,,30,,,,,,,,,,,,,,,23,,,,,B03,,,1,,2,,,23,23,1,22,,B03,120.702422,24.2094,3
2022,6,23,19,29,臺中市,烏日區,0,0,0,6,,,50,,,,,,,,,,,,,,,12,,,,,B03,,,1,,2,,,12,44,1,21,,B03,120.630294,24.10023,3
2022,6,23,19,30,臺中市,東區,0,0,0,,,,40,,,,,,,,,,,,,,,12,,,,,B03,,,1,,2,,,12,12,1,22,,B03,120.695702,24.126391,3
2022,6,23,19,30,臺中市,清水區,0,0,0,6,3,5,40,14,8,1,4,4,5,7,1,1,1,4,4,2,17,43,,,,,,,,,,,,,43,43,1,,,,120.574806,24.267533,3
2022,6,23,19,36,臺中市,西區,0,0,0,8,,,50,,,,,,,,,,,,,,,12,,,,,B12,,,1,,1,,,12,12,1,5,,B12,120.655683,24.14685,3
2022,6,23,19,39,臺中市,梧棲區,0,0,0,8,,,40,,,,,,,,,,,,,,,12,,,,,A41,,,1,,2,,,12,12,1,22,,A41,120.528615,24.261597,3
2022,6,23,20,15,臺中市,西屯區,0,0,0,8,,,50,,,,,,,,,,,,,,,23,,,,,B03,,,1,,1,,,23,23,1,22,,B03,120.654721,24.201088,3
2022,6,23,20,18,臺中市,北屯區,0,2,0,8,3,5,40,4,18,1,5,4,5,7,2,1,10,5,5,2,2,15,3,10,1,1,B03,7,5,1,8,2,1,,15,15,1,5,8,B03,120.681893,24.180211,2
2022,6,23,20,19,臺中市,西屯區,0,1,0,8,4,5,50,14,9,1,5,4,5,7,4,4,5,4,5,2,16,26,3,10,3,4,B03,7,1,1,8,2,8,,26,26,1,22,8,B03,120.652415,24.165589,2
2022,6,23,20,30,臺中市,大里區,0,0,0,8,,,40,,,,,,,,,,,,,,,8,,,,,C03,,,1,,2,,,8,8,1,3,,C03,120.691682,24.074011,3
2022,6,23,20,33,臺中市,豐原區,0,1,0,8,3,5,30,14,9,1,5,4,5,7,4,4,10,5,5,2,11,17,3,10,1,1,B01,7,9,1,4,2,4,,17,17,1,4,3,B01,120.699469,24.248705,2
2022,6,23,20,55,臺中市,西屯區,0,2,0,8,3,5,50,14,9,1,5,4,5,7,4,4,5,5,5,2,17,43,2,8,1,1,C03,7,9,1,10,2,15,,43,43,1,22,8,C03,120.65036,24.164941,2
2022,6,23,21,23,臺中市,北屯區,0,0,0,8,,,50,,,,,,,,,,,,,,,23,,,,,C03,,,1,,1,,,23,23,1,5,,C03,120.696121,24.165936,3
2022,6,23,21,28,臺中市,南屯區,0,0,0,8,,,50,,,,,,,,,,,,,,,7,,,,,B03,,,1,,2,,,7,7,1,4,,B03,120.619013,24.153567,3
2022,6,23,21,49,臺中市,霧峰區,0,2,0,8,4,5,40,14,9,1,5,4,5,7,4,4,9,5,4,1,16,23,2,9,1,1,C03,7,9,1,10,2,12,,23,23,1,3,8,C03,120.69784,24.064686,2
2022,6,23,22,7,臺中市,大甲區,0,1,0,8,3,5,50,4,1,1,5,4,5,7,1,1,5,5,5,2,16,26,2,9,1,1,C03,7,9,1,10,2,14,,26,26,1,21,1,C03,120.626319,24.339658,2
2022,6,23,22,12,臺中市,龍井區,0,2,0,8,3,5,50,4,2,1,5,4,5,7,2,1,5,5,5,1,17,43,2,9,3,4,C03,7,1,1,10,2,14,,43,43,1,22,9,C03,120.585642,24.186003,2
2022,6,23,22,27,臺中市,大雅區,0,1,0,8,3,5,50,4,1,1,5,4,5,7,2,1,10,4,5,1,16,25,3,10,1,1,B03,7,6,1,8,2,4,,25,25,1,22,9,B03,120.629595,24.208695,2
2022,6,23,22,30,臺中市,北區,0,1,0,7,3,5,50,14,8,1,5,4,5,7,4,4,5,4,4,2,29,67,2,9,1,1,C03,7,9,1,10,2,13,,44,67,1,22,8,C03,120.674113,24.15907,2
2022,6,23,22,40,臺中市,西屯區,0,0,0,8,,,40,,,,,,,,,,,,,,,17,,,,,B03,,,1,,2,,,17,17,1,1,,B03,120.616676,24.184306,3
2022,6,23,22,54,臺中市,東區,0,1,0,8,3,5,50,3,1,1,5,4,5,7,4,4,10,5,5,2,13,23,3,10,1,1,C03,7,9,1,10,2,13,,42,23,1,22,7,C03,120.694349,24.1493,2
2022,6,23,23,27,臺中市,北屯區,0,1,0,8,3,5,50,4,1,1,5,4,5,7,1,1,1,4,4,2,16,6,3,10,1,1,B03,7,5,1,8,2,1,,6,6,1,22,8,B03,120.664118,24.185722,2
2022,6,23,23,34,臺中市,南區,0,1,0,8,3,5,50,3,9,1,5,4,5,7,4,4,5,5,5,2,17,23,2,8,1,1,C03,7,9,1,10,2,11,,23,23,1,21,8,C03,120.674838,24.129509,2
2022,6,23,23,34,臺中市,神岡區,0,1,0,8,1,5,50,5,1,1,5,4,5,7,3,1,5,4,4,2,17,6,3,10,1,1,B03,7,9,1,8,2,1,,23,6,1,12,8,B03,120.657015,24.264366,2
2022,6,23,23,36,臺中市,南屯區,0,0,0,,,,40,,,,,,,,,,,,,,,12,,,,,B03,,,1,,2,,,12,12,1,4,,B03,120.638381,24.148869,3
2022,6,23,23,38,臺中市,豐原區,0,1,0,8,3,5,50,5,1,1,5,4,5,7,3,1,10,5,5,2,15,6,2,9,1,1,C03,7,9,1,10,2,14,,6,6,1,21,8,C03,120.727044,24.251781,2
2022,6,23,23,55,臺中市,西屯區,0,0,0,8,,,50,,,,,,,,,,,,,,,12,,,,,B12,,,1,,1,,,12,12,1,22,,B12,120.593534,24.180452,3
2022,6,24,0,55,臺中市,北區,0,2,0,8,3,5,50,4,1,1,5,4,5,7,1,1,10,5,5,2,13,16,2,9,1,1,C03,7,9,1,10,2,11,,16,16,1,22,8,C03,120.678313,24.163112,2
2022,6,24,1,8,臺中市,北屯區,0,1,0,8,3,5,50,4,1,1,5,4,5,7,3,1,10,5,5,2,15,6,3,10,1,1,B03,7,9,1,8,2,2,,6,6,1,5,8,B03,120.683846,24.179196,2
2022,6,24,2,50,臺中市,太平區,0,1,0,8,3,5,50,4,9,1,5,4,5,7,1,1,5,4,5,2,13,23,2,9,1,1,C03,7,9,1,10,2,11,,23,23,1,22,8,C03,120.710747,24.149722,2
2022,6,24,4,37,臺中市,北區,0,0,0,8,,,50,,,,,,,,,,,,,,,23,,,,,F03,,,,,,,,23,23,1,22,,F03,120.694946,24.156634,3
2022,6,24,5,20,臺中市,豐原區,0,2,0,8,1,5,50,3,1,1,5,4,5,7,3,1,10,5,5,2,16,6,3,10,1,1,B03,7,5,1,8,2,8,,6,6,1,22,8,B03,120.728065,24.258285,2
2022,6,24,5,38,臺中市,太平區,0,2,0,8,1,5,40,14,9,1,5,4,5,7,4,4,5,5,5,1,13,23,2,9,1,1,C03,7,9,1,10,2,11,,23,23,1,21,8,C03,120.714696,24.110388,2
2022,6,24,5,50,臺中市,南屯區,0,2,0,8,1,5,30,4,1,1,5,4,5,7,3,1,10,5,5,2,15,6,2,9,1,1,B03,7,9,1,7,2,2,,6,6,1,22,8,B03,120.641356,24.134848,2
2022,6,24,5,56,臺中市,南屯區,0,1,0,8,2,5,50,14,9,1,5,4,5,7,4,4,9,5,5,2,12,42,2,9,1,1,C03,7,9,1,10,2,11,,42,42,1,22,8,C03,120.65713,24.112825,2
2022,6,24,6,54,臺中市,南屯區,0,0,0,8,1,5,50,14,9,1,5,4,5,7,4,4,1,4,5,2,12,7,3,10,1,1,B03,7,8,1,8,1,6,,7,7,1,22,8,B03,120.618982,24.153548,3
2022,6,24,7,5,臺中市,清水區,0,0,0,,,,30,,,,,,,,,,,,,,,6,,,,,B03,,,1,,2,,,14,9,1,21,,B03,120.550757,24.28004,3
2022,6,24,7,8,臺中市,大雅區,0,1,0,8,1,5,50,3,1,1,5,4,5,7,1,1,5,4,4,1,16,19,3,10,1,1,F03,7,1,8,20,2,16,,19,19,1,22,9,F03,120.645263,24.225553,2
2022,6,24,7,10,臺中市,東勢區,0,0,0,8,,,30,,,,,,,,,,,,,,,5,,,,,B03,,,1,,1,,,5,5,1,22,,B03,120.834916,24.255356,3
2022,6,24,7,14,臺中市,東區,0,1,0,8,1,5,50,4,1,1,5,4,5,7,1,1,10,5,5,2,16,6,3,10,1,1,B12,7,6,1,8,2,6,,6,6,1,5,8,B12,120.699663,24.144684,2
2022,6,24,7,15,臺中市,梧棲區,0,2,0,8,1,5,50,4,1,1,5,4,5,7,1,1,10,5,5,2,15,25,2,9,1,1,C03,7,9,1,10,2,12,,25,25,1,22,8,C03,120.542332,24.241068,2
2022,6,24,7,16,臺中市,南區,0,0,0,8,,,1,,,,,,,,,,,,,,,19,,,,,B03,,,1,,1,,,19,19,1,22,,B03,120.654229,24.118321,3
2022,6,24,7,25,臺中市,大里區,0,2,0,8,1,5,60,3,2,1,5,4,5,7,1,1,1,2,4,1,16,23,2,9,1,1,C03,7,9,1,10,2,14,,23,23,1,9,1,C03,120.661975,24.108999,2
2022,6,24,7,25,臺中市,大甲區,0,0,0,8,,,60,,,,,,,,,,,,,,,7,,,,,F03,,,8,,1,,,7,7,1,21,,F03,120.618606,24.353283,3
2022,6,24,7,34,臺中市,太平區,0,2,0,8,1,5,50,3,1,1,5,4,5,7,4,4,10,5,5,2,16,19,2,9,1,1,C03,7,5,1,10,2,14,,19,8,1,22,5,C03,120.715602,24.124724,2
2022,6,24,7,34,臺中市,沙鹿區,0,1,0,8,1,5,50,3,1,1,5,4,5,7,1,1,10,5,5,2,16,25,2,9,1,1,C03,7,9,1,10,2,11,,25,25,1,9,8,C03,120.602462,24.259129,2
2022,6,24,7,40,臺中市,清水區,0,0,0,8,,,50,,,,,,,,,,,,,,,26,,,,,B03,,,1,,2,,,26,26,1,21,,B03,120.563091,24.263853,3
2022,6,24,7,41,臺中市,東區,0,0,0,8,,,50,,,,,,,,,,,,,,,16,,,,,B03,,,1,8,2,,,16,16,1,21,,B03,120.698893,24.132952,3
2022,6,24,7,44,臺中市,南屯區,0,1,0,8,1,5,40,14,8,1,5,4,5,7,4,4,1,5,5,2,18,23,2,7,1,1,C03,7,9,1,10,1,14,,23,23,1,18,8,C03,120.609739,24.15151,2
2022,6,24,7,45,臺中市,西屯區,0,1,0,8,1,5,50,3,1,1,5,4,5,7,2,1,10,5,5,2,16,19,3,10,3,4,B03,7,1,1,8,1,1,,19,19,1,22,8,B03,120.651491,24.178385,2
2022,6,24,7,47,臺中市,太平區,0,1,0,8,1,5,40,14,7,1,5,4,5,7,4,4,5,5,4,1,17,42,3,10,1,1,C03,7,9,1,10,2,14,,42,42,1,19,8,C03,120.725531,24.150021,2
2022,6,24,7,50,臺中市,大雅區,0,1,0,8,1,5,50,4,1,1,5,4,5,7,1,1,3,5,5,1,16,19,2,9,1,1,C03,7,1,1,10,2,14,,19,19,1,22,8,C03,120.66363,24.233381,2
2022,6,24,7,50,臺中市,西區,0,0,0,,,,50,,,,,,,,,,,,,,,44,,,,,B03,,,1,,10,,,44,44,1,20,,B03,120.656486,24.145997,3
2022,6,24,7,56,臺中市,大安區,0,2,0,8,1,5,50,4,1,1,5,4,5,7,3,1,10,5,5,2,15,6,2,9,1,1,C03,7,9,1,10,2,11,,6,6,1,21,8,C03,120.604401,24.393503,2
2022,6,24,7,58,臺中市,潭子區,0,1,0,8,1,5,40,3,1,1,5,4,5,7,4,4,9,4,5,1,12,16,2,9,1,1,C03,7,9,1,9,2,11,,16,16,1,22,8,C03,120.694602,24.204347,2
2022,6,24,8,0,臺中市,大雅區,0,1,0,8,1,5,50,3,1,1,5,4,5,7,4,4,10,5,5,2,18,23,2,9,1,1,C03,7,6,1,10,2,15,,23,23,1,22,8,C03,120.65081,24.210428,2
2022,6,24,8,6,臺中市,西屯區,0,0,0,8,,,50,,,,,,,,,,,,,,,7,,,,,B03,,,1,,1,,,7,7,1,22,,B03,120.632019,24.174538,3
2022,6,24,8,6,臺中市,大里區,0,1,0,8,1,5,30,3,1,1,5,4,5,7,4,4,10,5,5,2,13,6,3,10,1,1,C03,7,6,1,10,2,13,,6,6,1,5,8,C03,120.690891,24.120145,2
2022,6,24,8,8,臺中市,梧棲區,0,0,0,8,,,50,,,,,,,,,,,,,,,18,,,,,A12,,,1,,2,,,18,18,1,22,,A12,120.528984,24.250795,3
2022,6,24,8,10,臺中市,南屯區,0,0,0,8,1,5,50,14,9,1,5,4,5,7,4,4,9,5,5,2,14,4,,,,,B03,,,1,,2,,,4,4,1,22,,B03,120.648047,24.140961,3
2022,6,24,8,10,臺中市,西屯區,0,0,0,8,,,50,,,,,,,,,,,,,,,7,,,,,B03,,,1,,1,,,7,7,1,22,,B03,120.654432,24.199133,3
2022,6,24,8,12,臺中市,北區,0,1,0,8,1,5,50,4,1,1,5,4,5,7,2,1,10,5,5,2,17,25,3,10,1,1,B03,7,5,1,8,2,6,,25,25,1,22,8,B03,120.699002,24.160674,2
2022,6,24,8,13,臺中市,后里區,0,1,0,8,1,5,50,14,9,1,5,4,5,7,4,4,5,4,5,1,2,23,3,10,1,1,B03,7,9,1,8,2,5,,23,23,1,9,8,B03,120.712748,24.306508,2
2022,6,24,8,15,臺中市,西屯區,0,0,0,8,,,40,,,,,,,,,,,,,,,23,,,,,B03,,,1,,1,,,23,23,1,12,,B03,120.601403,24.182762,3
2022,6,24,8,15,臺中市,霧峰區,0,0,0,8,,,50,,,,,,,,,,,,,,,23,,,,,B03,,,1,,2,,,23,23,1,22,,B03,120.677781,24.064936,3
2022,6,24,8,17,臺中市,北屯區,0,0,0,8,,,50,,,,,,,,,,,,,,,12,,,,,B12,,,1,,2,,,12,12,1,21,,B12,120.73321,24.161446,3
2022,6,24,8,20,臺中市,潭子區,0,2,0,8,1,5,50,3,1,1,5,4,5,7,4,4,5,4,4,2,16,6,2,9,1,1,C03,7,5,4,11,2,12,,6,6,1,22,9,C03,120.700855,24.210406,2
2022,6,24,8,20,臺中市,南區,0,0,0,8,,,50,,,,,,,,,,,,,,,16,,,,,C03,,,1,,2,,,16,16,1,4,,C03,120.679112,24.126961,3
2022,6,24,8,22,臺中市,北屯區,0,3,0,8,1,5,50,14,9,1,5,4,5,7,4,4,9,5,4,2,17,6,2,9,1,1,C03,7,6,4,8,2,12,,6,6,1,21,8,C03,120.689061,24.170616,2
2022,6,24,8,28,臺中市,西屯區,0,0,0,8,,,50,,,,,,,,,,,,,,,23,,,,,B03,,,1,,1,,,23,23,1,22,,B03,120.643269,24.201724,3
2022,6,24,8,33,臺中市,西屯區,0,0,0,8,,,50,,,,,,,,,,,,,,,19,,,,,B03,,,1,,1,,,19,19,1,22,,B03,120.636085,24.176418,3
2022,6,24,8,38,臺中市,東區,0,0,0,,,,50,,,,,,,,,,,,,,,6,,,,,B03,,,1,,2,,,6,6,1,5,,B03,120.697165,24.139596,3
2022,6,24,8,40,臺中市,西區,0,0,0,8,1,5,40,14,8,1,5,4,5,7,4,4,1,4,3,2,17,7,,,,,B03,,,1,,2,,,7,7,1,4,,B03,120.657822,24.157829,3
2022,6,24,8,48,臺中市,北區,0,0,0,8,,,50,,,,,,,,,,,,,,,12,,,,,B03,,,1,,1,,,12,12,1,22,,B03,120.696914,24.159461,3
2022,6,24,9,5,臺中市,龍井區,0,0,0,8,,,30,,,,,,,,,,,,,,,23,,,,,B03,,,1,,11,,,23,23,1,22,,B03,120.590113,24.181575,4
2022,6,24,9,9,臺中市,大雅區,0,0,0,8,,,50,,,,,,,,,,,,,,,18,,,,,B03,,,1,,2,,,18,18,1,22,,B03,120.629218,24.241801,3
2022,6,24,9,20,臺中市,西區,0,0,0,8,1,5,60,14,7,1,5,4,5,7,4,4,1,4,1,2,13,23,,,,,B03,,,1,,2,,,23,23,1,4,,B03,120.658463,24.157328,3
2022,6,24,9,20,臺中市,南區,0,0,0,,,,50,,,,,,,,,,,,,,,16,,,,,C03,,,6,,9,,,16,16,1,5,,C03,120.677012,24.131289,3
2022,6,24,9,25,臺中市,沙鹿區,0,2,0,8,1,5,50,4,9,1,5,4,5,7,3,1,4,3,5,1,15,6,2,9,1,1,C03,7,9,1,10,2,11,,6,6,1,22,8,C03,120.561854,24.236877,2
2022,6,24,9,46,臺中市,大里區,0,0,0,8,,,50,,,,,,,,,,,,,,,42,,,,,B12,,,1,,2,,,42,42,1,21,,B12,120.680641,24.09517,3