年,月,日,時,分,縣市,區,死,受傷,2-30,天候,光線,道路類別,速限,道路型態,事故位置,路面鋪裝,路面狀態,路面缺陷,障礙物,視距,號誌種類,號誌動作,分向設施,快車道或一般車道間,快慢車道間,路面邊線,事故類型及型態,主要肇因,受傷程度,主要傷處,保護裝備,行動電話,當事者區分,車輛用途,當事者行動狀態,駕駛資格情形,駕駛執照種類,飲酒情形,車輛撞擊部位最初,車輛撞擊部位其他,肇事因素個別,肇事因素主要,肇事逃逸,職業,旅次目的,車種,GPS緯度,GPS經度,事故類別
2022,6,24,9,50,臺中市,南屯區,0,0,0,8,,,60,,,,,,,,,,,,,,,25,,,,,B03,,,1,8,2,,,25,25,1,12,,B03,120.633263,24.123792,3
2022,6,24,9,59,臺中市,東區,0,0,0,8,1,5,50,14,9,1,5,4,5,7,4,4,10,4,5,2,14,12,3,10,1,1,B12,7,2,1,8,2,3,,12,12,1,10,8,B12,120.686712,24.136634,3
2022,6,24,9,59,臺中市,清水區,0,1,0,8,1,5,50,3,1,1,5,4,5,7,4,4,8,3,4,1,16,9,3,10,1,1,B03,7,6,1,10,2,6,,9,9,1,21,8,B03,120.573092,24.263894,2
2022,6,24,10,5,臺中市,北屯區,0,1,0,8,1,5,50,14,7,1,5,4,5,7,4,4,5,5,4,2,13,16,2,9,3,4,C03,7,9,1,10,2,11,,16,16,1,21,8,C03,120.696283,24.164798,2
2022,6,24,10,10,臺中市,大雅區,0,2,0,8,1,5,50,14,9,1,5,4,5,7,4,4,7,5,5,2,16,8,2,9,1,1,C03,7,5,1,10,2,13,,8,8,1,22,9,C03,120.635369,24.243815,2
2022,6,24,10,10,臺中市,南屯區,0,0,0,8,1,5,50,14,8,1,5,4,5,7,4,4,1,4,4,2,14,12,,,,,B12,,,1,,1,,,12,12,1,22,,B12,120.637878,24.148174,3
2022,6,24,10,16,臺中市,南屯區,0,1,0,8,1,5,50,4,2,1,5,4,5,7,2,1,2,5,4,2,16,6,3,10,1,4,B03,7,6,1,6,2,2,,6,6,1,22,8,B03,120.637876,24.148751,2
2022,6,24,10,18,臺中市,北區,0,1,0,8,1,5,50,4,1,1,5,4,5,7,2,1,10,5,5,2,16,6,3,10,1,1,B12,7,6,1,8,2,5,,6,6,1,22,9,B12,120.682335,24.153988,2
2022,6,24,10,20,臺中市,北區,0,2,0,8,1,5,40,14,8,1,5,4,5,7,4,4,1,4,4,2,17,13,2,9,1,1,C03,7,9,1,10,2,11,,13,13,1,22,8,C03,120.675138,24.161444,2
2022,6,24,10,20,臺中市,西屯區,0,1,0,8,1,5,50,4,1,1,5,4,5,7,2,1,10,4,5,2,12,6,3,10,1,1,B03,7,6,1,8,2,5,,6,6,1,22,8,B03,120.614086,24.174783,2
2022,6,24,10,20,臺中市,大甲區,0,2,0,8,1,5,50,3,2,1,5,4,5,7,4,4,5,5,5,1,17,19,2,9,1,1,C03,7,1,1,10,2,14,,19,19,1,21,8,C03,120.647916,24.169348,2
2022,6,24,10,25,臺中市,大肚區,0,0,0,,,,30,,,,,,,,,,,,,,,12,,,,,B03,,,1,,2,,,12,12,1,22,,B03,120.570338,24.128804,3
2022,6,24,10,31,臺中市,西區,0,1,0,8,1,5,50,14,9,1,5,4,5,7,4,4,5,5,5,2,2,23,3,10,3,4,B03,7,9,1,8,2,1,,23,23,1,21,8,B03,120.672253,24.13799,2
2022,6,24,10,34,臺中市,大里區,0,0,0,8,,,30,,,,,,,,,,,,,,,12,,,,,B03,,,1,,2,,,12,12,1,5,,B03,120.694556,24.116833,3
2022,6,24,10,35,臺中市,外埔區,0,1,0,8,1,5,50,14,9,1,5,4,5,7,4,4,1,4,5,1,12,23,2,9,1,1,C03,7,9,3,18,2,11,,23,23,1,6,8,C03,120.669085,24.318883,2
2022,6,24,10,38,臺中市,西屯區,0,1,0,8,1,5,50,4,2,1,5,4,5,7,1,1,1,4,5,2,13,23,3,10,1,1,B03,7,9,1,8,2,1,,23,23,1,22,8,B03,120.625651,24.193959,2
2022,6,24,10,40,臺中市,后里區,0,1,0,8,1,5,50,14,9,1,5,4,3,7,4,4,9,5,5,1,14,12,3,10,1,1,G03,7,2,1,16,2,1,,12,12,1,21,1,G03,120.713998,24.329603,2
2022,6,24,10,44,臺中市,沙鹿區,0,1,0,8,1,5,30,4,1,1,5,4,5,7,4,4,10,5,5,2,15,6,2,4,1,1,C03,7,9,1,10,2,11,,6,6,1,19,7,C03,120.55,24.216944,2
2022,6,24,10,48,臺中市,北屯區,0,0,0,8,,,30,,,,,,,,,,,,,,,12,,,,,B03,,,1,,2,,,12,12,1,21,,B03,120.662135,24.19398,3
2022,6,24,11,7,臺中市,西區,0,0,0,8,1,5,50,4,2,1,5,4,5,7,1,1,5,4,5,2,13,23,,,,,B03,,,1,,1,,,16,23,1,4,,B03,120.675304,24.138653,3
2022,6,24,11,14,臺中市,西屯區,0,1,0,8,1,5,50,14,7,1,5,4,5,7,4,4,9,4,4,2,12,7,3,10,1,1,B03,7,8,1,8,2,2,,7,7,1,12,8,B03,120.647631,24.174068,2
2022,6,24,11,20,臺中市,神岡區,0,0,0,8,,,40,,,,,,,,,,,,,,,12,,,,,B03,,,1,,2,,,12,12,1,22,,B03,120.711616,24.25778,3
2022,6,24,11,48,臺中市,大甲區,0,0,0,8,,,50,,,,,,,,,,,,,,,23,,,,,B03,,,1,,1,,,23,23,1,4,,B03,120.618929,24.345881,3
2022,6,24,11,57,臺中市,梧棲區,0,1,0,8,1,5,60,3,1,1,5,4,5,7,1,1,10,5,5,2,16,8,2,9,1,1,C03,7,5,3,18,2,14,,8,8,1,18,8,C03,120.529645,24.234245,2
2022,6,24,11,58,臺中市,霧峰區,0,0,0,8,,,30,,,,,,,,,,,,,,,1,,,,,B12,,,1,,2,,,1,1,1,22,,B12,120.665481,24.036845,3
2022,6,24,12,3,臺中市,西屯區,0,0,0,8,,,30,,,,,,,,,,,,,,,23,,,,,B03,,,1,,2,,,23,23,1,22,,B03,120.636115,24.176401,3
2022,6,24,12,4,臺中市,神岡區,0,2,0,8,1,5,50,3,2,1,5,4,5,7,4,4,5,5,5,1,11,6,2,9,3,4,C03,7,5,1,10,2,11,,6,6,1,22,9,C03,120.679847,24.240012,2
2022,6,24,12,6,臺中市,龍井區,0,0,0,8,,,30,,,,,,,,,,,,,,,17,,,,,B12,,,1,,9,,,17,17,1,22,,B12,120.574275,24.180928,3
2022,6,24,12,8,臺中市,梧棲區,0,0,0,8,,,40,,,,,,,,,,,,,,,16,,,,,B12,,,1,,2,,,16,16,1,10,,B12,120.525854,24.224621,4
2022,6,24,12,9,臺中市,東區,0,0,0,8,,,30,,,,,,,,,,,,,,,17,,,,,B12,,,1,8,9,,,17,17,1,21,,B12,120.706181,24.130741,3
2022,6,24,12,10,臺中市,西屯區,0,0,0,8,,,40,,,,,,,,,,,,,,,16,,,,,C03,,,1,,1,,,16,16,1,22,,C03,120.64926,24.162356,3
2022,6,24,12,10,臺中市,西屯區,0,0,0,8,,,50,,,,,,,,,,,,,,,12,,,,,B02,,,1,,1,,,12,12,1,22,,B02,120.640109,24.171721,3
2022,6,24,12,10,臺中市,西屯區,0,0,0,8,,,30,,,,,,,,,,,,,,,17,,,,,B03,,,1,,1,,,38,17,1,22,,B03,120.646404,24.173847,3
2022,6,24,12,11,臺中市,北屯區,0,0,0,8,,,40,,,,,,,,,,,,,,,16,,,,,B03,,,1,,1,,,16,16,1,21,,B03,120.72031,24.165401,3
2022,6,24,12,12,臺中市,龍井區,0,1,0,8,1,5,50,14,9,1,5,4,5,7,4,4,9,4,5,1,18,23,2,7,1,1,C03,7,9,1,10,2,12,,23,23,1,21,8,C03,120.583953,24.182753,2
2022,6,24,12,15,臺中市,大甲區,0,1,0,8,1,5,50,14,9,1,5,4,5,7,4,4,10,5,5,2,18,23,2,9,1,1,C03,7,9,3,18,2,12,,23,23,1,4,1,C03,120.623383,24.412453,2
2022,6,24,12,20,臺中市,龍井區,0,0,0,8,,,50,,,,,,,,,,,,,,,6,,,,,B03,,,1,,2,,,6,8,1,9,,B03,120.564354,24.193155,3
2022,6,24,12,23,臺中市,北屯區,0,0,0,8,,,50,,,,,,,,,,,,,,,23,,,,,B03,,,1,,1,,,23,23,1,21,,B03,120.712536,24.182626,3
2022,6,24,12,23,臺中市,豐原區,0,1,0,8,1,5,30,3,2,1,5,4,4,7,4,4,8,3,5,1,11,6,3,10,1,1,C03,7,5,1,10,2,11,,6,6,1,22,5,C03,120.716328,24.242508,2
2022,6,24,12,24,臺中市,沙鹿區,0,0,0,8,,,50,,,,,,,,,,,,,,,23,,,,,B03,,,1,,1,,,23,23,1,7,,B03,120.557622,24.234411,3
2022,6,24,12,25,臺中市,北屯區,0,0,0,8,,,80,,,,,,,,,,,,,,,16,,,,,B03,,,1,,1,,,16,16,1,22,,B03,120.696678,24.165166,3
2022,6,24,12,25,臺中市,西屯區,0,1,0,8,1,5,40,14,8,1,5,4,5,7,4,4,1,5,1,2,13,16,3,10,1,1,C03,7,9,1,10,1,11,,16,16,1,22,8,C03,120.618576,24.181275,2
2022,6,24,12,30,臺中市,大安區,0,0,0,8,,,,,,,,,,,,,,,,,,43,,,,,,,,,,,,,43,43,2,,,,120.574882,24.34905,3
2022,6,24,12,36,臺中市,豐原區,0,2,0,8,1,5,50,4,1,1,5,4,5,7,1,1,10,5,5,2,16,6,2,9,1,1,C03,7,5,1,10,2,13,,6,6,1,21,8,C03,120.710886,24.250553,2
2022,6,24,12,40,臺中市,大里區,0,2,0,8,1,5,50,3,1,1,5,4,5,7,1,1,10,5,5,2,16,23,3,10,1,1,C03,7,5,1,10,2,12,,23,23,1,22,5,C03,120.684103,24.119065,2
2022,6,24,12,42,臺中市,北區,0,1,0,8,1,5,50,4,1,1,5,4,5,7,1,1,5,5,5,2,16,9,3,10,1,1,B03,7,6,1,8,2,5,,9,9,1,22,8,B03,120.670133,24.160588,2
2022,6,24,12,42,臺中市,北區,0,0,0,8,,,50,,,,,,,,,,,,,,,23,,,,,C03,,,1,,1,,,23,23,1,22,,C03,120.684981,24.166051,3
2022,6,24,12,45,臺中市,梧棲區,0,0,0,8,,,50,,,,,,,,,,,,,,,12,,,,,A05,,,1,,1,,,12,12,1,10,,A05,120.530735,24.255773,3
2022,6,24,12,48,臺中市,西屯區,0,1,0,8,1,5,40,4,1,1,5,4,5,7,1,1,9,4,4,2,12,6,3,10,1,1,B03,7,6,1,8,2,2,,6,6,1,12,8,B03,120.644558,24.203073,2
2022,6,24,12,50,臺中市,北屯區,0,1,0,8,1,5,50,4,1,1,5,4,5,7,2,1,10,5,5,2,17,43,2,9,1,1,C03,7,5,4,10,2,12,,43,43,1,5,8,C03,120.730333,24.173885,2
2022,6,24,12,59,臺中市,西屯區,0,0,0,8,,,50,,,,,,,,,,,,,,,23,,,,,B03,,,1,,1,,,23,23,1,22,,B03,120.615206,24.182492,3
2022,6,24,13,8,臺中市,大里區,0,0,0,8,,,30,,,,,,,,,,,,,,,12,,,,,B02,,,1,,2,,,12,12,1,5,,B02,120.674091,24.095471,3
2022,6,24,13,8,臺中市,豐原區,0,1,0,8,1,5,50,4,9,1,5,4,5,7,2,1,3,5,5,2,16,6,3,10,3,4,B03,7,6,1,8,2,6,,6,6,1,22,8,B03,120.727218,24.239186,2
2022,6,24,13,12,臺中市,大里區,0,0,0,8,,,50,,,,,,,,,,,,,,,18,,,,,B03,,,1,,2,,,18,18,1,22,,B03,120.694456,24.100945,3
2022,6,24,13,25,臺中市,沙鹿區,0,0,0,8,,,50,,,,,,,,,,,,,,,42,,,,,B03,,,1,,1,,,42,42,1,5,,B03,120.580953,24.219287,3
2022,6,24,13,28,臺中市,大里區,0,0,0,8,,,50,,,,,,,,,,,,,,,7,,,,,B03,,,1,,2,,,7,7,1,22,,B03,120.699148,24.109927,3
2022,6,24,13,29,臺中市,西屯區,0,0,0,8,,,80,,,,,,,,,,,,,,,23,,,,,B03,,,1,,2,,,23,23,1,22,,B03,120.634948,24.179291,3
2022,6,24,13,30,臺中市,龍井區,0,0,0,8,,,70,,,,,,,,,,,,,,,6,,,,,A31,,,1,,2,,,6,6,1,10,,A31,120.512313,24.225116,3
2022,6,24,13,38,臺中市,南屯區,0,1,0,8,1,5,30,4,1,1,5,4,5,7,4,4,10,5,5,2,15,6,2,9,1,1,C03,7,9,1,10,2,11,,6,6,1,22,8,C03,120.642548,24.141614,2
2022,6,24,13,38,臺中市,南屯區,0,1,0,8,1,5,50,14,9,1,5,4,5,7,4,4,5,5,5,2,12,23,3,10,1,1,B03,7,9,1,8,2,2,,23,23,1,5,8,B03,120.649972,24.129321,2
2022,6,24,13,41,臺中市,大里區,0,0,0,8,,,30,,,,,,,,,,,,,,,12,,,,,B03,,,1,,1,,,12,12,1,5,,B03,120.67671,24.096973,3
2022,6,24,13,48,臺中市,豐原區,0,1,0,6,1,5,50,3,2,1,4,4,5,7,4,4,8,3,4,1,17,43,2,7,3,4,C03,7,9,1,10,2,12,,43,43,1,22,8,C03,120.744919,24.26413,2
2022,6,24,13,49,臺中市,南屯區,0,1,0,8,1,5,50,14,9,1,5,4,5,7,4,4,5,5,5,2,16,27,3,10,1,1,B03,7,6,1,8,2,5,,27,27,1,22,9,B03,120.651389,24.150265,2
2022,6,24,14,9,臺中市,北屯區,0,1,0,8,1,5,40,4,1,1,5,4,5,7,1,1,10,5,5,2,13,16,2,9,1,1,C03,7,9,1,8,2,11,,16,16,1,21,8,C03,120.711886,24.182561,2
2022,6,24,14,14,臺中市,西屯區,0,0,0,8,,,50,,,,,,,,,,,,,,,42,,,,,B03,,,1,,1,,,42,42,1,22,,B03,120.636843,24.161775,3
2022,6,24,14,19,臺中市,豐原區,0,0,0,8,,,30,,,,,,,,,,,,,,,35,,,,,A11,,,1,,2,,,35,35,1,21,,A11,120.732306,24.241549,3
2022,6,24,14,21,臺中市,北屯區,0,0,0,8,,,50,,,,,,,,,,,,,,,7,,,,,B12,,,1,,1,,,7,7,1,5,,B12,120.71785,24.163189,3
2022,6,24,14,26,臺中市,南屯區,0,2,0,8,1,5,50,4,1,1,5,4,5,7,1,1,10,5,5,2,16,25,2,9,1,1,C03,7,5,1,10,2,12,14,25,25,1,5,8,C03,120.635643,24.14846,2
2022,6,24,14,39,臺中市,中區,0,1,0,7,1,5,50,4,1,1,5,4,5,7,2,1,10,5,5,2,16,26,3,10,1,1,B03,7,5,1,8,2,6,,26,26,1,22,9,B03,120.681512,24.136542,2
2022,6,24,14,41,臺中市,新社區,0,0,0,6,,,30,,,,,,,,,,,,,,,6,,,,,B03,,,1,,2,,,6,6,1,5,,B03,120.812621,24.203066,3
2022,6,24,14,43,臺中市,東區,0,0,0,6,1,5,50,4,1,1,5,4,5,7,4,4,10,5,5,2,15,6,3,10,1,1,A11,7,9,1,2,2,5,,6,6,1,10,8,A11,120.706973,24.142151,3
2022,6,24,14,44,臺中市,西屯區,0,1,0,8,1,5,50,3,1,1,5,4,5,7,4,4,10,5,5,2,16,10,3,10,1,1,B03,7,11,1,8,2,8,,10,10,1,22,8,B03,120.62084,24.186991,2
2022,6,24,14,52,臺中市,西區,0,0,0,,,,50,,,,,,,,,,,,,,,16,,,,,B03,,,1,,2,,,16,16,1,21,,B03,120.657425,24.150895,3
2022,6,24,14,55,臺中市,南區,0,0,0,8,,,50,,,,,,,,,,,,,,,43,,,,,,,,,,,,,43,43,1,,,,120.681933,24.130726,3
2022,6,24,14,58,臺中市,北屯區,0,0,0,8,,,30,,,,,,,,,,,,,,,25,,,,,B03,,,1,,1,,,25,25,1,21,,B03,120.665344,24.200776,3
2022,6,24,15,10,臺中市,沙鹿區,0,1,0,8,1,5,50,3,2,1,5,4,5,7,4,4,10,5,5,2,16,10,3,10,1,1,B03,7,11,1,8,2,1,,10,10,1,19,5,B03,120.566447,24.236993,2
2022,6,24,15,15,臺中市,北屯區,0,0,0,6,,,50,,,,,,,,,,,,,,,42,,,,,B02,,,1,,1,,,42,42,1,22,,B02,120.700033,24.164946,3
2022,6,24,15,35,臺中市,大甲區,0,1,0,8,1,5,50,4,2,1,5,4,5,7,4,4,5,5,5,1,13,16,3,10,1,1,B03,7,9,1,8,2,8,,16,16,1,5,8,B03,120.625882,24.347051,2
2022,6,24,15,41,臺中市,南屯區,0,0,0,6,,,50,,,,,,,,,,,,,,,23,,,,,C03,,,1,,2,,,23,23,1,5,,C03,120.609167,24.138618,3
2022,6,24,15,50,臺中市,霧峰區,0,0,0,6,,,40,,,,,,,,,,,,,,,16,,,,,B12,,,1,,2,,,16,16,1,12,,B12,120.663019,24.072322,3
2022,6,24,15,52,臺中市,后里區,0,0,0,8,1,5,50,14,12,1,5,4,3,5,4,4,5,4,4,1,16,8,,,,,C03,,,1,,2,,,8,8,1,22,,C03,120.721221,24.309038,3
2022,6,24,15,53,臺中市,西屯區,0,0,0,8,,,30,,,,,,,,,,,,,,,23,,,,,B03,,,1,,2,,,23,23,1,22,,B03,120.628242,24.180723,3
2022,6,24,15,57,臺中市,清水區,0,0,0,7,1,5,50,14,9,1,5,4,5,7,1,1,1,2,5,2,13,23,3,10,1,1,B03,7,9,1,8,2,1,,23,23,1,5,1,B03,120.54416,24.268027,3
2022,6,24,16,2,臺中市,大里區,0,0,0,6,,,50,,,,,,,,,,,,,,,12,,,,,B12,,,1,,2,,,12,12,1,10,,B12,120.69237,24.091423,3
2022,6,24,16,9,臺中市,南屯區,0,0,0,6,,,40,,,,,,,,,,,,,,,12,,,,,B12,,,1,,1,,,12,12,1,9,,B12,120.607548,24.126581,3
2022,6,24,16,10,臺中市,潭子區,0,1,0,6,1,5,40,15,9,1,4,4,5,7,4,4,3,4,5,2,13,16,2,3,1,1,B03,7,9,1,8,2,1,,16,16,1,22,8,B03,120.720812,24.228892,2
2022,6,24,16,10,臺中市,西屯區,0,0,0,8,,,40,,,,,,,,,,,,,,,42,,,,,B02,,,1,,2,,,42,42,1,1,,B02,120.665917,24.169083,3
2022,6,24,16,13,臺中市,南屯區,0,2,0,6,1,5,50,4,1,1,4,4,5,7,2,1,1,4,5,2,18,42,2,9,1,1,C03,7,6,1,10,2,12,,42,42,1,18,8,C03,120.637284,24.136787,2
2022,6,24,16,15,臺中市,西屯區,0,2,0,6,1,5,50,14,9,1,4,4,5,7,4,4,5,4,5,2,13,16,2,9,1,1,C03,7,9,1,10,2,11,,16,16,1,22,8,C03,120.650281,24.156366,2
2022,6,24,16,16,臺中市,龍井區,0,2,0,6,1,5,40,3,1,1,4,4,5,7,4,4,9,4,5,2,17,6,2,9,1,1,C03,7,5,1,10,2,11,,6,6,1,21,1,C03,120.573174,24.192138,2
2022,6,24,16,17,臺中市,神岡區,0,1,0,7,1,5,30,4,1,1,5,4,5,3,4,4,10,5,5,2,15,6,3,10,3,4,B03,7,9,1,8,2,6,,6,6,1,22,9,B03,120.685581,24.25154,2
2022,6,24,16,18,臺中市,西區,0,0,0,6,,,50,,,,,,,,,,,,,,,7,,,,,B03,,,1,,1,,,7,7,1,22,,B03,120.655595,24.150861,3
2022,6,24,16,22,臺中市,太平區,0,0,0,6,,,30,,,,,,,,,,,,,,,12,,,,,B03,,,1,,2,,,12,12,1,3,,B03,120.725001,24.156312,3
2022,6,24,16,26,臺中市,北區,0,0,0,8,,,50,,,,,,,,,,,,,,,6,,,,,B03,,,1,,2,,,6,6,1,22,,B03,120.683428,24.153716,3
2022,6,24,16,27,臺中市,西區,0,0,0,6,,,60,,,,,,,,,,,,,,,26,,,,,B03,,,1,,1,,,26,26,1,18,,B03,120.659727,24.157289,3
2022,6,24,16,30,臺中市,北區,0,1,0,1,1,5,50,4,1,1,4,4,5,7,4,4,10,5,5,2,18,43,2,9,1,1,C03,7,12,1,10,2,15,,43,43,1,22,9,C03,120.67673,24.146203,2
2022,6,24,16,30,臺中市,大里區,0,0,0,6,,,80,,,,,,,,,,,,,,,23,,,,,B12,,,1,,2,,,23,23,1,10,,B12,120.690704,24.098029,3
2022,6,24,16,32,臺中市,南區,0,0,0,,,,50,,,,,,,,,,,,,,,26,,,,,B03,,,1,,2,,,26,26,1,5,,B03,120.670108,24.114804,3
2022,6,24,16,32,臺中市,西屯區,0,1,0,6,1,5,50,4,1,1,4,4,5,7,4,4,10,5,5,2,3,15,3,10,1,1,C03,7,9,1,10,2,11,,15,15,1,4,8,C03,120.66745,24.174858,2
2022,6,24,16,35,臺中市,大里區,0,0,0,6,,,80,,,,,,,,,,,,,,,16,,,,,B03,,,1,,2,,,16,16,1,9,,B03,120.690704,24.098029,3
2022,6,24,16,42,臺中市,潭子區,0,0,0,,,,50,,,,,,,,,,,,,,,8,,,,,B03,,,1,,2,,,8,8,1,22,,B03,120.706665,24.22785,3
2022,6,24,16,45,臺中市,西區,0,1,0,8,1,5,50,4,1,1,5,4,5,7,2,1,10,5,5,2,18,43,2,9,1,1,C03,7,6,1,10,2,12,,43,43,1,20,8,C03,120.657365,24.146713,2
2022,6,24,16,55,臺中市,大里區,0,0,0,6,,,30,,,,,,,,,,,,,,,17,,,,,B11,,,1,,2,,,17,17,1,5,,B11,120.687843,24.113948,3
2022,6,24,16,57,臺中市,太平區,0,0,0,6,,,50,,,,,,,,,,,,,,,42,,,,,B03,,,1,,2,,,42,42,1,5,,B03,120.732361,24.136325,3
2022,6,24,16,58,臺中市,大里區,0,1,0,6,1,5,50,4,1,1,4,4,5,7,1,1,5,4,5,1,17,19,3,10,3,4,B03,7,1,1,8,2,2,,19,19,1,12,8,B03,120.70609,24.087441,2
2022,6,24,17,5,臺中市,霧峰區,0,0,0,6,,,30,,,,,,,,,,,,,,,12,,,,,B03,,,1,,2,,,12,12,1,3,,B03,120.673274,24.07172,3
2022,6,24,17,9,臺中市,南區,0,0,0,6,1,5,40,14,8,1,4,4,5,7,4,4,1,5,1,2,17,19,3,10,1,1,A12,7,1,1,7,2,6,,19,19,1,21,8,A12,120.680038,24.123635,3
2022,6,24,17,9,臺中市,沙鹿區,0,2,0,6,1,5,50,14,7,1,4,4,5,7,4,4,8,4,4,2,17,43,2,9,1,1,C03,7,15,1,10,2,15,,43,43,1,21,9,C03,120.57108,24.222844,2
2022,6,24,17,11,臺中市,北屯區,0,1,0,6,1,5,50,5,1,1,4,4,5,7,2,1,10,5,5,2,17,42,3,10,3,4,B12,7,6,1,7,2,2,,42,42,1,21,8,B12,120.686236,24.188702,2
2022,6,24,17,12,臺中市,北屯區,0,1,0,6,2,5,80,14,9,1,4,4,5,7,4,4,1,4,5,2,13,16,3,10,1,1,B03,7,9,1,8,2,1,,16,16,1,22,8,B03,120.722241,24.18702,2
2022,6,24,17,13,臺中市,南屯區,0,1,0,6,1,5,50,4,1,1,4,4,5,7,1,1,10,5,5,2,16,10,3,10,1,1,B03,7,11,1,8,2,1,,10,10,1,22,8,B03,120.634921,24.153923,2
2022,6,24,17,15,臺中市,霧峰區,0,0,0,6,,,40,,,,,,,,,,,,,,,19,,,,,C03,,,1,,2,,,19,19,1,20,,C03,120.683,24.065358,3
2022,6,24,17,16,臺中市,大甲區,0,0,0,6,,,50,,,,,,,,,,,,,,,23,,,,,B03,,,1,,1,,,23,23,1,4,,B03,120.627275,24.350715,3
2022,6,24,17,21,臺中市,南屯區,0,2,0,6,2,5,50,4,1,1,4,4,5,7,2,1,1,2,5,2,18,42,2,9,1,1,C03,7,9,1,10,2,14,,42,42,1,18,8,C03,120.644912,24.140091,2
2022,6,24,17,22,臺中市,梧棲區,0,0,0,8,,,80,,,,,,,,,,,,,,,23,,,,,B12,,,1,,1,,,23,23,1,10,,B12,120.51831,24.225341,4
2022,6,24,17,24,臺中市,南屯區,0,1,0,6,3,5,50,14,9,1,4,4,5,7,4,4,5,5,5,2,17,19,3,10,1,1,C03,7,1,1,10,2,11,,19,19,1,22,9,C03,120.647386,24.148849,2
2022,6,24,17,25,臺中市,西屯區,0,1,0,8,1,5,50,4,1,1,5,4,5,7,1,1,9,4,4,2,12,26,2,9,1,1,C03,7,9,1,10,1,12,,26,26,1,12,8,C03,120.617001,24.184058,2
2022,6,24,17,30,臺中市,潭子區,0,1,0,6,1,5,50,4,1,1,4,4,5,7,1,1,1,4,4,1,17,25,3,10,1,1,B03,7,9,1,8,2,8,,25,25,1,22,8,B03,120.688133,24.216082,2
2022,6,24,17,30,臺中市,西區,0,0,0,6,,,60,,,,,,,,,,,,,,,23,,,,,B03,,,1,,1,,,23,23,1,5,,B03,120.662157,24.156062,3
2022,6,24,17,33,臺中市,霧峰區,0,1,0,6,3,5,40,14,9,1,4,4,5,7,4,4,9,4,5,1,18,42,2,9,3,4,C03,7,9,1,10,2,15,,42,42,1,12,1,C03,120.712206,24.077015,2
2022,6,24,17,41,臺中市,北屯區,0,1,0,6,1,5,50,14,9,1,4,4,5,7,4,4,5,4,5,2,18,23,2,9,1,1,C03,7,9,1,10,2,14,,23,23,1,21,8,C03,120.713493,24.173214,2
2022,6,24,17,47,臺中市,北區,0,1,0,6,2,5,50,4,1,1,4,4,5,7,1,1,10,5,5,2,16,25,3,10,1,1,F01,7,9,8,20,2,15,,25,25,1,22,8,F01,120.682583,24.153366,2
2022,6,24,17,47,臺中市,西屯區,0,0,0,6,,,50,,,,,,,,,,,,,,,16,,,,,B12,,,1,,1,,,16,16,1,22,,B12,120.649266,24.16846,3
2022,6,24,17,47,臺中市,大里區,0,0,0,8,,,80,,,,,,,,,,,,,,,23,,,,,B03,,,1,,2,,,23,23,1,3,,B03,120.690704,24.098029,3
2022,6,24,17,50,臺中市,西屯區,0,0,0,6,,,40,,,,,,,,,,,,,,,43,,,,,B03,,,1,,1,,,43,43,1,4,,B03,120.60272,24.16385,3
2022,6,24,17,50,臺中市,大甲區,0,2,0,6,1,5,50,14,9,1,4,4,5,7,4,4,9,5,5,1,17,40,3,10,1,1,B03,7,13,1,8,1,4,,40,40,1,4,8,B03,120.622439,24.343724,2
2022,6,24,17,52,臺中市,豐原區,0,0,0,6,1,5,50,14,9,1,4,4,5,7,4,4,8,3,5,1,17,23,3,10,3,4,C03,7,9,1,18,6,11,,23,23,1,22,8,C03,120.719611,24.250616,3
2022,6,24,18,3,臺中市,南屯區,0,2,0,6,2,5,50,3,1,1,4,4,5,7,1,1,10,5,5,2,16,8,2,9,1,1,C03,7,5,1,10,2,11,,8,8,1,9,8,C03,120.609974,24.130998,2
2022,6,24,18,4,臺中市,北屯區,0,0,0,6,,,50,,,,,,,,,,,,,,,7,,,,,B02,,,1,,1,,,7,7,1,21,,B02,120.719216,24.175933,3
2022,6,24,18,5,臺中市,大里區,0,0,0,6,,,30,,,,,,,,,,,,,,,12,,,,,B11,,,1,,2,,,12,12,1,10,,B11,120.69597,24.110223,3
2022,6,24,18,12,臺中市,西屯區,0,0,0,6,,,50,,,,,,,,,,,,,,,16,,,,,B03,,,1,,1,,,16,16,1,4,,B03,120.63479,24.17846,3
2022,6,24,18,13,臺中市,西區,0,0,0,6,,,50,,,,,,,,,,,,,,,23,,,,,C03,,,1,,9,,,23,17,1,5,,C03,120.661687,24.146708,3
2022,6,24,18,18,臺中市,東區,0,0,0,,,,50,,,,,,,,,,,,,,,16,,,,,B03,,,1,,2,,,16,16,1,22,,B03,120.700188,24.132411,3