年,月,日,時,分,縣市,區,死,受傷,2-30,天候,光線,道路類別,速限,道路型態,事故位置,路面鋪裝,路面狀態,路面缺陷,障礙物,視距,號誌種類,號誌動作,分向設施,快車道或一般車道間,快慢車道間,路面邊線,事故類型及型態,主要肇因,受傷程度,主要傷處,保護裝備,行動電話,當事者區分,車輛用途,當事者行動狀態,駕駛資格情形,駕駛執照種類,飲酒情形,車輛撞擊部位最初,車輛撞擊部位其他,肇事因素個別,肇事因素主要,肇事逃逸,職業,旅次目的,車種,GPS緯度,GPS經度,事故類別
2022,6,24,18,23,臺中市,北屯區,0,0,0,6,,,50,,,,,,,,,,,,,,,23,,,,,B03,,,1,,2,,,23,23,1,22,,B03,120.68136,24.176642,3
2022,6,24,18,25,臺中市,東區,0,1,0,6,2,5,50,4,1,1,4,4,5,7,1,1,5,5,5,2,16,6,3,10,1,1,F03,7,5,8,20,2,16,,6,6,1,21,8,F03,120.687749,24.131982,2
2022,6,24,18,27,臺中市,西區,0,0,0,6,,,50,,,,,,,,,,,,,,,23,,,,,B03,,,1,8,1,,,23,23,1,22,,B03,120.655528,24.151028,3
2022,6,24,18,30,臺中市,西屯區,0,2,0,6,3,5,30,14,9,1,4,4,5,7,4,4,10,5,5,2,9,23,2,9,1,1,C03,7,9,1,10,2,11,,23,23,1,22,8,C03,120.645338,24.175173,2
2022,6,24,18,30,臺中市,梧棲區,0,0,0,6,,,50,,,,,,,,,,,,,,,10,,,,,B03,,,1,,2,,,10,10,1,12,,B03,120.531333,24.25575,3
2022,6,24,18,35,臺中市,南區,0,2,0,6,3,5,50,14,8,1,4,4,5,6,4,4,5,4,4,2,12,19,2,9,1,1,C03,7,1,1,10,2,14,,19,19,1,22,8,C03,120.661858,24.129736,2
2022,6,24,18,35,臺中市,霧峰區,0,0,0,6,,,50,,,,,,,,,,,,,,,6,,,,,B03,,,1,,2,,,6,6,1,12,,B03,120.69929,24.068179,3
2022,6,24,18,36,臺中市,西屯區,0,1,0,6,2,5,50,4,2,1,4,4,5,7,1,1,1,4,5,2,29,43,2,9,3,4,B03,7,8,1,8,2,2,,43,43,1,22,8,B03,120.657579,24.190311,2
2022,6,24,18,38,臺中市,北屯區,0,0,0,6,,,80,,,,,,,,,,,,,,,7,,,,,H02,,,1,8,2,,,67,7,1,21,,H02,120.720781,24.173013,3
2022,6,24,18,40,臺中市,東區,0,1,0,6,3,5,50,14,7,1,4,4,5,7,4,4,1,4,4,2,17,43,3,10,1,1,C03,7,21,1,10,2,13,,43,43,1,22,8,C03,120.694327,24.147377,2
2022,6,24,18,40,臺中市,大里區,0,0,0,6,,,50,,,,,,,,,,,,,,,23,,,,,B03,,,1,,1,,,23,23,1,5,,B03,120.690133,24.124016,3
2022,6,24,18,43,臺中市,大里區,0,0,0,6,,,50,,,,,,,,,,,,,,,23,,,,,B03,,,5,,8,,,23,23,1,5,,B03,120.674678,24.101846,3
2022,6,24,18,43,臺中市,大里區,0,0,0,6,,,50,,,,,,,,,,,,,,,23,,,,,B03,,,1,,2,,,23,23,1,12,,B03,120.697871,24.080546,3
2022,6,24,18,44,臺中市,東區,0,0,0,6,3,5,50,5,7,1,4,4,5,7,1,1,5,5,4,2,13,16,3,10,1,1,B03,7,9,1,8,2,1,,16,16,1,21,8,B03,120.706566,24.148611,3
2022,6,24,18,44,臺中市,太平區,0,0,0,6,,,50,,,,,,,,,,,,,,,17,,,,,B03,,,1,,9,,,17,17,1,8,,B03,120.723807,24.1495,3
2022,6,24,18,45,臺中市,潭子區,0,1,0,6,3,5,50,3,1,1,4,4,5,7,4,4,5,5,5,1,17,19,3,10,1,1,B03,7,1,1,8,2,8,,19,19,1,22,8,B03,120.710358,24.209152,2
2022,6,24,18,45,臺中市,南區,0,0,0,6,,,50,,,,,,,,,,,,,,,12,,,,,B03,,,1,8,2,,,12,12,1,5,,B03,120.663211,24.12618,3
2022,6,24,18,48,臺中市,北區,0,0,0,8,,,40,,,,,,,,,,,,,,,23,,,,,B03,,,1,,2,,,23,23,1,22,,B03,120.676559,24.145004,3
2022,6,24,18,50,臺中市,西屯區,0,2,0,6,3,5,50,14,9,1,4,4,5,7,4,4,3,4,5,1,13,23,2,9,1,1,F02,7,9,8,20,2,16,,23,23,1,1,9,F02,120.635349,24.169426,2
2022,6,24,18,53,臺中市,太平區,0,1,0,6,3,5,30,3,1,1,4,4,5,7,4,4,10,5,5,2,18,23,2,9,1,1,C03,7,9,1,10,2,12,,23,23,1,5,7,C03,120.706776,24.151249,2
2022,6,24,18,54,臺中市,西屯區,0,1,0,6,3,5,50,14,9,1,4,4,5,7,4,4,1,4,5,2,13,23,2,7,1,1,C03,7,9,1,10,2,11,,23,23,1,22,8,C03,120.655075,24.16875,2
2022,6,24,18,55,臺中市,大雅區,0,2,0,6,3,5,30,14,9,1,4,4,5,7,4,4,10,5,5,1,13,16,2,9,1,1,C03,7,9,1,10,2,11,,16,16,1,22,9,C03,120.633335,24.219723,2
2022,6,24,18,58,臺中市,大雅區,0,0,0,6,,,40,,,,,,,,,,,,,,,43,,,,,,,,,,,,,43,43,1,,,,120.627278,24.209408,3
2022,6,24,18,58,臺中市,南屯區,0,1,0,6,3,5,50,4,1,1,4,4,5,7,2,1,5,2,4,2,17,6,3,10,1,1,C03,7,5,1,10,2,15,,6,6,1,5,8,C03,120.633066,24.139279,2
2022,6,24,18,58,臺中市,西屯區,0,1,0,6,3,5,50,4,1,1,4,4,5,7,1,1,10,5,5,2,16,8,2,9,1,1,C03,7,5,1,10,2,14,,8,8,1,4,8,C03,120.654346,24.197104,2
2022,6,24,18,58,臺中市,大里區,0,0,0,6,,,50,,,,,,,,,,,,,,,42,,,,,B03,,,1,,2,,,42,42,1,5,,B03,120.695966,24.106416,3
2022,6,24,18,58,臺中市,太平區,0,1,0,6,3,5,50,3,9,1,4,4,5,7,4,4,10,5,5,2,16,6,3,10,1,1,B03,7,5,1,8,2,2,,6,6,1,9,7,B03,120.703418,24.112493,2
2022,6,24,19,0,臺中市,東區,0,0,0,,,,50,,,,,,,,,,,,,,,16,,,,,C03,,,1,,2,,,16,16,1,22,,C03,120.700822,24.138913,3
2022,6,24,19,0,臺中市,北屯區,0,0,0,6,,,80,,,,,,,,,,,,,,,16,,,,,B03,,,1,,1,,,16,16,1,21,,B03,120.72245,24.188538,3
2022,6,24,19,1,臺中市,南屯區,0,0,0,6,,,50,,,,,,,,,,,,,,,26,,,,,B03,,,1,,1,,,26,26,1,22,,B03,120.62378,24.152319,3
2022,6,24,19,1,臺中市,南屯區,0,0,0,6,,,50,,,,,,,,,,,,,,,7,,,,,B03,,,1,,1,,,7,7,1,22,,B03,120.63359,24.146166,3
2022,6,24,19,3,臺中市,西屯區,0,0,0,6,,,50,,,,,,,,,,,,,,,16,,,,,B03,,,1,,1,,,16,16,1,4,,B03,120.654346,24.197104,3
2022,6,24,19,9,臺中市,南屯區,0,0,0,6,,,50,,,,,,,,,,,,,,,6,,,,,B03,,,1,,1,,,6,6,1,4,,B03,120.622427,24.150067,3
2022,6,24,19,10,臺中市,沙鹿區,0,2,0,6,3,5,50,4,1,1,4,4,5,7,3,1,10,5,5,2,2,23,2,9,1,1,C03,7,9,1,10,2,11,,23,23,1,5,5,C03,120.557673,24.232995,2
2022,6,24,19,11,臺中市,后里區,0,1,0,6,3,5,50,3,1,1,4,4,5,6,4,4,9,5,5,1,16,42,3,10,1,1,B12,7,11,1,8,2,4,,42,42,1,7,1,B12,120.727819,24.309184,2
2022,6,24,19,13,臺中市,北屯區,0,0,0,6,,,80,,,,,,,,,,,,,,,16,,,,,B03,,,1,,1,,,16,16,1,22,,B03,120.718535,24.163443,3
2022,6,24,19,15,臺中市,大里區,0,0,0,6,,,40,,,,,,,,,,,,,,,23,,,,,B03,,,1,,2,,,23,23,1,19,,B03,120.692547,24.102836,3
2022,6,24,19,20,臺中市,西屯區,0,1,0,6,4,5,50,5,1,1,4,4,5,7,4,4,5,4,5,1,17,42,2,9,1,1,C03,7,6,1,10,2,15,,42,42,1,1,9,C03,120.589844,24.177543,2
2022,6,24,19,25,臺中市,南區,0,1,0,6,3,5,50,14,9,1,4,4,5,7,4,4,5,4,5,2,17,23,2,9,3,4,C03,7,15,1,10,2,14,,23,23,1,5,8,C03,120.663075,24.1266,2
2022,6,24,19,25,臺中市,烏日區,0,0,0,6,,,30,,,,,,,,,,,,,,,23,,,,,B03,,,1,,2,,,44,23,1,21,,B03,120.639513,24.107248,3
2022,6,24,19,26,臺中市,太平區,0,1,0,8,3,5,50,3,1,1,4,4,5,7,4,4,10,5,5,2,18,23,2,9,1,1,C03,7,9,1,10,2,11,,23,23,1,8,1,C03,120.719772,24.129899,2
2022,6,24,19,27,臺中市,大里區,0,0,0,6,,,50,,,,,,,,,,,,,,,23,,,,,B03,,,1,,2,,,23,23,1,3,,B03,120.695482,24.096795,3
2022,6,24,19,29,臺中市,南區,0,0,0,6,,,50,,,,,,,,,,,,,,,10,,,,,B03,,,1,8,2,,,10,10,1,5,,B03,120.668871,24.114585,3
2022,6,24,19,32,臺中市,南屯區,0,0,0,6,,,50,,,,,,,,,,,,,,,19,,,,,B03,,,1,,1,,,19,19,1,22,,B03,120.610082,24.139125,3
2022,6,24,19,41,臺中市,西屯區,0,2,0,6,3,5,50,14,9,1,4,4,5,7,4,4,1,4,5,2,16,19,2,9,1,1,C03,7,1,1,10,2,14,,19,19,1,4,8,C03,120.650466,24.163722,2
2022,6,24,19,43,臺中市,中區,0,1,0,6,3,5,50,3,1,1,4,4,5,6,4,4,5,4,5,2,18,42,2,9,1,1,C03,7,9,1,10,2,12,,42,42,1,4,9,C03,120.680665,24.143495,2
2022,6,24,19,50,臺中市,南區,0,1,0,6,1,5,50,3,1,1,4,4,5,7,1,1,10,5,5,2,18,23,2,9,1,1,C03,7,9,1,10,2,14,,23,23,1,22,8,C03,120.648657,24.114545,2
2022,6,24,19,50,臺中市,南區,0,0,0,6,,,50,,,,,,,,,,,,,,,23,,,,,B03,,,1,,2,,,23,23,1,22,,B03,120.673434,24.124051,3
2022,6,24,19,50,臺中市,西屯區,0,1,0,6,3,5,30,4,2,1,4,4,5,7,4,4,10,5,5,2,17,23,3,10,1,1,B03,7,9,1,8,2,8,,23,23,1,22,8,B03,120.613786,24.177401,2
2022,6,24,19,52,臺中市,西屯區,0,0,0,6,,,40,,,,,,,,,,,,,,,23,,,,,C03,,,1,,1,,,23,23,1,22,,C03,120.6374,24.163374,3
2022,6,24,19,53,臺中市,西屯區,0,0,0,8,,,50,,,,,,,,,,,,,,,12,,,,,B03,,,1,,1,,,12,12,1,1,,B03,120.640803,24.16505,3
2022,6,24,20,0,臺中市,大安區,0,0,0,8,,,50,,,,,,,,,,,,,,,42,,,,,B12,,,1,,2,,,42,42,1,21,,B12,120.59198,24.38411,3
2022,6,24,20,14,臺中市,西屯區,0,0,0,6,,,1,,,,,,,,,,,,,,,12,,,,,B03,,,1,,2,,,12,12,1,22,,B03,120.626733,24.159709,3
2022,6,24,20,18,臺中市,北屯區,0,0,0,6,,,80,,,,,,,,,,,,,,,23,,,,,B03,,,1,,2,,,23,23,1,21,,B03,120.720702,24.1711,3
2022,6,24,20,19,臺中市,豐原區,0,1,0,6,3,5,50,3,1,1,4,4,5,7,1,1,10,5,5,2,16,6,3,10,1,1,C03,7,6,1,10,2,13,,6,6,1,22,8,C03,120.723853,24.25578,2
2022,6,24,20,23,臺中市,太平區,0,0,0,6,,,80,,,,,,,,,,,,,,,16,,,,,B03,,,1,,1,,,16,16,1,4,,B03,120.714564,24.149438,3
2022,6,24,20,28,臺中市,北屯區,0,1,0,6,3,5,50,4,18,1,4,4,5,7,2,1,10,5,5,2,3,15,3,10,1,1,C03,7,9,1,10,2,11,,15,15,1,22,8,C03,120.70491,24.169566,2
2022,6,24,20,30,臺中市,北區,0,1,0,6,3,5,50,3,2,1,4,4,5,7,1,1,5,5,5,2,18,26,2,9,1,1,C03,7,9,1,10,9,14,,26,26,1,22,8,C03,120.694218,24.161292,2
2022,6,24,20,38,臺中市,太平區,0,0,0,6,,,50,,,,,,,,,,,,,,,7,,,,,B03,,,1,,2,,,7,7,1,5,,B03,120.712871,24.14618,3
2022,6,24,20,40,臺中市,北屯區,0,1,0,6,4,5,50,14,9,1,4,4,5,7,4,4,5,4,5,2,16,26,3,10,1,1,B01,7,11,1,4,2,8,,26,26,1,22,8,B01,120.734468,24.177041,2
2022,6,24,20,51,臺中市,梧棲區,0,0,0,6,,,50,,,,,,,,,,,,,,,23,,,,,B03,,,1,,2,,,23,23,1,12,,B03,120.532836,24.24284,3
2022,6,24,20,53,臺中市,神岡區,0,0,0,,,,50,,,,,,,,,,,,,,,42,,,,,B03,,,1,,1,,,42,42,1,22,,B03,120.686778,24.250323,3
2022,6,24,20,57,臺中市,西屯區,0,0,0,6,,,50,,,,,,,,,,,,,,,10,,,,,B03,,,1,,1,,,10,10,1,4,,B03,120.63616,24.177619,3
2022,6,24,20,59,臺中市,西屯區,0,0,0,6,,,30,,,,,,,,,,,,,,,12,,,,,B03,,,1,,2,,,12,12,1,4,,B03,120.651816,24.17413,3
2022,6,24,21,1,臺中市,西區,0,1,0,6,3,5,50,4,1,5,4,4,5,7,1,1,10,5,5,2,9,23,3,10,3,4,B02,7,6,1,8,2,1,,23,23,1,22,5,B02,120.667738,24.130959,2
2022,6,24,21,4,臺中市,北區,0,0,0,6,,,50,,,,,,,,,,,,,,,12,,,,,B03,,,1,,2,,,12,12,1,5,,B03,120.674038,24.161092,3
2022,6,24,21,5,臺中市,大里區,0,0,0,6,,,50,,,,,,,,,,,,,,,17,,,,,B03,,,1,,1,,,17,17,1,5,,B03,120.674693,24.114165,3
2022,6,24,21,9,臺中市,潭子區,0,1,0,6,3,5,60,3,2,1,4,4,5,7,1,1,10,5,5,2,13,16,2,9,1,1,C03,7,9,1,10,2,11,,16,16,1,22,8,C03,120.702272,24.192249,2
2022,6,24,21,10,臺中市,北屯區,0,1,0,6,3,5,30,4,1,1,4,4,5,7,4,4,10,5,5,2,15,6,2,9,1,1,C03,7,9,1,10,2,14,,6,6,1,5,4,C03,120.696245,24.162885,2
2022,6,24,21,12,臺中市,南區,0,1,0,6,3,5,50,3,4,1,4,4,5,7,2,1,2,2,5,2,18,42,2,9,1,1,C03,7,12,1,10,2,11,,42,42,1,21,8,C03,120.679394,24.122376,2
2022,6,24,21,15,臺中市,大雅區,0,1,0,6,3,5,40,14,8,1,4,4,5,7,4,4,4,5,4,1,17,43,2,9,1,1,C03,7,9,1,10,2,15,,43,43,1,22,9,C03,120.635483,24.214893,2
2022,6,24,21,16,臺中市,太平區,0,1,0,6,3,5,40,3,1,1,4,4,5,7,1,1,10,5,5,2,16,6,3,10,1,1,B03,7,5,1,8,2,2,,6,6,1,21,8,B03,120.725136,24.116852,2
2022,6,24,21,20,臺中市,豐原區,0,0,0,6,,,50,,,,,,,,,,,,,,,23,,,,,B03,,,1,,2,,,23,23,1,21,,B03,120.726303,24.245696,3
2022,6,24,21,25,臺中市,西屯區,0,1,0,6,2,5,30,3,1,1,4,4,5,7,4,4,5,4,4,2,16,6,3,10,3,4,B03,7,5,1,8,2,5,,6,6,1,22,8,B03,120.651884,24.166754,2
2022,6,24,21,28,臺中市,龍井區,0,1,0,6,3,5,30,14,9,1,4,4,5,7,4,4,10,5,5,2,17,5,2,9,3,4,C03,7,9,1,10,2,11,,5,5,1,22,9,C03,120.59789,24.189118,2
2022,6,24,21,30,臺中市,大里區,0,0,0,6,,,50,,,,,,,,,,,,,,,23,,,,,B03,,,1,,9,,,23,23,1,21,,B03,120.682386,24.100462,3
2022,6,24,21,39,臺中市,烏日區,0,0,0,,,,60,,,,,,,,,,,,,,,19,,,,,B03,,,1,,2,,,19,19,1,22,,B03,120.624182,24.104235,3
2022,6,24,21,46,臺中市,太平區,0,2,0,6,3,5,40,3,8,1,4,4,5,7,4,4,5,5,4,1,18,23,2,9,1,1,C03,7,9,1,10,2,12,,23,23,1,5,8,C03,120.720426,24.149205,2
2022,6,24,21,54,臺中市,豐原區,0,0,0,,,,30,,,,,,,,,,,,,,,17,,,,,B03,,,1,,9,,,17,17,1,22,,B03,120.728998,24.226863,4
2022,6,24,22,8,臺中市,霧峰區,0,1,0,6,3,5,40,4,1,1,4,4,1,7,1,1,5,4,4,1,28,23,2,8,3,4,C03,7,9,1,10,2,11,,23,23,1,5,8,C03,120.699398,24.068096,2
2022,6,24,22,9,臺中市,大甲區,0,0,0,6,,,50,,,,,,,,,,,,,,,23,,,,,C03,,,1,,2,,,23,23,1,22,,C03,120.631352,24.354794,3
2022,6,24,22,18,臺中市,大里區,0,1,0,7,3,5,30,14,9,1,4,4,5,7,1,1,10,5,5,1,11,42,2,9,1,1,C03,7,9,1,10,2,11,,42,42,1,12,8,C03,120.702328,24.097404,2
2022,6,24,22,20,臺中市,清水區,0,0,0,6,,,40,,,,,,,,,,,,,,,19,,,,,B12,,,1,,2,,,19,19,1,22,,B12,120.568946,24.273196,3
2022,6,24,22,21,臺中市,南區,0,0,0,6,,,50,,,,,,,,,,,,,,,1,,,,,B03,,,1,,2,,,1,1,1,22,,B03,120.676595,24.132091,3
2022,6,24,23,22,臺中市,北屯區,0,1,0,8,3,5,50,4,1,1,5,4,5,7,4,4,10,5,5,2,16,8,3,10,1,1,B03,7,5,1,8,2,1,,8,8,1,5,8,B03,120.696003,24.166005,2
2022,6,24,23,28,臺中市,太平區,0,2,0,8,3,5,50,4,1,1,4,4,5,7,3,1,10,5,5,2,15,6,2,9,1,1,C03,7,9,4,8,2,11,,6,6,1,19,8,C03,120.715264,24.157047,2
2022,6,24,23,44,臺中市,東區,0,1,0,8,3,5,50,4,1,1,5,4,5,7,2,1,10,5,5,2,17,25,3,10,3,4,B03,7,9,1,8,2,15,,25,25,1,5,8,B03,120.689681,24.142941,2
2022,6,25,0,0,臺中市,烏日區,0,1,0,8,3,5,50,14,8,1,5,4,5,7,4,4,5,4,4,2,27,42,2,9,1,1,C03,7,9,1,10,2,11,,42,42,1,21,8,C03,120.607208,24.122559,2
2022,6,25,0,10,臺中市,南區,0,1,0,8,3,5,50,14,7,1,5,4,5,7,4,4,5,4,4,2,13,23,2,1,1,1,B03,7,9,3,18,2,8,,23,23,1,22,8,B03,120.666944,24.114273,2
2022,6,25,0,26,臺中市,北區,0,2,0,6,3,5,50,14,7,1,4,4,5,7,4,4,1,4,5,2,3,51,2,9,4,5,H01,8,16,8,20,10,16,,51,51,1,22,8,H01,120.677415,24.163368,2
2022,6,25,1,30,臺中市,烏日區,0,0,0,8,,,50,,,,,,,,,,,,,,,42,,,,,B12,,,1,,2,,,42,42,1,21,,B12,120.63579,24.106691,3
2022,6,25,4,10,臺中市,烏日區,0,2,0,8,3,5,50,4,1,1,5,4,5,7,3,1,5,4,4,2,15,6,2,9,1,1,C03,7,9,1,10,2,14,,6,6,1,21,8,C03,120.637705,24.109008,2
2022,6,25,5,30,臺中市,北屯區,0,1,0,8,2,5,50,4,1,1,5,4,5,7,2,1,10,5,5,2,16,10,2,9,1,1,C03,7,11,1,10,2,11,12,10,10,1,5,8,C03,120.719015,24.182223,2
2022,6,25,6,13,臺中市,龍井區,0,1,0,8,1,5,40,14,8,1,5,4,5,7,4,4,10,4,3,1,16,4,2,9,1,1,C03,7,9,3,18,2,11,,4,4,1,21,1,C03,120.508933,24.216541,2
2022,6,25,6,21,臺中市,神岡區,0,1,0,8,1,5,50,15,9,1,5,4,5,7,1,1,5,5,4,2,13,16,2,8,1,1,C03,7,9,1,10,4,11,,16,16,1,22,8,C03,120.657017,24.264393,2
2022,6,25,7,1,臺中市,豐原區,0,1,0,8,1,5,50,14,9,1,5,4,5,7,4,4,5,5,5,1,18,21,2,9,1,1,C03,7,9,4,11,8,15,,21,21,1,22,8,C03,120.71875,24.244661,2
2022,6,25,7,7,臺中市,龍井區,0,0,0,8,,,50,,,,,,,,,,,,,,,38,,,,,B12,,,1,,2,,,38,38,1,9,,B12,120.530435,24.177975,3
2022,6,25,7,8,臺中市,霧峰區,0,1,0,8,1,5,60,4,1,1,5,4,5,7,3,1,3,4,4,1,16,19,3,10,1,1,B03,7,1,1,8,2,4,,19,19,1,22,8,B03,120.696408,24.020339,2
2022,6,25,7,11,臺中市,南區,0,0,0,8,,,40,,,,,,,,,,,,,,,12,,,,,B12,,,1,,2,,,12,12,1,22,,B12,120.655874,24.119366,3
2022,6,25,7,24,臺中市,龍井區,0,1,0,8,1,5,40,14,8,1,5,4,5,7,4,4,1,4,5,1,17,9,3,10,3,4,B03,7,6,1,8,2,15,,9,9,1,9,1,B03,120.522116,24.217525,2
2022,6,25,7,30,臺中市,太平區,0,2,0,8,1,5,50,14,9,1,5,4,5,7,4,4,5,5,5,1,16,10,2,9,1,1,C03,7,11,1,10,2,14,,10,10,1,3,8,C03,120.722395,24.129145,2
2022,6,25,7,42,臺中市,北屯區,0,2,0,8,1,5,50,4,2,1,5,4,5,7,2,1,2,4,4,2,16,26,2,9,1,1,C03,7,7,1,10,2,14,,26,26,1,21,8,C03,120.691353,24.163031,2
2022,6,25,7,45,臺中市,龍井區,0,1,0,8,1,5,30,4,1,1,5,4,5,7,3,1,10,5,5,2,16,6,3,10,3,4,B03,7,9,1,8,2,2,,6,6,1,9,6,B03,120.50535,24.201116,2
2022,6,25,7,50,臺中市,南區,0,1,0,8,1,8,50,14,9,1,5,4,5,7,4,4,5,4,5,2,12,43,2,9,1,4,C03,7,9,1,10,2,14,,43,43,1,21,8,C03,120.666615,24.115527,2
2022,6,25,8,8,臺中市,烏日區,0,2,0,8,1,5,50,3,1,1,5,4,5,7,4,4,9,4,4,2,16,23,3,10,1,1,C03,7,9,1,10,2,15,,23,23,1,21,1,C03,120.626865,24.107748,2
2022,6,25,8,14,臺中市,西區,0,1,0,8,1,5,50,4,1,1,5,4,5,7,1,1,10,5,5,2,16,6,3,10,1,1,B03,7,5,1,8,2,1,,6,6,1,20,8,B03,120.655125,24.152342,2
2022,6,25,8,15,臺中市,清水區,0,1,0,8,1,5,50,4,1,1,5,4,5,7,3,1,10,5,5,2,15,6,2,9,1,1,C03,7,9,1,10,2,12,,6,6,1,21,8,C03,120.559096,24.27495,2
2022,6,25,8,25,臺中市,霧峰區,0,0,0,8,,,50,,,,,,,,,,,,,,,19,,,,,B03,,,1,,2,,,44,19,1,22,,B03,120.699197,24.068843,3
2022,6,25,8,25,臺中市,龍井區,0,1,0,8,1,5,50,5,1,1,5,4,5,7,4,4,10,5,5,2,16,6,3,10,3,4,B03,7,6,1,8,2,1,,6,6,1,5,9,B03,120.504536,24.197591,2
2022,6,25,8,30,臺中市,潭子區,0,0,0,8,,,60,,,,,,,,,,,,,,,23,,,,,B03,,,1,,9,,,23,23,1,22,,B03,120.705156,24.212231,3
2022,6,25,8,38,臺中市,北屯區,0,0,0,8,,,50,,,,,,,,,,,,,,,19,,,,,B03,,,1,,1,,,19,19,1,22,,B03,120.72484,24.179323,3
2022,6,25,8,47,臺中市,西屯區,0,0,0,8,,,50,,,,,,,,,,,,,,,12,,,,,B03,,,1,,2,,,12,12,1,22,,B03,120.657135,24.16838,3
2022,6,25,9,0,臺中市,潭子區,0,1,0,8,1,5,30,3,8,1,5,4,5,7,4,4,3,5,5,2,17,16,2,9,1,1,C03,7,5,1,10,2,11,,16,16,1,22,8,C03,120.709422,24.200329,2
2022,6,25,9,0,臺中市,西屯區,0,0,0,8,,,50,,,,,,,,,,,,,,,43,,,,,A02,,,1,,1,,,43,43,1,22,,A02,120.656878,24.200969,3
2022,6,25,9,6,臺中市,后里區,0,1,0,8,1,5,50,3,1,1,5,4,5,7,2,1,10,5,4,1,12,25,3,10,1,1,B03,7,9,1,8,2,8,,25,25,1,22,8,B03,120.692546,24.313845,2
2022,6,25,9,7,臺中市,西屯區,0,0,0,8,,,50,,,,,,,,,,,,,,,7,,,,,B03,,,3,,1,,,7,7,1,12,,B03,120.652815,24.175969,3
2022,6,25,9,9,臺中市,大里區,0,1,0,8,1,5,50,14,9,1,5,4,5,7,4,4,5,4,5,1,16,26,3,10,1,1,C03,7,11,1,10,2,11,,26,26,1,20,8,C03,120.688778,24.103177,2
2022,6,25,9,14,臺中市,西屯區,0,0,0,8,,,50,,,,,,,,,,,,,,,12,,,,,B03,,,1,,1,,,12,12,1,22,,B03,120.611393,24.187166,3
2022,6,25,9,19,臺中市,大里區,0,1,0,8,1,5,50,14,8,1,5,4,5,7,1,1,5,5,4,1,16,7,3,10,1,1,B12,7,8,6,18,2,6,,7,7,1,22,8,B12,120.729295,24.093111,2
2022,6,25,9,20,臺中市,南屯區,0,1,0,8,1,5,50,4,1,1,5,4,5,7,4,4,10,5,5,2,16,6,3,10,3,4,B03,7,5,1,8,2,1,,6,6,1,22,8,B03,120.641887,24.148784,2
2022,6,25,9,20,臺中市,清水區,0,1,0,8,1,5,40,3,1,1,5,4,5,7,2,1,1,3,1,1,16,8,2,9,1,1,C03,7,5,6,10,2,12,,8,8,1,21,8,C03,120.555279,24.294758,2
2022,6,25,9,25,臺中市,龍井區,0,1,0,8,1,5,30,3,2,1,5,4,5,7,3,1,10,5,5,2,17,6,3,10,3,4,B12,7,5,1,7,2,5,,6,6,1,9,9,B12,120.526333,24.215691,2
2022,6,25,9,28,臺中市,西屯區,0,1,0,8,1,5,40,4,1,1,5,4,5,7,2,1,10,5,5,2,16,6,3,10,1,1,B03,7,9,1,8,2,2,,23,6,1,22,8,B03,120.646285,24.164458,2
2022,6,25,9,30,臺中市,北區,0,1,0,8,1,5,50,14,9,1,5,4,5,7,4,4,9,5,5,2,13,43,2,9,1,1,C03,7,9,1,10,2,11,,43,43,1,22,9,C03,120.697155,24.160729,2
2022,6,25,9,41,臺中市,烏日區,0,1,0,8,1,5,40,3,1,1,5,4,5,7,1,1,10,5,5,2,17,8,3,10,1,1,B03,7,9,1,8,2,5,,44,8,1,9,8,B03,120.586999,24.113278,2
2022,6,25,9,50,臺中市,東區,0,0,0,8,,,50,,,,,,,,,,,,,,,12,,,,,B12,,,1,,2,,,12,12,1,5,,B12,120.687675,24.139465,3
2022,6,25,9,50,臺中市,豐原區,0,0,0,8,,,30,,,,,,,,,,,,,,,43,,,,,,,,,,,,,43,43,1,,,,120.72351,24.247074,3
2022,6,25,9,52,臺中市,大甲區,0,2,0,8,1,5,40,14,8,1,5,4,5,7,4,4,1,4,4,1,13,16,2,9,1,1,C03,7,9,1,10,2,12,,16,16,1,21,8,C03,120.642176,24.366958,2
2022,6,25,9,54,臺中市,大里區,0,0,0,8,,,50,,,,,,,,,,,,,,,26,,,,,C03,,,1,,2,,,26,26,2,20,,C03,120.700998,24.10255,3
2022,6,25,9,57,臺中市,西區,0,0,0,8,,,50,,,,,,,,,,,,,,,26,,,,,B03,,,1,,1,,,26,26,1,21,,B03,120.661587,24.155869,3
2022,6,25,9,58,臺中市,西屯區,0,0,0,8,,,50,,,,,,,,,,,,,,,19,,,,,B01,,,1,,1,,,19,19,1,12,,B01,120.626984,24.200728,3
2022,6,25,9,59,臺中市,北區,0,1,0,8,1,5,50,4,1,1,5,4,1,7,1,1,5,5,4,2,16,9,3,10,1,1,B12,7,6,1,8,2,5,,9,9,1,22,8,B12,120.676058,24.173263,2