年,月,日,時,分,縣市,區,死,受傷,2-30,天候,光線,道路類別,速限,道路型態,事故位置,路面鋪裝,路面狀態,路面缺陷,障礙物,視距,號誌種類,號誌動作,分向設施,快車道或一般車道間,快慢車道間,路面邊線,事故類型及型態,主要肇因,受傷程度,主要傷處,保護裝備,行動電話,當事者區分,車輛用途,當事者行動狀態,駕駛資格情形,駕駛執照種類,飲酒情形,車輛撞擊部位最初,車輛撞擊部位其他,肇事因素個別,肇事因素主要,肇事逃逸,職業,旅次目的,車種,GPS緯度,GPS經度,事故類別
2022,6,25,10,4,臺中市,烏日區,0,0,0,,,,50,,,,,,,,,,,,,,,23,,,,,C03,,,1,,2,,,23,16,1,21,,C03,120.626674,24.105943,3
2022,6,25,10,20,臺中市,大肚區,0,0,0,8,,,50,,,,,,,,,,,,,,,17,,,,,B03,,,1,,2,,,17,17,1,22,,B03,120.58103,24.174116,3
2022,6,25,10,30,臺中市,后里區,0,0,0,8,1,5,50,14,7,1,5,4,5,7,4,4,5,5,4,1,13,16,,,,,B03,,,1,,2,,,16,16,1,22,,B03,120.690998,24.314091,3
2022,6,25,10,33,臺中市,潭子區,0,0,0,8,,,50,,,,,,,,,,,,,,,7,,,,,B03,,,1,,2,,,7,7,1,22,,B03,120.690319,24.215971,3
2022,6,25,10,37,臺中市,大肚區,0,1,0,8,1,5,30,3,1,1,5,4,5,7,4,4,10,5,5,2,16,23,3,10,1,1,C03,7,9,1,10,2,13,,23,23,1,7,8,C03,120.569948,24.123507,2
2022,6,25,10,42,臺中市,西屯區,0,0,0,8,,,50,,,,,,,,,,,,,,,43,,,,,B03,,,1,,1,,,43,43,1,22,,B03,120.643425,24.167563,3
2022,6,25,10,50,臺中市,后里區,0,0,0,8,,,50,,,,,,,,,,,,,,,16,,,,,B12,,,1,,2,,,16,16,1,10,,B12,120.692426,24.313861,3
2022,6,25,10,51,臺中市,東區,0,0,0,,,,50,,,,,,,,,,,,,,,17,,,,,B03,,,1,,2,,,17,17,1,5,,B03,120.694055,24.134794,3
2022,6,25,10,51,臺中市,太平區,0,2,0,8,1,5,50,5,1,1,5,4,5,7,1,1,10,5,5,2,16,23,2,9,1,1,C03,7,9,1,10,2,11,,23,23,1,22,5,C03,120.724097,24.137234,2
2022,6,25,11,10,臺中市,龍井區,0,0,0,8,,,30,,,,,,,,,,,,,,,12,,,,,B03,,,1,,9,,,12,12,1,22,,B03,120.571024,24.17783,3
2022,6,25,11,10,臺中市,大安區,0,0,0,8,,,50,,,,,,,,,,,,,,,23,,,,,A11,,,1,,2,,,23,23,1,4,,A11,120.586391,24.37149,3
2022,6,25,11,12,臺中市,霧峰區,0,1,0,8,1,5,50,14,8,1,5,4,5,7,4,4,5,5,4,1,16,19,3,10,3,4,B03,7,1,1,6,2,8,,19,19,1,22,8,B03,120.699766,24.072269,2
2022,6,25,11,13,臺中市,南區,0,1,0,8,1,5,50,4,1,1,5,4,5,7,1,1,10,5,5,2,16,19,3,10,1,1,B03,7,1,1,8,2,8,,19,19,1,22,8,B03,120.663909,24.11688,2
2022,6,25,11,17,臺中市,西屯區,0,2,0,8,1,5,40,14,8,1,5,4,5,7,4,4,1,4,4,2,12,7,2,9,3,4,C03,7,7,1,10,2,14,,7,7,1,22,8,C03,120.645622,24.163675,2
2022,6,25,11,29,臺中市,北屯區,0,0,0,8,,,50,,,,,,,,,,,,,,,1,,,,,B12,,,1,,1,,,1,1,1,21,,B12,120.696669,24.164922,3
2022,6,25,11,32,臺中市,外埔區,0,2,0,8,1,5,50,4,1,1,5,4,5,7,4,4,10,5,4,1,12,8,2,9,1,1,C03,7,5,3,18,2,12,,8,8,1,22,8,C03,120.649905,24.335023,2
2022,6,25,11,35,臺中市,北屯區,0,0,0,8,,,50,,,,,,,,,,,,,,,1,,,,,B03,,,1,,2,,,1,1,1,5,,B03,120.707511,24.186944,3
2022,6,25,11,36,臺中市,北屯區,0,2,0,8,1,5,50,4,1,1,5,4,5,7,4,4,10,5,5,2,15,6,2,9,1,1,C03,7,9,1,10,2,12,,6,6,1,21,8,C03,120.6784,24.174738,2
2022,6,25,11,39,臺中市,西屯區,0,0,0,8,,,30,,,,,,,,,,,,,,,12,,,,,B03,,,1,,1,,,12,12,1,22,,B03,120.616646,24.177613,3
2022,6,25,11,40,臺中市,清水區,0,1,0,8,1,8,30,5,1,1,5,4,5,7,2,1,1,3,4,1,17,25,2,8,1,1,F01,7,11,8,20,2,16,,25,25,1,21,8,F01,120.575202,24.278148,2
2022,6,25,11,40,臺中市,豐原區,0,1,0,8,1,5,30,3,1,1,5,4,5,7,3,1,8,3,5,1,11,6,3,10,1,1,B03,7,5,1,8,2,1,,6,6,1,22,5,B03,120.71938,24.242486,2
2022,6,25,11,45,臺中市,豐原區,0,1,0,8,1,5,50,3,8,1,5,4,5,7,3,1,5,5,4,2,18,23,2,9,1,1,C03,7,6,1,10,2,12,,23,23,1,21,8,C03,120.715729,24.239373,2
2022,6,25,11,46,臺中市,北區,0,1,0,8,1,5,50,3,1,1,5,4,5,7,1,1,10,5,5,2,16,8,2,9,1,1,C03,7,5,1,10,2,14,,8,8,1,22,9,C03,120.673337,24.166906,2
2022,6,25,11,47,臺中市,大雅區,0,1,0,8,1,5,50,4,1,1,5,4,5,7,1,1,5,5,5,1,16,6,3,10,1,1,A11,7,5,1,1,2,2,,6,6,1,22,9,A11,120.669238,24.214359,2
2022,6,25,11,47,臺中市,北屯區,0,0,0,8,,,40,,,,,,,,,,,,,,,16,,,,,B03,,,1,,1,,,16,16,1,5,,B03,120.722118,24.186799,3
2022,6,25,11,47,臺中市,西屯區,0,0,0,8,,,1,,,,,,,,,,,,,,,19,,,,,B03,,,1,,2,,,19,19,1,22,,B03,120.61766,24.18906,3
2022,6,25,11,50,臺中市,龍井區,0,1,0,8,1,5,60,5,1,1,5,4,5,7,1,1,10,5,5,2,23,23,2,9,3,4,B03,7,21,1,8,2,1,,23,23,1,22,9,B03,120.524196,24.22213,2
2022,6,25,11,51,臺中市,西屯區,0,1,0,8,1,5,50,4,1,1,5,4,5,7,4,4,9,4,4,2,13,23,2,9,1,1,C03,7,9,1,10,2,11,,23,23,1,12,8,C03,120.637503,24.179801,2
2022,6,25,11,54,臺中市,潭子區,0,1,0,8,1,5,50,4,8,1,5,4,5,7,1,1,1,2,4,1,18,23,2,9,1,1,C03,7,12,1,10,2,12,,23,23,1,22,8,C03,120.689923,24.225138,2
2022,6,25,11,58,臺中市,北屯區,0,2,0,8,1,5,50,4,1,1,5,4,5,7,2,1,10,5,5,2,16,6,3,10,1,1,B03,7,5,1,7,2,1,,6,6,1,21,8,B03,120.685577,24.174551,2
2022,6,25,12,2,臺中市,北屯區,0,0,0,8,,,50,,,,,,,,,,,,,,,23,,,,,C03,,,1,,2,,,23,23,1,21,,C03,120.666626,24.186741,3
2022,6,25,12,7,臺中市,東區,0,1,0,8,1,5,50,4,1,1,5,4,5,7,4,4,10,5,5,2,15,6,3,10,1,1,C03,7,9,1,10,2,12,,6,6,1,5,8,C03,120.710855,24.146871,2
2022,6,25,12,9,臺中市,南區,0,0,0,8,,,50,,,,,,,,,,,,,,,23,,,,,B03,,,1,,1,,,23,23,1,22,,B03,120.668644,24.129407,3
2022,6,25,12,18,臺中市,烏日區,0,0,0,8,,,60,,,,,,,,,,,,,,,23,,,,,B03,,,1,,2,,,23,23,1,21,,B03,120.64158,24.108717,3
2022,6,25,12,19,臺中市,南區,0,1,0,8,1,5,50,14,9,1,5,4,5,7,4,4,9,5,5,2,12,19,3,10,1,1,B03,7,1,1,8,2,4,,19,19,1,4,1,B03,120.67564,24.124695,2
2022,6,25,12,20,臺中市,南區,0,0,0,,,,50,,,,,,,,,,,,,,,23,,,,,B03,,,1,,2,,,23,23,1,5,,B03,120.650633,24.1203,3
2022,6,25,12,20,臺中市,龍井區,0,0,0,8,,,30,,,,,,,,,,,,,,,17,,,,,B03,,,1,,2,,,17,17,1,22,,B03,120.594973,24.18726,3
2022,6,25,12,30,臺中市,西屯區,0,0,0,8,,,40,,,,,,,,,,,,,,,42,,,,,C03,,,1,,11,,,42,42,1,22,,C03,120.662291,24.163553,3
2022,6,25,12,31,臺中市,潭子區,0,1,0,8,1,5,50,14,8,1,5,4,5,7,4,4,5,4,4,2,12,42,2,7,1,1,B03,7,6,1,8,2,5,,42,42,1,22,8,B03,120.706978,24.20698,2
2022,6,25,12,34,臺中市,大安區,0,0,0,8,,,50,,,,,,,,,,,,,,,12,,,,,B03,,,1,,2,,,12,12,1,4,,B03,120.585463,24.379241,3
2022,6,25,12,39,臺中市,大甲區,0,0,0,,,,50,,,,,,,,,,,,,,,17,,,,,B03,,,1,,1,,,17,17,1,21,,B03,120.645694,24.404462,3
2022,6,25,12,40,臺中市,沙鹿區,0,1,0,7,1,5,30,4,1,1,4,4,5,7,4,4,10,5,5,2,15,26,3,10,1,1,B03,7,9,1,8,2,1,,26,26,1,21,8,B03,120.56397,24.248436,2
2022,6,25,12,42,臺中市,北區,0,1,0,8,1,5,50,14,9,1,5,4,5,7,4,4,5,4,5,2,13,16,2,9,1,1,C03,7,9,1,10,2,11,,16,16,1,22,8,C03,120.681028,24.161408,2
2022,6,25,12,49,臺中市,南屯區,0,1,0,7,1,5,50,4,1,1,5,4,5,7,2,1,10,5,5,2,17,6,3,10,1,1,A12,7,5,1,1,3,15,,6,6,1,10,1,A12,120.610591,24.131987,2
2022,6,25,12,49,臺中市,西屯區,0,0,0,6,,,30,,,,,,,,,,,,,,,23,,,,,B03,,,1,,1,,,23,23,1,22,,B03,120.615757,24.184417,3
2022,6,25,12,52,臺中市,南屯區,0,0,0,8,,,50,,,,,,,,,,,,,,,7,,,,,B03,,,1,,2,,,7,7,1,18,,B03,120.623839,24.149085,3
2022,6,25,12,52,臺中市,西屯區,0,0,0,8,,,50,,,,,,,,,,,,,,,23,,,,,B03,,,1,,1,,,23,23,1,22,,B03,120.656024,24.193851,3
2022,6,25,12,54,臺中市,北屯區,0,2,0,8,1,5,50,14,7,1,5,4,5,7,4,4,9,5,4,2,11,4,2,8,3,4,C03,7,9,1,10,2,11,,4,4,1,21,8,C03,120.683878,24.170996,2
2022,6,25,12,56,臺中市,霧峰區,0,0,0,8,,,60,,,,,,,,,,,,,,,7,,,,,B03,,,1,,2,,,7,7,1,22,,B03,120.692358,24.046676,3
2022,6,25,12,58,臺中市,霧峰區,0,0,0,8,,,50,,,,,,,,,,,,,,,23,,,,,B12,,,1,,2,,,23,23,1,22,,B12,120.692526,24.044733,3
2022,6,25,13,0,臺中市,北屯區,0,0,0,8,,,50,,,,,,,,,,,,,,,23,,,,,B03,,,1,,2,,,23,23,1,21,,B03,120.685648,24.177873,3
2022,6,25,13,0,臺中市,北屯區,0,0,0,8,,,50,,,,,,,,,,,,,,,23,,,,,B03,,,1,,1,,,23,23,1,5,,B03,120.705443,24.190999,3
2022,6,25,13,0,臺中市,西屯區,0,0,0,8,,,50,,,,,,,,,,,,,,,12,,,,,B03,,,1,,1,,,12,12,1,22,,B03,120.641998,24.178792,4
2022,6,25,13,0,臺中市,沙鹿區,0,0,0,6,,,50,,,,,,,,,,,,,,,17,,,,,C03,,,1,,1,,,17,17,1,4,,C03,120.582699,24.244437,3
2022,6,25,13,1,臺中市,清水區,0,0,0,6,1,5,30,14,9,1,4,4,5,7,4,4,10,5,5,2,12,17,3,10,1,1,B03,7,9,1,8,2,2,,17,17,1,5,8,B03,120.575694,24.268244,3
2022,6,25,13,15,臺中市,清水區,0,0,0,6,1,5,70,14,7,1,4,4,5,7,1,1,1,4,4,1,13,23,3,10,1,1,B03,7,9,1,8,2,1,,23,23,1,5,8,B03,120.569117,24.273584,3
2022,6,25,13,17,臺中市,北屯區,0,0,0,8,,,50,,,,,,,,,,,,,,,6,,,,,B03,,,1,,2,,,6,6,1,21,,B03,120.665125,24.192015,3
2022,6,25,13,21,臺中市,西屯區,0,0,0,8,,,50,,,,,,,,,,,,,,,16,,,,,B03,,,1,,1,,,16,16,1,22,,B03,120.644458,24.171226,3
2022,6,25,13,22,臺中市,大雅區,0,0,0,8,,,60,,,,,,,,,,,,,,,1,,,,,B03,,,1,,2,,,1,1,1,22,,B03,120.641635,24.229764,3
2022,6,25,13,30,臺中市,東勢區,0,0,0,8,,,50,,,,,,,,,,,,,,,12,,,,,B12,,,1,,2,,,12,12,1,22,,B12,120.839443,24.180551,3
2022,6,25,13,34,臺中市,南屯區,0,1,0,7,1,5,30,3,1,1,5,4,5,7,4,4,10,5,5,2,16,6,3,10,1,1,B03,7,5,1,8,1,1,,6,6,1,4,8,B03,120.613361,24.145583,2
2022,6,25,13,35,臺中市,北區,0,1,0,8,1,5,50,5,1,1,5,4,5,7,1,1,1,4,5,2,13,26,3,10,1,1,B03,7,9,1,8,2,5,,26,26,1,21,8,B03,120.686252,24.15482,2
2022,6,25,13,35,臺中市,梧棲區,0,0,0,6,1,5,60,14,7,1,4,4,5,7,4,4,1,4,1,1,23,43,3,10,1,1,B03,7,9,1,10,5,8,,43,43,1,12,8,B03,120.524585,24.253449,3
2022,6,25,13,42,臺中市,西屯區,0,1,0,6,1,5,50,14,9,1,4,4,5,7,2,1,10,4,5,2,12,6,3,10,1,1,B12,7,6,1,6,2,6,,6,6,1,22,8,B12,120.615483,24.189163,2
2022,6,25,13,42,臺中市,龍井區,0,0,0,8,,,30,,,,,,,,,,,,,,,19,,,,,B03,,,1,,2,,,19,42,1,22,,B03,120.592455,24.188755,3
2022,6,25,13,45,臺中市,北屯區,0,0,0,8,,,50,,,,,,,,,,,,,,,23,,,,,B03,,,1,,1,,,23,23,1,5,,B03,120.661644,24.188008,3
2022,6,25,13,54,臺中市,西屯區,0,0,0,8,,,50,,,,,,,,,,,,,,,23,,,,,B03,,,1,,1,,,23,23,1,22,,B03,120.645361,24.163064,3
2022,6,25,13,58,臺中市,西屯區,0,0,0,8,,,50,,,,,,,,,,,,,,,19,,,,,B03,,,1,,1,,,19,19,1,12,,B03,120.648245,24.174371,3
2022,6,25,14,8,臺中市,南屯區,0,0,0,6,,,50,,,,,,,,,,,,,,,6,,,,,B03,,,1,,1,,,6,6,1,22,,B03,120.647796,24.146818,3
2022,6,25,14,11,臺中市,大雅區,0,0,0,8,,,30,,,,,,,,,,,,,,,5,,,,,A12,,,1,,1,,,5,5,1,22,,A12,120.652559,24.212966,3
2022,6,25,14,31,臺中市,西屯區,0,2,0,7,1,5,50,14,9,1,5,4,5,7,4,4,1,5,5,2,16,6,3,10,3,4,C03,7,6,1,10,1,13,,6,6,1,22,8,C03,120.643616,24.163853,2
2022,6,25,14,50,臺中市,潭子區,0,0,0,8,,,30,,,,,,,,,,,,,,,12,,,,,B03,,,1,,2,,,12,12,1,22,,B03,120.708413,24.204385,3
2022,6,25,14,52,臺中市,龍井區,0,0,0,8,,,30,,,,,,,,,,,,,,,12,,,,,B03,,,1,,2,,,12,12,1,22,,B03,120.592573,24.188491,3
2022,6,25,15,3,臺中市,北屯區,0,2,0,8,1,5,30,3,1,1,5,4,5,7,4,4,10,5,5,2,16,8,3,10,1,1,B03,7,5,1,8,2,1,,8,8,1,22,8,B03,120.675183,24.180222,2
2022,6,25,15,6,臺中市,梧棲區,0,0,0,8,,,60,,,,,,,,,,,,,,,16,,,,,A11,,,1,,1,,,16,16,1,10,,A11,120.524723,24.223368,3
2022,6,25,15,12,臺中市,西屯區,0,1,0,6,1,5,25,14,7,1,4,4,5,7,4,4,5,4,4,1,3,51,2,9,4,5,H01,8,16,8,20,10,16,,51,51,1,1,9,H01,120.645482,24.179007,2
2022,6,25,15,13,臺中市,西屯區,0,0,0,6,,,50,,,,,,,,,,,,,,,16,,,,,B01,,,1,,1,,,16,16,1,22,,B01,120.64353,24.165547,3
2022,6,25,15,15,臺中市,北屯區,0,0,0,8,,,50,,,,,,,,,,,,,,,6,,,,,B03,,,1,,1,,,6,6,1,21,,B03,120.662469,24.188557,3
2022,6,25,15,21,臺中市,南屯區,0,0,0,6,,,30,,,,,,,,,,,,,,,6,,,,,B03,,,1,,2,,,6,6,1,5,,B03,120.613146,24.151541,3
2022,6,25,15,25,臺中市,外埔區,0,0,0,7,1,5,40,14,2,1,5,4,5,7,4,4,9,5,5,1,14,12,,,,,B12,,,1,,1,,,12,12,1,9,,B12,120.663267,24.339478,3
2022,6,25,15,30,臺中市,東區,0,0,0,8,,,50,,,,,,,,,,,,,,,23,,,,,B03,,,1,,2,,,23,23,1,22,,B03,120.690352,24.126401,3
2022,6,25,15,35,臺中市,潭子區,0,1,0,6,1,5,60,14,7,1,4,4,5,7,4,4,1,4,4,1,13,16,2,9,1,1,C01,7,9,1,9,2,11,,16,16,1,22,8,C01,120.708791,24.230516,2
2022,6,25,15,35,臺中市,清水區,0,0,0,6,1,5,50,14,9,1,4,4,5,7,1,3,1,4,4,1,15,6,3,10,1,1,B03,7,9,1,8,2,2,,6,6,1,5,8,B03,120.540888,24.265327,3
2022,6,25,15,40,臺中市,南區,0,0,0,6,,,50,,,,,,,,,,,,,,,7,,,,,B03,,,1,,1,,,7,7,1,22,,B03,120.670799,24.127401,3
2022,6,25,15,40,臺中市,北屯區,0,2,0,7,1,5,50,4,1,1,5,4,5,7,2,1,10,5,5,2,16,6,2,9,1,1,C03,7,5,1,10,2,12,,6,6,1,22,8,C03,120.694646,24.174653,2
2022,6,25,15,40,臺中市,西屯區,0,1,0,6,1,5,50,14,7,1,4,4,5,7,4,4,9,4,4,2,12,6,3,10,1,1,B03,7,6,1,8,1,2,,6,6,1,12,8,B03,120.651211,24.207968,2
2022,6,25,15,41,臺中市,和平區,0,0,0,6,1,2,30,11,9,1,3,4,5,1,4,4,10,5,5,1,13,16,,,,,B03,,,1,,1,,,16,16,1,22,,B03,121.158915,24.248531,4
2022,6,25,15,42,臺中市,北屯區,0,2,0,6,1,5,50,3,1,1,4,4,5,7,2,1,10,5,5,2,17,16,2,8,1,1,C03,7,10,1,10,2,12,,16,16,1,21,8,C03,120.696855,24.174239,2
2022,6,25,15,50,臺中市,霧峰區,0,0,0,6,,,60,,,,,,,,,,,,,,,18,,,,,B03,,,1,,2,,,18,18,1,12,,B03,120.692374,24.045671,3
2022,6,25,15,52,臺中市,豐原區,0,0,0,6,,,50,,,,,,,,,,,,,,,23,,,,,B03,,,1,,2,,,23,23,1,22,,B03,120.700669,24.24828,3
2022,6,25,15,54,臺中市,西屯區,0,0,0,6,,,50,,,,,,,,,,,,,,,23,,,,,B12,,,1,,1,,,23,23,1,22,,B12,120.661352,24.201372,3
2022,6,25,16,0,臺中市,西屯區,0,1,0,6,1,5,40,14,8,1,4,4,5,7,4,4,1,5,5,2,18,43,2,9,3,4,C03,7,9,1,10,2,15,,43,43,1,22,8,C03,120.618321,24.181225,2
2022,6,25,16,5,臺中市,東區,0,0,0,6,1,5,50,4,1,1,4,4,5,7,1,1,10,5,5,2,13,16,3,10,1,1,B03,7,5,1,8,2,8,,16,16,1,5,8,B03,120.687868,24.136529,3
2022,6,25,16,9,臺中市,烏日區,0,1,0,6,1,5,50,14,9,1,4,4,5,7,4,4,10,5,5,1,16,8,3,10,1,1,B03,7,5,1,8,2,5,,8,8,1,22,8,B03,120.65053,24.055473,2
2022,6,25,16,11,臺中市,北屯區,0,0,0,6,,,40,,,,,,,,,,,,,,,23,,,,,B03,,,1,,1,,,23,23,1,22,,B03,120.68847,24.201012,3
2022,6,25,16,12,臺中市,烏日區,0,1,0,6,1,5,50,3,1,1,4,4,5,7,1,1,1,4,4,2,16,9,3,10,1,1,B03,7,6,1,8,2,5,,9,9,1,21,8,B03,120.629695,24.109246,2
2022,6,25,16,13,臺中市,大雅區,0,1,0,6,3,5,50,4,1,1,4,4,5,7,1,1,10,4,5,1,17,25,2,9,1,1,C03,7,9,1,10,2,14,,25,25,1,22,9,C03,120.660472,24.233327,2
2022,6,25,16,20,臺中市,北屯區,0,0,0,6,,,50,,,,,,,,,,,,,,,23,,,,,B03,,,3,,11,,,23,23,1,22,,B03,120.689876,24.171553,3
2022,6,25,16,22,臺中市,西區,0,0,0,8,,,50,,,,,,,,,,,,,,,10,,,,,B03,,,1,,2,,,10,10,1,21,,B03,120.661634,24.143432,3
2022,6,25,16,22,臺中市,西屯區,0,1,0,6,1,5,40,3,2,1,4,4,5,7,4,4,1,4,5,2,16,6,3,10,3,4,B02,7,6,1,8,2,6,,6,6,1,22,8,B02,120.638325,24.169474,2
2022,6,25,16,22,臺中市,西屯區,0,1,0,8,1,5,50,4,1,1,5,4,5,7,1,1,9,4,4,2,13,23,2,9,1,1,C03,7,9,1,10,2,11,,23,23,1,12,8,C03,120.620195,24.187171,2
2022,6,25,16,28,臺中市,北區,0,0,0,6,,,40,,,,,,,,,,,,,,,16,,,,,C03,,,1,,2,,,16,16,1,22,,C03,120.674175,24.163359,3
2022,6,25,16,33,臺中市,北區,0,2,0,6,1,5,50,4,1,1,4,4,5,7,4,4,10,5,5,2,15,6,2,9,1,1,C03,7,9,1,11,2,12,,6,6,1,22,8,C03,120.693546,24.155611,2
2022,6,25,16,33,臺中市,西屯區,0,0,0,,,,50,,,,,,,,,,,,,,,6,,,,,B03,,,1,,2,,,6,6,1,22,,B03,120.631493,24.160053,3
2022,6,25,16,35,臺中市,南區,0,0,0,6,,,50,,,,,,,,,,,,,,,23,,,,,B02,,,1,,2,,,23,23,1,5,,B02,120.66703,24.119413,3
2022,6,25,16,45,臺中市,西屯區,0,0,0,6,,,80,,,,,,,,,,,,,,,16,,,,,B12,,,1,,1,,,16,16,1,22,,B12,120.646406,24.195597,3
2022,6,25,16,48,臺中市,西屯區,0,0,0,6,,,30,,,,,,,,,,,,,,,12,,,,,B03,,,1,,2,,,12,12,1,22,,B03,120.636183,24.180922,3
2022,6,25,16,48,臺中市,大安區,0,0,0,8,,,50,,,,,,,,,,,,,,,25,,,,,B03,,,1,,2,,,25,25,1,4,,B03,120.592843,24.381879,3
2022,6,25,16,52,臺中市,東區,0,0,0,6,1,5,50,3,2,1,4,4,5,7,4,4,5,5,4,2,13,23,3,10,1,1,B03,7,9,1,8,7,1,,23,23,1,5,8,B03,120.702593,24.128152,3
2022,6,25,16,58,臺中市,西屯區,0,0,0,6,,,30,,,,,,,,,,,,,,,23,,,,,B02,,,1,,2,,,23,23,1,22,,B02,120.645144,24.174414,3
2022,6,25,17,0,臺中市,西屯區,0,1,0,6,1,5,30,14,9,1,4,4,5,7,4,4,10,5,5,2,18,43,2,9,1,1,C03,7,6,1,10,11,12,,43,43,1,22,8,C03,120.664725,24.175543,2
2022,6,25,17,2,臺中市,北區,0,0,0,6,,,50,,,,,,,,,,,,,,,6,,,,,B03,,,1,,2,,,6,6,1,22,,B03,120.673619,24.15419,3
2022,6,25,17,2,臺中市,大甲區,0,0,0,6,,,70,,,,,,,,,,,,,,,23,,,,,B03,,,1,,1,,,23,23,1,4,,B03,120.585428,24.379161,3
2022,6,25,17,8,臺中市,北區,0,0,0,6,,,50,,,,,,,,,,,,,,,23,,,,,B03,,,1,,2,,,23,23,1,5,,B03,120.67502,24.149051,3
2022,6,25,17,10,臺中市,大肚區,0,0,0,6,,,50,,,,,,,,,,,,,,,25,,,,,C03,,,1,,2,,,25,25,1,2,,C03,120.563042,24.123974,3
2022,6,25,17,15,臺中市,大里區,0,1,0,6,1,5,50,3,1,1,4,4,5,7,3,1,10,5,5,2,16,9,3,10,1,1,B03,7,6,1,8,2,5,,9,9,1,12,5,B03,120.687433,24.099576,2
2022,6,25,17,17,臺中市,東區,0,2,0,6,1,5,50,14,7,1,4,4,5,7,4,4,1,2,4,2,13,16,2,7,1,1,C03,7,9,1,10,2,11,,16,16,1,21,8,C03,120.69848,24.147395,2
2022,6,25,17,18,臺中市,北屯區,0,0,0,6,,,50,,,,,,,,,,,,,,,6,,,,,B03,,,1,,2,,,6,6,1,21,,B03,120.671336,24.175245,3
2022,6,25,17,19,臺中市,北屯區,0,1,0,6,1,5,50,3,1,1,4,4,5,7,4,4,10,5,5,2,16,6,3,10,1,1,B03,7,5,1,8,2,1,,6,6,1,22,8,B03,120.690332,24.164969,2
2022,6,25,17,19,臺中市,北屯區,0,0,0,6,,,50,,,,,,,,,,,,,,,23,,,,,B03,,,1,,1,,,23,23,1,21,,B03,120.690656,24.179451,3
2022,6,25,17,25,臺中市,南區,0,2,0,6,1,5,50,3,9,1,4,4,5,7,1,1,5,4,5,2,3,23,2,7,1,1,C03,7,9,1,9,2,12,,23,23,1,21,8,C03,120.665291,24.116839,2
2022,6,25,17,25,臺中市,龍井區,0,1,0,7,1,5,50,4,1,1,4,4,5,7,1,1,10,5,5,2,12,42,3,10,1,4,B03,7,6,1,8,2,2,,42,42,1,22,8,B03,120.574088,24.181073,2
2022,6,25,17,29,臺中市,豐原區,0,1,0,6,2,5,50,5,9,1,4,4,5,7,1,1,5,2,5,1,13,25,2,1,1,1,C03,7,9,6,18,2,11,,25,25,1,21,8,C03,120.724287,24.2309,2
2022,6,25,17,44,臺中市,豐原區,0,2,0,6,1,5,50,4,2,1,4,4,5,7,3,1,8,3,4,1,17,6,2,7,3,4,C03,7,5,1,10,2,12,,6,6,1,22,8,C03,120.701133,24.246188,2
2022,6,25,17,45,臺中市,南區,0,0,0,6,,,50,,,,,,,,,,,,,,,23,,,,,B03,,,1,,2,,,23,23,1,22,,B03,120.676454,24.126133,3
2022,6,25,17,50,臺中市,東區,0,1,0,6,2,5,50,4,1,1,4,4,5,7,1,1,10,5,5,2,15,43,3,10,1,1,B01,7,9,1,4,2,8,,43,43,1,22,8,B01,120.687566,24.142978,2
2022,6,25,18,3,臺中市,西屯區,0,1,0,8,3,5,50,4,1,1,5,4,5,7,1,1,9,4,5,2,18,42,2,9,1,1,C02,7,9,1,10,1,14,,42,42,1,12,8,C02,120.635989,24.169183,2
2022,6,25,18,5,臺中市,西屯區,0,0,0,8,,,50,,,,,,,,,,,,,,,19,,,,,B03,,,1,,2,,,19,19,1,22,,B03,120.647318,24.169451,3
2022,6,25,18,6,臺中市,大雅區,0,3,0,6,1,5,30,14,9,1,4,4,5,7,4,4,10,5,5,2,17,23,3,10,1,1,B03,7,1,1,8,2,1,,23,23,1,22,9,B03,120.629551,24.23924,2
2022,6,25,18,6,臺中市,北區,0,1,0,6,3,5,50,14,8,1,4,4,5,7,4,4,1,4,4,2,17,43,3,10,1,1,B03,7,8,1,8,2,15,,43,43,1,21,8,B03,120.67392,24.164346,2
2022,6,25,18,11,臺中市,西屯區,0,0,0,6,,,70,,,,,,,,,,,,,,,26,,,,,B03,,,1,,1,,,26,26,1,22,,B03,120.624955,24.178358,3
2022,6,25,18,13,臺中市,豐原區,0,0,0,,,,60,,,,,,,,,,,,,,,43,,,,,C03,,,1,,2,,,43,43,1,22,,C03,120.724364,24.228043,4
2022,6,25,18,16,臺中市,梧棲區,0,1,0,6,3,5,50,14,9,1,4,4,5,7,4,4,9,5,5,2,17,6,3,10,1,1,A41,7,6,1,1,2,15,,6,6,1,10,1,A41,120.553815,24.241445,2
2022,6,25,18,29,臺中市,北區,0,1,0,6,3,5,50,14,9,1,4,4,5,7,4,4,5,5,5,2,16,19,3,10,1,1,B03,7,1,1,8,1,1,,19,19,1,22,8,B03,120.683464,24.161522,2
2022,6,25,18,35,臺中市,清水區,0,1,0,6,1,5,40,4,1,1,4,4,5,7,1,1,1,4,4,2,18,43,2,9,1,1,C03,7,9,1,10,2,12,,43,43,1,22,8,C03,120.552936,24.296074,2