年,月,日,時,分,縣市,區,死,受傷,2-30,天候,光線,道路類別,速限,道路型態,事故位置,路面鋪裝,路面狀態,路面缺陷,障礙物,視距,號誌種類,號誌動作,分向設施,快車道或一般車道間,快慢車道間,路面邊線,事故類型及型態,主要肇因,受傷程度,主要傷處,保護裝備,行動電話,當事者區分,車輛用途,當事者行動狀態,駕駛資格情形,駕駛執照種類,飲酒情形,車輛撞擊部位最初,車輛撞擊部位其他,肇事因素個別,肇事因素主要,肇事逃逸,職業,旅次目的,車種,GPS緯度,GPS經度,事故類別
2022,6,25,19,10,臺中市,霧峰區,0,0,0,8,,,40,,,,,,,,,,,,,,,16,,,,,B03,,,1,,2,,,16,16,1,12,,B03,120.664139,24.075891,3
2022,6,25,19,12,臺中市,北區,0,1,0,7,3,5,40,4,8,1,4,4,5,7,1,1,1,4,5,2,18,43,2,9,1,1,C03,7,12,1,10,2,12,,43,43,1,5,8,C03,120.684729,24.161654,2
2022,6,25,19,14,臺中市,西屯區,0,0,0,8,,,50,,,,,,,,,,,,,,,42,,,,,B03,,,1,,1,,,42,26,1,22,,B03,120.644581,24.16455,3
2022,6,25,19,20,臺中市,西屯區,0,1,0,7,3,5,50,3,1,1,4,4,5,7,4,4,5,4,4,1,18,42,2,9,1,1,C03,7,9,1,10,2,14,,42,42,1,1,9,C03,120.640227,24.176513,2
2022,6,25,19,20,臺中市,豐原區,0,0,0,6,,,50,,,,,,,,,,,,,,,25,,,,,B03,,,1,,2,,,25,25,1,21,,B03,120.728208,24.276284,3
2022,6,25,19,26,臺中市,南區,0,0,0,8,,,30,,,,,,,,,,,,,,,12,,,,,B03,,,1,,2,,,12,12,1,22,,B03,120.669638,24.11618,3
2022,6,25,19,36,臺中市,西屯區,0,2,0,8,1,5,50,3,1,1,5,4,5,7,3,1,5,5,4,2,17,43,2,9,1,1,C03,7,5,1,10,2,11,,43,43,1,22,8,C03,120.657883,24.167353,2
2022,6,25,19,47,臺中市,西區,0,1,0,8,3,5,40,3,1,1,5,4,5,7,4,4,1,4,1,2,16,23,2,9,1,1,C03,7,9,1,10,2,11,,23,23,1,4,8,C03,120.660586,24.156658,2
2022,6,25,20,5,臺中市,南屯區,0,2,0,8,3,5,50,4,18,1,5,4,5,7,1,1,5,4,5,2,9,15,2,9,1,1,C03,7,9,1,10,2,11,,15,15,1,22,8,C03,120.643965,24.134737,2
2022,6,25,20,6,臺中市,北區,0,0,0,8,,,50,,,,,,,,,,,,,,,23,,,,,B03,,,1,,1,,,23,23,1,5,,B03,120.683003,24.165451,3
2022,6,25,20,8,臺中市,大里區,0,1,0,8,3,5,50,4,1,1,5,4,5,7,1,1,5,4,4,1,13,23,3,10,3,4,B12,7,9,1,8,2,1,,23,23,1,9,8,B12,120.703648,24.09331,2
2022,6,25,20,9,臺中市,北屯區,0,0,0,7,3,5,50,14,9,1,4,4,5,7,4,4,1,4,5,2,14,12,3,10,3,4,B12,7,2,1,7,7,3,,12,12,1,21,8,B12,120.739258,24.177502,3
2022,6,25,20,13,臺中市,北區,0,3,0,8,3,5,50,4,1,1,5,4,5,7,1,1,10,5,5,2,16,6,2,9,1,1,C03,7,5,1,10,2,12,,6,6,1,22,9,C03,120.681656,24.159601,2
2022,6,25,20,25,臺中市,大里區,0,4,0,8,3,5,40,14,8,1,5,4,5,7,4,4,1,4,3,1,13,23,2,9,1,1,C03,7,9,1,10,2,11,,23,23,1,5,5,C03,120.700176,24.115243,2
2022,6,25,20,35,臺中市,潭子區,0,0,0,6,,,50,,,,,,,,,,,,,,,23,,,,,B03,,,1,,2,,,23,23,1,22,,B03,120.713138,24.219032,3
2022,6,25,20,36,臺中市,大雅區,0,1,0,7,3,5,50,14,9,1,5,4,5,7,4,4,9,4,5,1,11,3,2,9,1,1,C03,7,7,1,10,6,14,,3,3,1,22,9,C03,120.651871,24.246032,2
2022,6,25,20,40,臺中市,南屯區,0,1,0,8,3,5,50,4,1,1,5,4,5,7,2,1,5,5,5,2,16,6,3,10,1,1,B03,7,5,1,8,1,2,,6,6,1,22,8,B03,120.63263,24.152069,2
2022,6,25,20,45,臺中市,南區,0,0,0,7,3,5,50,3,2,1,5,4,5,7,4,4,5,5,5,2,14,12,3,10,1,1,B03,7,2,1,8,2,3,,12,12,1,21,8,B03,120.66927,24.125364,3
2022,6,25,21,2,臺中市,南屯區,0,1,0,8,3,5,50,4,1,1,5,4,5,7,2,1,4,3,5,2,16,6,3,10,1,1,B03,7,5,1,8,2,5,,6,6,1,22,8,B03,120.644085,24.133931,2
2022,6,25,21,5,臺中市,清水區,0,2,0,6,3,5,40,8,8,1,4,4,5,7,4,4,1,4,4,1,13,23,2,1,1,1,C03,7,9,3,18,2,11,,23,23,1,21,8,C03,120.604263,24.313818,2
2022,6,25,21,5,臺中市,豐原區,0,2,0,8,3,5,50,4,2,1,5,4,5,7,1,1,4,1,4,2,17,14,2,9,1,1,C03,7,6,1,9,2,12,,14,14,1,4,5,C03,120.707275,24.247177,2
2022,6,25,21,10,臺中市,北區,0,1,0,7,3,5,50,3,1,1,5,4,5,7,1,1,1,5,4,2,13,23,3,10,1,1,C03,7,9,1,10,2,11,,23,23,1,5,9,C03,120.689527,24.146928,2
2022,6,25,21,10,臺中市,西屯區,0,0,0,8,,,50,,,,,,,,,,,,,,,12,,,,,B03,,,1,,1,,,12,12,1,1,,B03,120.624807,24.182354,3
2022,6,25,21,15,臺中市,南屯區,0,1,0,8,3,5,50,14,9,1,5,4,5,7,4,4,5,4,5,2,13,23,2,9,3,4,C03,7,9,1,10,2,11,,23,23,1,22,9,C03,120.637088,24.135643,2
2022,6,25,22,10,臺中市,西屯區,0,0,0,8,,,30,,,,,,,,,,,,,,,12,,,,,B03,,,1,,1,,,12,,1,22,,B03,120.646985,24.181793,3
2022,6,25,22,30,臺中市,霧峰區,0,0,0,8,,,40,,,,,,,,,,,,,,,26,,,,,B03,,,1,,2,,,26,26,1,12,,B03,120.662944,24.063028,3
2022,6,25,22,31,臺中市,南屯區,0,0,0,8,,,50,,,,,,,,,,,,,,,10,,,,,B03,,,1,,2,,,10,10,1,22,,B03,120.622091,24.135087,3
2022,6,25,22,35,臺中市,霧峰區,0,0,0,8,,,40,,,,,,,,,,,,,,,26,,,,,C03,,,1,,2,,,26,,1,18,,C03,120.70439,24.071765,3
2022,6,25,22,38,臺中市,北區,0,2,0,8,3,5,50,15,22,1,5,4,5,7,4,4,4,4,4,2,17,10,3,10,1,1,B03,7,11,1,8,2,2,,10,10,1,22,9,B03,120.679735,24.155653,2
2022,6,25,22,38,臺中市,太平區,0,1,0,8,1,5,50,3,1,1,5,4,5,7,4,4,10,5,5,2,16,6,3,10,1,1,B03,7,5,1,8,2,8,,6,6,1,5,8,B03,120.717715,24.14872,2
2022,6,25,23,33,臺中市,西區,0,2,0,8,3,5,40,4,1,1,5,4,5,7,4,4,10,5,5,2,15,6,2,9,3,4,C03,7,9,1,10,2,14,,6,6,1,22,5,C03,120.660892,24.150849,2
2022,6,25,23,45,臺中市,南區,0,0,0,8,,,50,,,,,,,,,,,,,,,12,,,,,B12,,,1,,2,,,12,12,1,22,,B12,120.683748,24.13041,3
2022,6,25,23,47,臺中市,梧棲區,0,0,0,,,,50,,,,,,,,,,,,,,,42,,,,,B03,,,1,,2,,,42,42,1,22,,B03,120.533293,24.250024,3
2022,6,25,23,55,臺中市,大里區,0,0,0,8,,,40,,,,,,,,,,,,,,,23,,,,,B03,,,1,,2,,,23,23,1,4,,B03,120.688341,24.094306,3
2022,6,25,23,56,臺中市,大里區,0,0,0,8,,,50,,,,,,,,,,,,,,,17,,,,,B03,,,6,,2,,,17,17,1,5,,B03,120.707956,24.10547,3
2022,6,26,0,1,臺中市,北屯區,0,2,0,8,3,5,50,4,1,1,5,4,5,7,3,1,10,5,5,2,15,6,2,9,1,1,B12,7,9,1,8,2,1,,6,6,1,9,8,B12,120.711109,24.180117,2
2022,6,26,0,10,臺中市,西屯區,0,1,0,8,3,5,50,4,1,1,5,4,5,7,1,1,10,5,5,2,17,6,3,10,3,4,B03,7,5,1,8,2,8,,6,6,1,22,9,B03,120.636025,24.176017,2
2022,6,26,0,58,臺中市,北屯區,0,1,0,8,3,5,50,4,1,1,5,4,5,7,1,1,10,5,5,2,16,6,3,10,1,1,B03,7,5,1,8,2,1,,6,6,1,5,8,B03,120.673623,24.199225,2
2022,6,26,1,6,臺中市,大里區,0,0,0,8,3,5,50,4,2,1,5,4,5,7,2,1,1,4,4,1,13,23,3,10,1,1,B03,7,9,1,5,6,5,,23,23,1,4,5,B03,120.696495,24.085959,3
2022,6,26,2,30,臺中市,北區,0,1,0,8,3,5,50,4,2,1,5,4,1,7,1,1,1,4,4,2,20,23,2,2,1,1,B03,7,9,1,8,2,1,,23,23,1,20,8,B03,120.67455,24.16299,2
2022,6,26,4,40,臺中市,梧棲區,0,1,0,8,3,5,70,4,2,1,5,4,5,7,2,1,10,5,5,2,16,42,2,3,1,1,B03,7,9,1,7,2,5,,42,42,1,11,1,B03,120.545129,24.227268,2
2022,6,26,5,20,臺中市,烏日區,0,0,0,8,,,50,,,,,,,,,,,,,,,6,,,,,B03,,,1,,2,,,6,6,1,21,,B03,120.637705,24.109008,3
2022,6,26,6,9,臺中市,大甲區,0,2,0,8,1,5,50,4,1,1,5,4,5,7,1,1,10,5,5,2,16,26,2,9,1,1,C03,7,5,1,10,2,12,,26,26,1,22,9,C03,120.62417,24.346662,2
2022,6,26,6,26,臺中市,豐原區,0,2,0,8,1,5,50,14,8,1,5,4,5,7,4,4,4,5,4,2,12,17,2,9,1,1,F03,7,9,8,20,2,16,,17,17,1,4,1,F03,120.733413,24.257158,2
2022,6,26,6,50,臺中市,東區,0,2,0,8,1,5,30,13,9,2,5,4,5,1,4,4,10,5,5,2,10,23,2,7,1,1,C03,7,9,1,10,2,11,,23,23,1,5,8,C03,120.699486,24.147761,2
2022,6,26,6,54,臺中市,龍井區,0,1,0,8,1,5,50,3,2,1,5,4,5,7,4,4,5,4,5,1,16,19,2,8,1,1,C03,7,1,3,18,2,14,,19,19,1,19,8,C03,120.523165,24.197455,2
2022,6,26,7,10,臺中市,梧棲區,0,0,0,8,,,60,,,,,,,,,,,,,,,42,,,,,B12,,,1,,2,,,42,42,1,9,,B12,120.513384,24.227434,3
2022,6,26,7,11,臺中市,南區,0,1,0,8,1,5,50,3,1,1,5,4,5,7,2,1,10,5,5,2,16,25,2,8,1,1,C03,7,9,1,10,2,11,,25,25,1,5,8,C03,120.662178,24.11688,2
2022,6,26,7,15,臺中市,西屯區,0,0,0,8,,,40,,,,,,,,,,,,,,,23,,,,,B12,,,1,,1,,,23,23,1,22,,B12,120.635897,24.181704,3
2022,6,26,7,20,臺中市,神岡區,0,1,0,8,1,5,50,14,9,1,5,4,5,7,4,4,10,5,5,1,18,42,2,9,1,1,C03,7,9,1,10,2,12,,42,42,1,22,8,C03,120.712413,24.277662,2
2022,6,26,7,51,臺中市,烏日區,0,1,0,8,1,5,30,3,1,1,5,4,5,7,4,4,10,5,5,2,29,8,,,,,C03,,,2,,9,,,8,67,1,21,,C03,120.633308,24.071854,2
2022,6,26,7,53,臺中市,太平區,0,0,0,8,,,50,,,,,,,,,,,,,,,43,,,,,B03,,,1,,9,,,43,43,1,9,,B03,120.715224,24.125916,3
2022,6,26,7,58,臺中市,西屯區,0,0,0,8,,,50,,,,,,,,,,,,,,,17,,,,,C03,,,1,,2,,,17,17,1,22,,C03,120.642745,24.198416,3
2022,6,26,8,3,臺中市,太平區,0,2,0,8,1,5,30,4,1,1,5,4,5,7,4,4,10,5,5,2,15,6,2,5,1,1,C03,7,9,1,10,2,11,,6,6,1,9,1,C03,120.701513,24.147033,2
2022,6,26,8,15,臺中市,龍井區,0,2,0,8,1,5,30,14,9,1,5,4,5,7,4,4,10,5,5,2,11,17,2,9,3,1,C03,7,9,1,10,2,11,,17,17,1,19,8,C03,120.526673,24.198553,2
2022,6,26,8,45,臺中市,南區,0,0,0,8,,,50,,,,,,,,,,,,,,,42,,,,,A12,,,1,,2,,,42,42,1,22,,A12,120.67004,24.112788,3
2022,6,26,9,3,臺中市,南屯區,0,0,0,,,,40,,,,,,,,,,,,,,,6,,,,,B03,,,1,,2,,,6,6,1,22,,B03,120.62267,24.140394,3
2022,6,26,9,5,臺中市,后里區,0,2,0,8,1,5,40,4,1,1,5,4,5,7,3,1,10,5,5,2,18,42,2,9,1,1,C03,7,5,1,10,2,14,,42,42,1,20,7,C03,120.738362,24.316977,2
2022,6,26,9,8,臺中市,南屯區,0,0,0,8,,,50,,,,,,,,,,,,,,,17,,,,,B03,,,1,,1,,,17,17,1,22,,B03,120.639397,24.144469,3
2022,6,26,9,15,臺中市,東區,0,1,0,8,1,5,50,3,1,1,5,4,5,7,4,4,5,4,4,2,12,23,2,9,1,4,C03,7,7,1,10,2,14,,7,23,1,21,8,C03,120.70588,24.137181,2
2022,6,26,9,22,臺中市,太平區,0,1,0,8,1,5,50,4,1,1,5,4,5,7,4,4,10,5,5,2,15,6,3,10,1,1,B03,7,9,1,8,2,1,,6,6,1,9,5,B03,120.716981,24.115375,2
2022,6,26,9,37,臺中市,大甲區,0,2,0,8,1,5,30,3,1,1,5,4,5,7,4,4,10,5,5,2,16,6,2,7,1,1,C03,7,5,1,10,2,11,,6,6,1,21,8,C03,120.653375,24.383058,2
2022,6,26,9,50,臺中市,西區,0,2,0,8,1,5,50,3,1,1,5,4,5,7,4,4,1,5,5,2,3,51,2,9,4,5,H01,8,16,8,20,10,16,,51,51,1,20,8,H01,120.668879,24.142798,2
2022,6,26,9,50,臺中市,清水區,0,1,0,8,1,5,50,4,2,1,5,4,5,7,4,4,10,5,5,2,13,23,2,8,1,1,C03,7,9,1,10,2,11,,23,23,1,5,6,C03,120.581703,24.268962,2
2022,6,26,9,52,臺中市,梧棲區,0,1,0,8,1,5,50,14,9,1,5,4,5,7,4,4,5,5,5,2,17,18,2,7,1,1,B03,7,3,1,8,2,5,,18,18,1,20,8,B03,120.538734,24.248049,2
2022,6,26,9,58,臺中市,南屯區,0,0,0,8,,,50,,,,,,,,,,,,,,,23,,,,,B03,,,1,,1,,,23,23,1,22,,B03,120.648262,24.14335,3
2022,6,26,9,58,臺中市,北屯區,0,2,0,8,1,5,50,4,1,1,5,4,5,7,1,3,10,5,5,2,16,6,2,9,1,1,C03,7,5,2,18,2,11,,6,6,1,16,8,C03,120.692208,24.192805,2
2022,6,26,9,59,臺中市,北區,0,1,0,8,1,5,40,3,1,1,5,4,5,7,1,1,5,5,4,2,16,8,2,8,1,1,C03,7,5,1,10,2,13,,8,8,1,22,8,C03,120.684995,24.15206,2
2022,6,26,10,0,臺中市,東勢區,0,0,0,8,,,50,,,,,,,,,,,,,,,6,,,,,B03,,,1,,2,,,6,,1,22,,B03,120.833493,24.247285,3
2022,6,26,10,10,臺中市,南屯區,0,0,0,8,1,5,50,14,9,1,5,4,5,7,4,4,5,5,5,2,13,16,,,,,C03,,,1,,1,,,16,16,1,22,,C03,120.636953,24.133014,3
2022,6,26,10,10,臺中市,太平區,0,1,0,8,1,5,30,4,1,1,5,4,5,7,4,4,10,5,5,2,15,6,2,9,1,1,C03,7,9,4,8,2,11,,6,6,1,19,7,C03,120.717327,24.116301,2
2022,6,26,10,10,臺中市,新社區,0,1,0,8,1,5,50,11,9,1,5,4,5,7,4,4,5,4,5,1,11,26,3,10,1,1,B03,7,9,1,8,2,4,,26,26,1,22,6,B03,120.831598,24.16932,2
2022,6,26,10,11,臺中市,西屯區,0,1,0,8,1,5,40,14,8,1,5,4,5,7,4,4,1,4,3,2,12,19,3,10,1,1,B03,7,1,1,8,2,4,,19,19,1,22,8,B03,120.629144,24.20578,2
2022,6,26,10,18,臺中市,南屯區,0,1,0,8,1,5,30,14,9,1,5,4,5,7,4,4,10,5,5,2,16,23,3,10,1,4,B03,7,6,1,8,2,15,,23,23,1,22,8,B03,120.635215,24.138688,2
2022,6,26,10,41,臺中市,南屯區,0,0,0,,,,80,,,,,,,,,,,,,,,7,,,,,B03,,,1,,2,,,7,7,1,22,,B03,120.623033,24.140267,3
2022,6,26,10,43,臺中市,南屯區,0,1,0,8,1,5,50,4,1,1,5,4,5,7,1,1,10,5,5,2,16,25,2,9,1,4,C03,7,9,6,10,2,11,,25,25,1,22,8,C03,120.642855,24.146823,2
2022,6,26,10,48,臺中市,梧棲區,0,1,0,8,1,5,70,14,8,1,5,4,5,7,4,4,1,4,4,1,16,6,3,10,1,1,B03,7,6,1,8,2,2,,6,6,1,9,8,B03,120.55868,24.256914,2
2022,6,26,10,57,臺中市,沙鹿區,0,2,0,8,1,5,30,4,1,1,5,4,5,7,4,4,10,5,5,2,16,6,2,7,1,1,C03,7,5,1,9,2,11,,6,6,1,9,8,C03,120.570904,24.207995,2
2022,6,26,11,0,臺中市,西屯區,0,1,0,8,1,5,30,14,9,1,5,4,5,7,4,4,10,5,5,2,17,43,3,10,1,1,B12,7,9,1,8,11,6,,43,43,1,21,9,B12,120.638945,24.179882,2
2022,6,26,11,3,臺中市,霧峰區,0,0,0,8,,,50,,,,,,,,,,,,,,,23,,,,,B03,,,1,,2,,,23,23,1,22,,B03,120.697537,24.056201,3
2022,6,26,11,8,臺中市,太平區,0,2,0,8,1,5,50,3,1,1,5,4,5,7,4,4,10,5,5,2,17,13,2,7,1,1,C03,7,9,2,18,2,12,,13,13,1,21,8,C03,120.719151,24.130807,2
2022,6,26,11,14,臺中市,西區,0,2,0,8,1,5,50,4,1,1,5,4,5,7,4,4,10,5,5,2,15,6,2,9,1,1,C03,7,9,1,8,2,12,,6,6,1,22,9,C03,120.658837,24.149033,2
2022,6,26,11,20,臺中市,烏日區,0,1,0,8,1,5,50,3,1,1,5,4,5,7,4,4,10,5,5,2,16,9,3,10,1,1,B03,7,6,1,2,2,5,,9,9,1,5,8,B03,120.63708,24.108638,2
2022,6,26,11,23,臺中市,南屯區,0,0,0,8,1,5,50,14,8,1,5,4,5,7,4,4,1,4,5,2,13,23,,,,,B03,,,1,,2,,,23,23,1,22,,B03,120.623759,24.150117,3
2022,6,26,11,25,臺中市,太平區,0,0,0,8,,,50,,,,,,,,,,,,,,,12,,,,,B03,,,1,,2,,,12,12,1,19,,B03,120.716697,24.151554,3
2022,6,26,11,34,臺中市,大甲區,0,1,0,8,1,5,70,3,1,1,5,4,5,7,1,1,10,4,4,1,16,6,2,9,1,1,C03,7,5,1,10,2,13,,6,6,1,4,1,C03,120.651233,24.388233,2
2022,6,26,11,36,臺中市,南屯區,0,0,0,8,,,50,,,,,,,,,,,,,,,23,,,,,B03,,,1,,2,,,23,23,1,22,,B03,120.634746,24.143824,3
2022,6,26,11,37,臺中市,北區,0,2,0,8,1,5,50,14,7,1,5,4,5,7,4,4,5,4,4,2,16,26,2,9,3,4,C03,7,5,1,10,2,14,,26,26,1,5,8,C03,120.675622,24.169862,2
2022,6,26,11,39,臺中市,西區,0,0,0,8,,,50,,,,,,,,,,,,,,,7,,,,,C03,,,1,,1,,,7,,1,21,,C03,120.658793,24.156322,3
2022,6,26,11,48,臺中市,霧峰區,0,1,0,8,1,5,30,3,2,1,5,4,5,7,4,4,10,5,5,2,14,12,3,10,3,4,B12,7,2,1,8,2,3,,12,12,1,22,8,B12,120.705141,24.060429,2
2022,6,26,11,49,臺中市,大里區,0,0,0,8,,,50,,,,,,,,,,,,,,,12,,,,,B03,,,1,,2,,,12,12,1,22,,B03,120.688665,24.090531,3
2022,6,26,12,7,臺中市,太平區,0,0,0,8,,,30,,,,,,,,,,,,,,,12,,,,,C03,,,1,,2,,,12,12,1,22,,C03,120.719179,24.148877,3
2022,6,26,12,10,臺中市,外埔區,0,1,0,8,1,5,30,14,13,1,5,4,5,7,4,4,9,4,4,1,9,60,2,8,3,4,H01,8,20,8,20,1,16,,60,60,1,22,8,H01,120.642475,24.339203,2
2022,6,26,12,13,臺中市,西屯區,0,1,0,8,1,5,40,14,8,1,5,4,5,7,4,4,1,5,3,2,16,19,3,10,1,1,B03,7,1,1,8,2,3,,19,19,1,4,8,B03,120.629777,24.165343,2
2022,6,26,12,24,臺中市,潭子區,0,2,0,8,1,5,50,4,1,1,5,4,5,7,4,4,5,4,4,2,17,6,2,7,1,1,C03,7,5,1,10,2,14,,6,6,1,22,8,C03,120.707477,24.206984,2
2022,6,26,12,28,臺中市,西區,0,3,0,8,1,5,30,4,1,1,5,4,5,7,4,4,10,5,5,2,15,6,2,9,1,1,C03,7,9,1,10,2,11,,6,6,1,5,5,C03,120.660856,24.149696,2
2022,6,26,12,29,臺中市,大雅區,0,1,0,8,1,5,50,4,1,1,5,4,5,7,4,4,5,4,4,1,17,26,2,9,1,1,B03,7,1,1,10,2,15,,19,26,1,22,9,B03,120.650369,24.219656,2
2022,6,26,12,38,臺中市,新社區,0,0,0,8,,,50,,,,,,,,,,,,,,,23,,,,,B12,,,1,,2,,,23,,1,22,,B12,120.80184,24.206676,3
2022,6,26,12,44,臺中市,南屯區,0,0,0,,,,50,,,,,,,,,,,,,,,12,,,,,B03,,,1,,2,,,12,12,1,22,,B03,120.634149,24.144801,3
2022,6,26,13,5,臺中市,大肚區,0,0,0,8,,,50,,,,,,,,,,,,,,,23,,,,,B12,,,1,,2,,,23,23,1,10,,B12,120.553853,24.132947,3
2022,6,26,13,16,臺中市,南區,0,0,0,,,,40,,,,,,,,,,,,,,,38,,,,,B03,,,1,,2,,,38,38,1,5,,B03,120.65451,24.114679,3
2022,6,26,13,19,臺中市,潭子區,0,0,0,8,,,50,,,,,,,,,,,,,,,23,,,,,B03,,,1,,2,,,23,23,1,22,,B03,120.723173,24.20425,3
2022,6,26,13,29,臺中市,太平區,0,1,0,8,1,5,50,3,1,1,5,4,5,7,1,1,10,5,5,2,16,7,3,10,1,1,B03,7,8,1,8,2,6,,7,7,1,21,8,B03,120.710306,24.159176,2
2022,6,26,13,31,臺中市,東區,0,0,0,,,,50,,,,,,,,,,,,,,,23,,,,,B03,,,1,,2,,,23,23,1,5,,B03,120.701072,24.143943,3
2022,6,26,13,40,臺中市,西屯區,0,0,0,8,,,50,,,,,,,,,,,,,,,23,,,,,B03,,,1,,2,,,23,23,1,22,,B03,120.641071,24.167903,3
2022,6,26,13,44,臺中市,西區,0,2,0,8,1,5,50,4,1,1,5,4,5,7,4,4,10,4,5,2,13,16,2,9,1,1,C03,7,9,1,10,2,11,,16,16,1,22,9,C03,120.682212,24.135899,2
2022,6,26,13,45,臺中市,北屯區,0,0,0,8,,,50,,,,,,,,,,,,,,,23,,,,,B03,,,1,,1,,,23,23,1,22,,B03,120.696361,24.183155,3
2022,6,26,13,52,臺中市,南屯區,0,0,0,8,,,50,,,,,,,,,,,,,,,42,,,,,B03,,,1,,1,,,42,42,1,22,,B03,120.632905,24.149706,3
2022,6,26,13,53,臺中市,南屯區,0,1,0,8,1,5,50,4,1,1,5,4,5,7,4,4,10,5,5,2,16,6,3,10,1,1,B03,7,5,1,8,2,1,,6,6,1,22,9,B03,120.638172,24.144725,2
2022,6,26,14,1,臺中市,潭子區,0,1,0,8,1,5,50,3,4,1,5,4,5,7,1,1,5,4,5,1,13,16,2,9,1,1,C02,7,9,1,9,2,11,,16,16,1,22,8,C02,120.718121,24.197412,2
2022,6,26,14,4,臺中市,西屯區,0,0,0,8,,,50,,,,,,,,,,,,,,,7,,,,,B03,,,1,,1,,,7,7,1,22,,B03,120.636775,24.171167,3
2022,6,26,14,17,臺中市,新社區,0,1,0,8,1,5,40,4,9,1,5,4,5,7,4,4,5,4,5,1,16,6,3,10,1,1,B03,7,5,1,8,2,5,,6,6,1,22,9,B03,120.795943,24.224155,2
2022,6,26,14,31,臺中市,豐原區,0,0,0,8,,,60,,,,,,,,,,,,,,,43,,,,,,,,,,,,,43,43,1,,,,120.722578,24.264004,3
2022,6,26,14,32,臺中市,北屯區,0,0,0,8,,,50,,,,,,,,,,,,,,,23,,,,,B01,,,1,,1,,,23,23,1,10,,B01,120.704567,24.186493,3
2022,6,26,14,33,臺中市,西屯區,0,0,0,8,,,50,,,,,,,,,,,,,,,23,,,,,B03,,,1,,1,,,23,23,1,19,,B03,120.638523,24.175478,3
2022,6,26,14,40,臺中市,東區,0,0,0,,,,50,,,,,,,,,,,,,,,23,,,,,B03,,,1,,9,,,23,23,1,5,,B03,120.710401,24.144498,3
2022,6,26,14,44,臺中市,西區,0,1,0,8,1,5,50,4,1,1,5,4,5,7,1,1,5,4,4,1,16,10,2,9,1,1,C03,7,9,1,10,1,14,,23,10,1,21,8,C03,120.661683,24.134253,2
2022,6,26,14,53,臺中市,霧峰區,0,2,0,8,1,5,50,14,9,1,5,4,5,7,4,4,9,5,5,1,12,19,2,9,3,4,C03,7,1,1,10,2,13,,19,19,1,22,8,C03,120.678201,24.064472,2
2022,6,26,14,53,臺中市,豐原區,0,0,0,8,,,30,,,,,,,,,,,,,,,67,,,,,,,,,,,,,67,67,1,,,,120.731451,24.250983,3
2022,6,26,14,54,臺中市,龍井區,0,2,0,8,1,5,40,14,7,1,5,4,5,7,4,4,5,4,4,2,18,42,2,9,1,1,C03,7,9,1,10,2,12,,42,42,1,18,8,C03,120.555751,24.187831,2
2022,6,26,14,55,臺中市,太平區,0,0,0,8,,,30,,,,,,,,,,,,,,,12,,,,,B12,,,1,,1,,,12,12,1,22,,B12,120.719371,24.150176,3
2022,6,26,14,57,臺中市,清水區,0,0,0,8,,,40,,,,,,,,,,,,,,,16,,,,,B03,,,1,,2,,,16,16,1,21,,B03,120.553015,24.296798,3
2022,6,26,15,10,臺中市,外埔區,0,0,0,8,,,40,,,,,,,,,,,,,,,23,,,,,B03,,,1,,1,,,23,23,1,22,,B03,120.636591,24.341376,3
2022,6,26,15,10,臺中市,大安區,0,3,0,8,1,5,50,3,1,1,5,4,5,7,4,4,10,5,5,2,17,6,2,9,1,1,C03,7,5,1,8,2,14,,6,6,1,19,8,C03,120.611192,24.386617,2
2022,6,26,15,20,臺中市,龍井區,0,0,0,8,,,30,,,,,,,,,,,,,,,12,,,,,B03,,,1,,1,,,12,12,1,22,,B03,120.588318,24.180075,3
2022,6,26,15,26,臺中市,大肚區,0,1,0,8,1,5,50,4,1,1,5,4,5,7,1,1,10,5,5,2,16,6,3,10,1,1,B03,7,5,1,8,2,2,,6,6,1,5,8,B03,120.561169,24.125234,2
2022,6,26,15,29,臺中市,北屯區,0,0,0,8,,,50,,,,,,,,,,,,,,,42,,,,,C03,,,4,,11,,,42,42,1,22,,C03,120.669073,24.188054,3
2022,6,26,15,32,臺中市,西屯區,0,1,0,8,3,5,50,3,1,1,5,4,5,7,4,4,5,4,4,2,16,6,3,10,3,4,B03,7,5,1,8,2,4,,6,6,1,22,8,B03,120.655661,24.172718,2
2022,6,26,15,33,臺中市,北區,0,1,0,8,1,5,50,4,1,1,5,4,5,7,1,1,1,5,4,2,29,23,2,9,1,1,C03,7,6,1,10,2,11,,23,23,1,21,8,C03,120.684843,24.160472,2
2022,6,26,15,33,臺中市,大肚區,0,0,0,,,,50,,,,,,,,,,,,,,,9,,,,,B03,,,1,,2,,,9,9,1,22,,B03,120.574507,24.160021,3
2022,6,26,15,48,臺中市,北屯區,0,1,0,8,1,5,50,3,1,1,5,4,5,7,4,4,10,5,5,2,16,6,3,10,1,1,B12,7,5,1,8,2,8,,6,6,1,21,8,B12,120.685201,24.179124,2