年,月,日,時,分,縣市,區,死,受傷,2-30,天候,光線,道路類別,速限,道路型態,事故位置,路面鋪裝,路面狀態,路面缺陷,障礙物,視距,號誌種類,號誌動作,分向設施,快車道或一般車道間,快慢車道間,路面邊線,事故類型及型態,主要肇因,受傷程度,主要傷處,保護裝備,行動電話,當事者區分,車輛用途,當事者行動狀態,駕駛資格情形,駕駛執照種類,飲酒情形,車輛撞擊部位最初,車輛撞擊部位其他,肇事因素個別,肇事因素主要,肇事逃逸,職業,旅次目的,車種,GPS緯度,GPS經度,事故類別
2022,6,26,15,48,臺中市,烏日區,0,1,0,8,1,5,50,8,7,1,5,4,5,7,4,4,1,5,1,2,23,23,2,9,1,1,C01,7,9,1,10,2,11,,23,23,1,21,8,C01,120.634497,24.09475,2
2022,6,26,15,49,臺中市,神岡區,0,1,0,8,1,5,30,3,1,1,5,4,5,7,4,4,10,5,5,2,16,6,3,10,1,1,B03,7,5,1,8,2,4,,6,6,1,22,9,B03,120.689866,24.242581,2
2022,6,26,15,51,臺中市,西區,0,1,0,8,1,5,30,14,9,1,5,4,5,7,4,4,10,5,5,2,17,19,3,10,1,1,C03,7,1,1,10,1,14,,19,19,1,22,9,C03,120.661999,24.157211,2
2022,6,26,15,52,臺中市,西屯區,0,1,0,8,1,5,30,4,9,1,5,4,5,7,1,1,10,5,5,1,17,42,2,9,1,1,C03,7,9,1,10,1,11,,42,42,1,1,9,C03,120.64592,24.168121,2
2022,6,26,15,55,臺中市,大里區,0,0,0,8,,,30,,,,,,,,,,,,,,,12,,,,,B03,,,1,,2,,,12,12,1,5,,B03,120.693805,24.120906,3
2022,6,26,16,1,臺中市,中區,0,1,0,8,1,5,50,4,1,1,5,4,5,7,2,1,10,5,5,2,13,16,2,9,1,1,C03,7,9,1,10,1,11,,16,16,1,5,5,C03,120.679547,24.142469,2
2022,6,26,16,1,臺中市,東區,0,1,0,8,1,5,50,4,1,1,5,4,5,7,4,4,1,4,4,2,16,6,3,10,3,4,B03,7,11,1,8,2,5,,6,6,1,21,8,B03,120.6936,24.147758,2
2022,6,26,16,2,臺中市,清水區,0,0,0,8,,,50,,,,,,,,,,,,,,,12,,,,,B03,,,1,,2,,,12,12,1,21,,B03,120.549726,24.268207,3
2022,6,26,16,12,臺中市,北屯區,0,0,0,8,,,50,,,,,,,,,,,,,,,23,,,,,B02,,,1,,2,,,23,23,1,21,,B02,120.661185,24.190303,3
2022,6,26,16,18,臺中市,北屯區,0,0,0,8,,,40,,,,,,,,,,,,,,,42,,,,,B03,,,1,,1,,,42,42,1,5,,B03,120.669616,24.201197,3
2022,6,26,16,21,臺中市,南屯區,0,1,0,8,1,5,50,4,1,1,5,4,5,7,2,1,10,5,5,2,17,8,3,10,1,1,B12,7,5,1,8,2,5,,8,8,1,22,9,B12,120.64394,24.129521,2
2022,6,26,16,23,臺中市,南屯區,0,0,0,8,1,5,50,3,1,1,5,4,5,7,4,4,9,5,4,2,14,12,3,10,1,1,B03,7,2,1,8,1,3,,12,12,1,9,7,B03,120.643921,24.147478,3
2022,6,26,16,25,臺中市,潭子區,0,1,0,8,1,5,30,4,1,1,5,4,5,7,4,4,10,5,5,2,15,6,2,1,1,1,C03,7,9,1,10,2,12,,6,6,1,22,8,C03,120.677266,24.205466,2
2022,6,26,16,26,臺中市,龍井區,0,0,0,8,,,60,,,,,,,,,,,,,,,16,,,,,A12,,,1,,2,,,16,16,1,4,,A12,120.580503,24.188711,3
2022,6,26,16,33,臺中市,大雅區,0,0,0,8,,,60,,,,,,,,,,,,,,,23,,,,,C03,,,1,,11,,,23,23,1,22,,C03,120.664501,24.233943,3
2022,6,26,16,37,臺中市,北屯區,0,0,0,8,,,30,,,,,,,,,,,,,,,23,,,,,C01,,,1,,1,,,23,23,1,21,,C01,120.666727,24.185549,3
2022,6,26,16,41,臺中市,豐原區,0,1,0,8,2,5,50,14,9,1,5,4,5,7,4,4,5,4,5,1,16,9,3,10,1,1,B03,7,6,1,8,2,5,,9,9,1,21,8,B03,120.723189,24.235525,2
2022,6,26,16,46,臺中市,太平區,0,1,0,8,1,5,50,4,1,1,5,4,5,7,1,1,10,5,5,2,16,6,3,10,1,1,B03,7,6,1,8,2,5,,6,6,1,21,8,B03,120.723166,24.149422,2
2022,6,26,16,50,臺中市,南屯區,0,0,0,8,,,30,,,,,,,,,,,,,,,23,,,,,B03,,,1,,2,,,23,23,1,22,,B03,120.65249,24.150688,3
2022,6,26,16,51,臺中市,西屯區,0,0,0,8,,,50,,,,,,,,,,,,,,,23,,,,,B03,,,1,,1,,,23,23,1,22,,B03,120.656312,24.199311,3
2022,6,26,16,53,臺中市,西屯區,0,0,0,8,,,30,,,,,,,,,,,,,,,23,,,,,B03,,,1,,2,,,23,23,1,22,,B03,120.666,24.172101,3
2022,6,26,16,58,臺中市,大雅區,0,1,0,8,1,5,30,3,1,1,5,4,5,7,4,4,10,5,5,1,16,6,3,10,1,1,B03,7,6,1,8,2,1,,6,6,1,22,9,B03,120.651767,24.216063,2
2022,6,26,17,5,臺中市,南屯區,0,0,0,8,,,50,,,,,,,,,,,,,,,9,,,,,B03,,,1,,2,,,9,9,1,22,,B03,120.641577,24.140672,3
2022,6,26,17,16,臺中市,沙鹿區,0,0,0,8,1,5,40,14,8,1,5,4,5,7,4,4,1,4,3,1,13,23,3,10,1,2,B12,7,9,6,8,6,1,,23,23,1,9,1,B12,120.564449,24.23934,3
2022,6,26,17,20,臺中市,大里區,0,0,0,8,,,40,,,,,,,,,,,,,,,23,,,,,B03,,,1,,2,,,23,23,1,5,,B03,120.692366,24.101651,3
2022,6,26,17,22,臺中市,西屯區,0,5,0,8,1,5,60,14,7,1,5,4,5,7,4,4,1,4,1,2,13,23,3,10,3,4,B03,7,9,1,8,2,1,,23,23,1,22,8,B03,120.64419,24.165486,2
2022,6,26,17,30,臺中市,北屯區,0,0,0,8,,,40,,,,,,,,,,,,,,,12,,,,,B03,,,1,,2,,,12,12,1,5,,B03,120.684211,24.18587,3
2022,6,26,17,30,臺中市,北屯區,0,0,0,8,,,40,,,,,,,,,,,,,,,23,,,,,B03,,,1,,1,,,23,23,1,21,,B03,120.686201,24.191651,3
2022,6,26,17,48,臺中市,南屯區,0,2,0,8,2,5,50,14,7,1,5,4,5,7,4,4,1,4,5,2,13,16,2,9,1,1,C03,7,9,1,10,2,11,,16,16,1,4,1,C03,120.64705,24.151652,2
2022,6,26,17,50,臺中市,豐原區,0,0,0,8,,,50,,,,,,,,,,,,,,,12,,,,,B12,,,1,,1,,,12,12,1,21,,B12,120.731045,24.249468,4
2022,6,26,17,55,臺中市,南屯區,0,0,0,8,,,50,,,,,,,,,,,,,,,26,,,,,B01,,,1,,2,,,26,26,1,22,,B01,120.628596,24.140028,3
2022,6,26,17,55,臺中市,西屯區,0,1,0,8,1,5,40,14,8,1,5,4,5,7,4,4,1,4,1,1,17,23,2,9,1,1,C03,7,21,1,10,2,15,,23,23,1,1,9,C03,120.651942,24.160999,2
2022,6,26,18,5,臺中市,西屯區,0,2,0,8,3,5,50,4,2,1,5,4,5,7,1,1,3,5,4,2,13,16,2,9,3,4,C03,7,9,1,10,2,11,,16,16,1,22,8,C03,120.65564,24.172066,2
2022,6,26,18,8,臺中市,潭子區,0,0,0,8,,,50,,,,,,,,,,,,,,,44,,,,,B12,,,1,,2,,,44,44,1,22,,B12,120.703389,24.200696,3
2022,6,26,18,11,臺中市,北屯區,0,0,0,8,,,50,,,,,,,,,,,,,,,23,,,,,C03,,,3,,1,,,23,23,1,21,,C03,120.694393,24.171715,3
2022,6,26,18,15,臺中市,西屯區,0,0,0,8,,,50,,,,,,,,,,,,,,,23,,,,,B03,,,1,,1,,,23,23,1,22,,B03,120.635666,24.171303,3
2022,6,26,18,15,臺中市,石岡區,0,1,0,8,1,5,70,14,8,1,5,4,5,7,4,4,1,3,4,1,16,19,3,10,1,1,B03,7,1,1,8,2,4,,19,19,1,22,9,B03,120.781201,24.274575,2
2022,6,26,18,27,臺中市,大安區,0,2,0,8,1,5,30,4,1,1,5,4,5,7,4,4,5,5,5,2,15,14,3,10,1,1,B03,7,9,1,8,2,8,,14,14,1,22,9,B03,120.584376,24.380196,2
2022,6,26,18,34,臺中市,南屯區,0,3,0,8,3,5,30,4,1,1,5,4,5,7,4,4,5,5,5,2,15,6,2,9,1,1,C03,7,9,1,10,2,12,,6,6,1,22,8,C03,120.653981,24.142653,2
2022,6,26,18,36,臺中市,南區,0,1,0,8,1,5,50,3,1,1,5,4,5,7,4,4,10,5,5,2,16,6,3,10,1,1,B03,7,5,1,8,2,1,,6,6,1,21,8,B03,120.656713,24.12474,2
2022,6,26,18,41,臺中市,南屯區,0,1,0,8,2,5,50,4,1,1,5,4,5,7,2,1,10,5,5,2,16,6,3,10,1,1,B03,7,6,1,8,2,2,,6,6,1,4,3,B03,120.640739,24.148775,2
2022,6,26,18,45,臺中市,大里區,0,0,0,8,,,30,,,,,,,,,,,,,,,19,,,,,B03,,,1,,2,,,19,19,1,5,,B03,120.705575,24.108853,3
2022,6,26,18,46,臺中市,北屯區,0,1,0,8,3,5,50,14,9,1,5,4,5,7,4,4,1,4,5,2,13,23,3,10,1,1,B03,7,9,1,8,9,1,,23,23,1,21,8,B03,120.685779,24.175258,2
2022,6,26,18,48,臺中市,潭子區,0,0,0,8,,,40,,,,,,,,,,,,,,,12,,,,,B03,,,1,,9,,,12,12,2,22,,B03,120.700871,24.210045,3
2022,6,26,18,52,臺中市,東區,0,0,0,7,2,5,50,4,9,1,5,4,5,7,1,1,3,4,5,2,13,23,3,10,1,1,B03,7,9,1,7,2,5,,23,23,1,21,8,B03,120.698239,24.150434,3
2022,6,26,18,52,臺中市,南屯區,0,0,0,8,,,50,,,,,,,,,,,,,,,23,,,,,B03,,,1,,1,,,23,23,1,22,,B03,120.627955,24.140198,3
2022,6,26,18,52,臺中市,沙鹿區,0,1,0,8,1,5,50,4,1,1,5,4,5,7,1,1,10,5,5,2,15,25,3,10,1,1,B03,7,9,1,8,2,2,,25,25,1,21,8,B03,120.570443,24.213473,2
2022,6,26,18,55,臺中市,西屯區,0,0,0,8,,,50,,,,,,,,,,,,,,,23,,,,,B03,,,1,,1,,,23,23,1,22,,B03,120.64298,24.177005,3
2022,6,26,19,12,臺中市,北區,0,1,0,8,3,5,50,3,2,1,5,4,5,7,1,1,1,4,4,2,17,25,2,9,1,1,C03,7,11,1,10,2,12,,25,25,1,5,8,C03,120.694099,24.161084,2
2022,6,26,19,13,臺中市,龍井區,0,3,0,8,3,5,50,4,1,1,5,4,5,7,4,4,5,5,5,1,16,6,2,9,1,1,C03,7,5,1,10,2,12,,6,6,1,22,8,C03,120.588396,24.178249,2
2022,6,26,19,30,臺中市,東區,0,1,0,8,3,5,50,14,9,1,5,4,5,7,4,4,5,4,5,2,16,26,2,9,1,1,C04,7,1,1,10,2,11,,26,26,1,22,8,C04,120.694061,24.142744,2
2022,6,26,19,35,臺中市,霧峰區,0,0,0,8,,,50,,,,,,,,,,,,,,,6,,,,,B03,,,1,,2,,,6,6,1,12,,B03,120.697711,24.064735,3
2022,6,26,19,37,臺中市,烏日區,0,0,0,8,,,50,,,,,,,,,,,,,,,17,,,,,B03,,,1,,2,,,17,17,1,22,,B03,120.61686,24.116152,3
2022,6,26,19,39,臺中市,南區,0,0,0,8,,,50,,,,,,,,,,,,,,,12,,,,,B03,,,1,,2,,,12,12,1,5,,B03,120.657873,24.124655,3
2022,6,26,19,44,臺中市,西屯區,0,1,0,8,2,5,50,3,1,1,5,4,5,7,4,4,5,5,5,2,16,26,3,10,3,4,C03,7,1,1,10,2,11,,26,26,1,22,8,C03,120.66479,24.175841,2
2022,6,26,19,46,臺中市,潭子區,0,0,0,8,,,40,,,,,,,,,,,,,,,7,,,,,B03,,,1,,2,,,7,7,1,22,,B03,120.700655,24.214033,3
2022,6,26,19,50,臺中市,沙鹿區,0,0,0,8,,,40,,,,,,,,,,,,,,,40,,,,,B03,,,1,,2,,,40,40,1,3,,B03,120.559434,24.234815,3
2022,6,26,19,54,臺中市,豐原區,0,1,0,8,3,5,50,4,1,1,5,4,5,7,2,1,1,2,4,2,15,25,3,10,1,1,B03,7,9,1,3,2,2,,25,25,1,4,5,B03,120.703444,24.238313,2
2022,6,26,20,7,臺中市,太平區,0,2,0,8,1,5,50,4,1,1,5,4,5,7,3,1,10,5,5,2,16,19,3,10,1,1,B03,7,1,1,8,2,8,,19,19,1,21,8,B03,120.727627,24.150003,2
2022,6,26,20,13,臺中市,南屯區,0,0,0,8,,,50,,,,,,,,,,,,,,,9,,,,,B02,,,1,,1,,,9,9,1,22,,B02,120.632461,24.145536,3
2022,6,26,20,20,臺中市,太平區,0,1,0,8,3,5,50,4,1,1,5,4,5,7,1,1,10,5,5,2,13,23,3,10,1,1,C03,7,9,1,10,2,11,,23,23,1,21,8,C03,120.712503,24.145679,2
2022,6,26,20,22,臺中市,北屯區,0,0,0,8,,,40,,,,,,,,,,,,,,,19,,,,,B03,,,1,,2,,,19,19,1,21,,B03,120.707292,24.165017,3
2022,6,26,20,30,臺中市,霧峰區,0,0,0,8,,,50,,,,,,,,,,,,,,,7,,,,,A12,,,1,,2,,,7,7,1,22,,A12,120.6998,24.075986,3
2022,6,26,20,31,臺中市,南屯區,0,0,0,8,3,5,50,4,2,1,5,4,5,7,2,1,9,5,4,2,11,26,3,10,1,1,B03,7,14,1,8,1,8,1,26,26,1,11,5,B03,120.636213,24.13436,3
2022,6,26,20,34,臺中市,大甲區,0,1,0,8,3,5,50,14,9,1,5,4,5,7,4,4,9,4,5,1,26,42,2,1,1,1,B03,7,9,1,8,2,5,,42,42,1,9,8,B03,120.61881,24.37362,2
2022,6,26,20,40,臺中市,大肚區,0,0,0,8,,,50,,,,,,,,,,,,,,,23,,,,,B03,,,1,,2,,,23,23,1,5,,B03,120.576551,24.119118,3
2022,6,26,20,53,臺中市,北區,0,0,0,8,,,50,,,,,,,,,,,,,,,67,,,,,H01,,,,,,,,67,,1,,,H01,120.672285,24.170353,3
2022,6,26,20,58,臺中市,北屯區,0,2,0,8,3,5,50,14,9,1,5,4,5,7,4,4,4,5,5,2,13,23,2,9,1,1,C03,7,9,2,18,2,11,,23,23,1,21,8,C03,120.70764,24.172416,2
2022,6,26,21,0,臺中市,西區,0,0,0,8,,,50,,,,,,,,,,,,,,,17,,,,,B03,,,1,,9,,,17,,2,21,,B03,120.670973,24.1393,3
2022,6,26,21,6,臺中市,北屯區,0,0,0,8,,,50,,,,,,,,,,,,,,,26,,,,,B12,,,1,,2,,,26,26,1,22,,B12,120.707212,24.195294,3
2022,6,26,21,6,臺中市,神岡區,0,1,0,8,3,5,30,11,9,1,5,4,5,7,4,4,10,5,5,1,17,23,2,9,1,1,C03,7,9,1,10,2,11,,23,23,1,21,8,C03,120.703428,24.26329,2
2022,6,26,21,16,臺中市,烏日區,0,0,0,8,,,30,,,,,,,,,,,,,,,17,,,,,B03,,,1,,2,,,17,17,1,22,,B03,120.603705,24.114747,4
2022,6,26,21,25,臺中市,霧峰區,0,1,0,8,3,5,50,4,1,1,5,4,5,7,1,1,10,5,5,2,16,6,3,10,1,1,B03,7,6,1,6,2,2,,6,6,1,9,8,B03,120.662997,24.059765,2
2022,6,26,21,36,臺中市,東區,0,1,0,8,3,5,50,4,1,1,5,4,5,7,2,1,10,5,5,2,16,25,3,10,1,1,B03,7,5,1,8,2,5,2,25,25,1,22,8,B03,120.710358,24.140736,2
2022,6,26,21,56,臺中市,后里區,0,1,0,8,3,5,50,4,2,1,5,4,5,7,1,1,5,4,5,1,12,23,2,9,1,1,C03,7,9,1,10,8,14,,23,23,1,4,5,C03,120.717658,24.302456,2
2022,6,26,22,14,臺中市,太平區,0,0,0,8,,,50,,,,,,,,,,,,,,,23,,,,,B03,,,1,,2,,,23,23,1,21,,B03,120.703401,24.156673,3
2022,6,26,22,17,臺中市,北屯區,0,2,0,8,3,5,50,14,9,1,5,4,5,7,4,4,5,4,5,2,16,19,2,9,1,1,C03,7,1,1,10,2,11,,19,19,1,22,8,C03,120.719101,24.176371,2
2022,6,26,22,25,臺中市,南屯區,0,0,0,8,,,50,,,,,,,,,,,,,,,23,,,,,B03,,,1,,2,,,23,23,1,22,,B03,120.614075,24.153252,3
2022,6,26,22,42,臺中市,北屯區,0,1,0,8,3,5,50,4,9,1,5,4,5,7,2,1,1,2,5,1,12,26,3,10,1,1,B03,7,7,3,18,2,4,,26,26,1,21,8,B03,120.711955,24.164564,2
2022,6,26,22,48,臺中市,北區,0,1,0,8,3,5,50,3,1,1,5,4,5,7,4,4,5,5,5,2,29,61,,,,,,,,,,,,,61,61,1,,,,120.693686,24.156392,2
2022,6,26,22,54,臺中市,北屯區,0,0,0,8,,,50,,,,,,,,,,,,,,,23,,,,,B02,,,1,,2,,,23,23,1,21,,B02,120.701687,24.185536,3
2022,6,26,23,33,臺中市,南區,0,0,0,8,,,50,,,,,,,,,,,,,,,12,,,,,B03,,,1,,2,,,12,12,1,22,,B03,120.660916,24.111135,3
2022,6,26,23,51,臺中市,豐原區,0,1,0,8,3,5,50,5,1,1,5,4,5,7,3,1,10,5,5,2,15,6,3,10,3,4,B03,7,9,1,8,2,8,,6,6,1,22,8,B03,120.719336,24.252411,2
2022,6,27,0,22,臺中市,霧峰區,0,0,0,8,,,60,,,,,,,,,,,,,,,7,,,,,B12,,,1,,2,,,7,7,1,22,,B12,120.696313,24.054755,3
2022,6,27,1,23,臺中市,東區,0,0,0,,,,50,,,,,,,,,,,,,,,23,,,,,B03,,,1,,2,,,23,23,1,22,,B03,120.692921,24.142811,3
2022,6,27,2,10,臺中市,南區,0,1,0,8,3,5,50,14,9,1,5,4,5,7,4,4,5,4,5,2,17,42,2,9,1,1,C03,7,9,1,10,2,14,,42,42,1,5,8,C03,120.666877,24.117108,2
2022,6,27,5,30,臺中市,清水區,0,1,0,8,1,5,50,14,9,1,5,4,5,7,4,4,8,3,4,1,13,23,2,9,1,1,C03,7,9,1,10,2,11,,23,23,1,21,8,C03,120.606336,24.266666,2
2022,6,27,5,44,臺中市,梧棲區,0,1,0,8,1,5,50,3,2,1,5,4,5,7,3,1,10,5,5,2,19,23,2,9,3,4,B03,7,9,6,8,8,1,,23,23,1,9,8,B03,120.542353,24.252191,2
2022,6,27,6,30,臺中市,大甲區,0,0,0,8,,,50,,,,,,,,,,,,,,,6,,,,,B03,,,1,,2,,,6,6,1,9,,B03,120.62669,24.34453,3
2022,6,27,6,36,臺中市,北屯區,0,1,0,8,1,5,50,14,9,1,5,4,5,7,4,4,1,4,5,2,17,23,2,9,1,1,C03,7,15,4,11,2,15,,23,23,1,21,8,C03,120.689039,24.182126,2
2022,6,27,6,39,臺中市,西屯區,0,1,0,8,1,5,30,14,9,1,5,4,5,7,4,4,10,5,5,2,17,6,3,10,3,4,A12,7,6,1,2,2,2,,6,6,1,22,9,A12,120.629652,24.177163,2
2022,6,27,6,51,臺中市,霧峰區,0,1,0,8,1,5,40,4,2,1,5,4,5,7,2,1,5,5,5,1,12,17,2,7,1,1,C03,7,1,1,10,9,14,,17,17,2,19,5,C03,120.693858,24.06616,2
2022,6,27,6,53,臺中市,石岡區,0,0,0,8,,,70,,,,,,,,,,,,,,,23,,,,,B03,,,1,,2,,,23,,1,22,,B03,120.781418,24.27495,3
2022,6,27,6,54,臺中市,梧棲區,0,1,0,8,1,5,70,3,1,1,5,4,5,7,1,1,10,5,5,1,16,26,3,10,3,4,B03,7,6,1,8,2,5,,26,26,1,22,8,B03,120.522566,24.249209,2
2022,6,27,6,55,臺中市,大雅區,0,1,0,8,1,5,50,4,2,1,5,4,5,7,1,1,10,4,5,1,17,23,2,9,1,1,C03,7,9,1,10,1,14,,23,23,1,22,9,C03,120.645263,24.225553,2
2022,6,27,7,15,臺中市,大里區,0,0,0,6,,,40,,,,,,,,,,,,,,,2,,,,,B03,,,1,,2,,,2,2,1,9,,B03,120.687828,24.094117,3
2022,6,27,7,25,臺中市,東勢區,0,0,0,8,1,5,50,14,9,1,5,4,5,7,4,4,10,5,5,1,11,2,3,10,3,4,B03,7,9,1,8,2,8,,2,2,1,22,8,B03,120.850957,24.239413,3
2022,6,27,7,29,臺中市,北屯區,0,1,0,8,1,5,50,14,7,1,5,4,5,7,4,4,1,4,4,2,13,16,2,9,1,1,C03,7,9,1,10,2,11,,16,16,1,22,8,C03,120.72045,24.162871,2
2022,6,27,7,33,臺中市,南屯區,0,1,0,8,4,8,50,4,1,1,5,4,5,7,4,4,10,5,5,2,15,6,2,9,1,1,C03,7,9,1,10,2,14,,6,6,1,5,8,C03,120.65209,24.138887,2
2022,6,27,7,38,臺中市,龍井區,0,2,0,8,1,5,50,4,1,1,5,4,5,7,1,1,10,5,5,2,15,25,2,9,1,1,C03,7,9,1,10,2,11,,25,25,1,12,8,C03,120.523168,24.197233,2
2022,6,27,7,40,臺中市,潭子區,0,1,0,8,1,5,60,14,7,1,5,4,5,7,4,4,1,4,4,1,17,23,2,9,1,1,C03,7,9,1,10,2,12,,23,23,1,22,8,C03,120.702839,24.196421,2
2022,6,27,7,40,臺中市,豐原區,0,0,0,8,,,50,,,,,,,,,,,,,,,12,,,,,G06,,,1,,2,,,12,12,1,22,,G06,120.728241,24.258451,3
2022,6,27,7,48,臺中市,太平區,0,0,0,8,,,50,,,,,,,,,,,,,,,12,,,,,B03,,,1,,1,,,12,12,1,21,,B03,120.705773,24.15943,3
2022,6,27,7,50,臺中市,豐原區,0,2,0,8,1,5,50,14,7,1,5,4,5,7,4,4,5,5,4,2,17,26,2,9,1,1,C03,7,1,1,10,2,11,,26,26,1,19,7,C03,120.733684,24.252348,2
2022,6,27,7,52,臺中市,太平區,0,0,0,8,1,5,50,14,9,1,5,4,5,7,4,4,9,4,5,2,13,16,3,10,1,1,B03,7,9,1,8,2,8,,16,16,1,21,8,B03,120.703581,24.159473,3
2022,6,27,7,53,臺中市,北區,0,1,0,8,1,5,50,14,7,1,5,4,5,7,4,4,3,4,4,2,17,6,3,10,1,1,B12,7,6,1,8,2,3,,6,6,1,22,8,B12,120.672215,24.16952,2
2022,6,27,7,53,臺中市,太平區,0,0,0,8,,,30,,,,,,,,,,,,,,,19,,,,,B03,,,1,,2,,,19,19,1,22,,B03,120.727964,24.152195,3
2022,6,27,7,53,臺中市,太平區,0,1,0,8,1,5,50,14,9,1,5,4,5,7,4,4,5,4,5,2,17,19,2,8,1,1,C03,7,1,1,10,2,12,,19,19,1,22,8,C03,120.719013,24.149271,2
2022,6,27,7,54,臺中市,豐原區,0,1,0,8,1,5,50,14,9,1,5,4,5,7,4,4,10,5,5,1,16,19,3,10,1,1,B03,7,1,1,8,2,8,1,19,19,1,21,8,B03,120.753264,24.257224,2
2022,6,27,7,55,臺中市,大甲區,0,0,0,8,,,50,,,,,,,,,,,,,,,18,,,,,B03,,,1,,1,,,18,18,1,22,,B03,120.65651,24.401414,3
2022,6,27,7,56,臺中市,西屯區,0,1,0,8,1,5,30,3,1,1,5,4,5,7,4,4,10,5,5,2,17,42,2,9,1,1,F01,7,5,8,20,2,16,,42,42,1,22,8,F01,120.658624,24.175671,2
2022,6,27,7,56,臺中市,神岡區,0,0,0,8,,,30,,,,,,,,,,,,,,,17,,,,,B03,,,1,,11,,,17,17,1,22,,B03,120.689762,24.240098,3
2022,6,27,7,59,臺中市,太平區,0,2,0,8,1,5,30,4,1,1,5,4,5,7,4,4,10,5,5,2,15,6,2,7,1,1,C03,7,9,1,10,2,11,,6,6,1,9,1,C03,120.732849,24.111118,2
2022,6,27,8,8,臺中市,北屯區,0,1,0,8,1,5,50,4,1,1,5,4,5,7,1,1,10,5,5,2,16,19,2,9,1,1,C03,7,1,1,10,2,11,,19,19,1,20,8,C03,120.686582,24.201323,2
2022,6,27,8,9,臺中市,北屯區,0,1,0,8,1,5,30,4,1,1,5,4,5,7,3,1,10,5,5,2,15,6,2,9,3,4,C03,7,9,1,10,2,11,,6,6,1,21,8,C03,120.694855,24.187053,2
2022,6,27,8,20,臺中市,南屯區,0,1,0,8,1,5,40,4,1,1,5,4,5,7,1,1,5,4,4,2,17,7,3,10,1,1,B03,7,7,1,8,2,4,,7,7,1,22,8,B03,120.615551,24.149468,2
2022,6,27,8,24,臺中市,太平區,0,2,0,8,1,5,50,3,1,1,5,4,5,7,2,1,10,5,5,2,12,8,2,9,1,1,C03,7,5,1,10,2,14,,8,8,1,20,5,C03,120.73313,24.150517,2
2022,6,27,8,26,臺中市,梧棲區,0,0,0,8,,,30,,,,,,,,,,,,,,,23,,,,,B03,,,1,,2,,,23,23,1,22,,B03,120.528835,24.259904,3
2022,6,27,8,27,臺中市,西屯區,0,0,0,8,,,50,,,,,,,,,,,,,,,23,,,,,A11,,,1,,4,,,23,23,1,22,,A11,120.6482,24.196878,3
2022,6,27,8,28,臺中市,太平區,0,0,0,,,,50,,,,,,,,,,,,,,,16,,,,,B03,,,1,,2,,,16,16,1,21,,B03,120.71836,24.156669,3
2022,6,27,8,30,臺中市,梧棲區,0,1,0,8,1,5,30,3,1,1,5,4,5,7,4,4,10,5,5,2,16,6,2,9,3,4,C03,7,5,1,10,2,12,,6,6,1,22,8,C03,120.530619,24.253504,2
2022,6,27,8,33,臺中市,大雅區,0,0,0,8,,,30,,,,,,,,,,,,,,,6,,,,,B03,,,1,,2,,,6,6,1,22,,B03,120.66012,24.226952,3
2022,6,27,8,37,臺中市,南區,0,1,0,8,1,5,50,4,1,1,5,4,5,7,2,1,10,5,5,2,17,42,2,9,1,1,C03,7,9,1,10,2,11,,42,42,1,22,8,C03,120.650118,24.120638,2
2022,6,27,8,37,臺中市,北屯區,0,0,0,8,,,40,,,,,,,,,,,,,,,12,,,,,B03,,,1,,2,,,12,12,1,5,,B03,120.687905,24.175153,3
2022,6,27,8,38,臺中市,北區,0,1,0,8,1,5,50,3,1,1,5,4,5,7,4,4,1,4,4,2,12,43,2,9,1,1,C03,7,9,1,10,2,15,,43,43,1,21,8,C03,120.673153,24.167501,2
2022,6,27,8,43,臺中市,后里區,0,0,0,8,1,5,50,5,1,1,5,4,5,7,1,1,5,2,5,1,17,19,3,10,1,1,B03,7,1,1,8,2,8,,19,19,1,21,8,B03,120.685875,24.315085,3
2022,6,27,8,45,臺中市,西屯區,0,0,0,8,,,30,,,,,,,,,,,,,,,23,,,,,B03,,,1,,2,,,23,23,1,22,,B03,120.64941,24.183468,3
2022,6,27,8,47,臺中市,大甲區,0,0,0,8,,,60,,,,,,,,,,,,,,,67,,,,,,,,,,,,,67,67,1,,,,120.61809,24.351086,3
2022,6,27,8,51,臺中市,東區,0,1,0,8,1,5,50,3,1,1,5,4,5,7,4,4,10,5,5,2,18,23,2,8,1,1,C03,7,9,1,10,2,14,,23,23,1,5,8,C03,120.706698,24.137466,2
2022,6,27,9,1,臺中市,大肚區,1,0,0,8,1,5,50,14,9,1,5,4,5,7,4,4,5,3,5,1,7,51,1,9,4,1,H01,8,16,8,20,10,16,,51,51,1,19,8,H01,120.54598,24.148194,1
2022,6,27,9,3,臺中市,西區,0,1,0,8,1,5,50,14,7,1,5,4,5,7,4,4,1,4,4,2,16,7,2,9,1,1,C04,7,7,1,10,2,14,,7,7,1,5,5,C04,120.65764,24.151412,2