年,月,日,時,分,縣市,區,死,受傷,2-30,天候,光線,道路類別,速限,道路型態,事故位置,路面鋪裝,路面狀態,路面缺陷,障礙物,視距,號誌種類,號誌動作,分向設施,快車道或一般車道間,快慢車道間,路面邊線,事故類型及型態,主要肇因,受傷程度,主要傷處,保護裝備,行動電話,當事者區分,車輛用途,當事者行動狀態,駕駛資格情形,駕駛執照種類,飲酒情形,車輛撞擊部位最初,車輛撞擊部位其他,肇事因素個別,肇事因素主要,肇事逃逸,職業,旅次目的,車種,GPS緯度,GPS經度,事故類別
2022,6,27,9,5,臺中市,豐原區,0,2,0,8,1,5,50,14,9,1,5,4,5,7,4,4,1,4,5,2,13,23,2,7,1,1,C03,7,9,1,10,2,11,,23,23,1,20,8,C03,120.700389,24.249007,2
2022,6,27,9,10,臺中市,霧峰區,0,0,0,8,,,40,,,,,,,,,,,,,,,23,,,,,B12,,,1,,2,,,23,23,1,22,,B12,120.663222,24.073911,3
2022,6,27,9,14,臺中市,大雅區,0,0,0,8,,,50,,,,,,,,,,,,,,,7,,,,,B03,,,1,,2,,,7,7,1,22,,B03,120.629575,24.241426,3
2022,6,27,9,16,臺中市,西屯區,0,0,0,8,,,50,,,,,,,,,,,,,,,16,,,,,B12,,,1,,1,,,16,16,1,22,,B12,120.659433,24.196419,3
2022,6,27,9,20,臺中市,石岡區,0,1,0,8,1,5,30,14,9,1,5,4,5,7,4,4,10,5,5,1,16,19,3,10,1,1,B03,7,1,1,8,2,8,,19,19,1,22,8,B03,120.780709,24.27085,2
2022,6,27,9,29,臺中市,南屯區,0,0,0,,,,50,,,,,,,,,,,,,,,2,,,,,B03,,,1,,2,,,2,2,1,22,,B03,120.585123,24.166886,3
2022,6,27,9,30,臺中市,太平區,0,0,0,8,,,50,,,,,,,,,,,,,,,23,,,,,C03,,,1,,2,,,23,23,1,21,,C03,120.726712,24.134206,3
2022,6,27,9,34,臺中市,南區,0,0,0,,,,50,,,,,,,,,,,,,,,23,,,,,B03,,,1,,2,,,23,23,1,22,,B03,120.683624,24.125702,3
2022,6,27,9,34,臺中市,南屯區,0,0,0,8,,,50,,,,,,,,,,,,,,,16,,,,,B03,,,1,,2,,,38,16,1,22,,B03,120.585836,24.164756,3
2022,6,27,9,35,臺中市,南屯區,0,2,0,8,1,5,80,14,9,1,5,4,5,7,4,4,1,4,5,2,16,7,2,9,1,4,C02,7,7,4,10,2,14,,7,7,1,22,8,C02,120.620016,24.124551,2
2022,6,27,9,47,臺中市,北區,0,1,0,8,1,5,50,5,1,1,5,4,5,7,1,1,10,5,5,2,17,26,3,10,1,1,B03,7,9,1,8,2,1,,26,26,1,22,8,B03,120.686252,24.15482,2
2022,6,27,9,50,臺中市,北屯區,0,0,0,8,,,50,,,,,,,,,,,,,,,26,,,,,B03,,,1,,2,,,26,26,1,21,,B03,120.67351,24.174028,3
2022,6,27,9,55,臺中市,霧峰區,0,0,0,8,,,60,,,,,,,,,,,,,,,23,,,,,B12,,,1,,2,,,23,23,1,22,,B12,120.69557,24.052776,3
2022,6,27,9,57,臺中市,西屯區,0,0,0,8,,,50,,,,,,,,,,,,,,,26,,,,,B03,,,1,,9,2,,26,26,1,22,,B03,120.635096,24.174365,3
2022,6,27,9,57,臺中市,烏日區,0,0,0,,,,60,,,,,,,,,,,,,,,6,,,,,B11,,,1,,2,,,6,6,1,4,,B11,120.654749,24.056542,3
2022,6,27,10,10,臺中市,南屯區,0,0,0,8,1,5,30,3,1,1,5,4,5,7,4,4,10,5,5,2,16,17,,,,,B12,,,6,,3,,,17,17,1,22,,B12,120.638951,24.139968,3
2022,6,27,10,15,臺中市,西屯區,0,0,0,8,,,30,,,,,,,,,,,,,,,42,,,,,A12,,,1,,1,,,42,42,1,5,,A12,120.637941,24.183066,4
2022,6,27,10,15,臺中市,大甲區,0,0,0,,,,50,,,,,,,,,,,,,,,12,,,,,B03,,,1,,2,,,12,12,1,22,,B03,120.626307,24.349292,3
2022,6,27,10,21,臺中市,南屯區,0,0,0,8,,,50,,,,,,,,,,,,,,,23,,,,,B12,,,1,,1,,,23,23,1,10,,B12,120.647269,24.130783,3
2022,6,27,10,22,臺中市,潭子區,0,1,0,8,1,5,40,14,8,1,5,4,5,7,4,4,1,4,4,1,17,42,2,7,1,1,F01,7,9,8,20,2,16,,42,42,1,22,8,F01,120.692254,24.215778,2
2022,6,27,10,22,臺中市,西屯區,0,1,0,8,1,5,50,14,9,1,5,4,5,7,4,4,5,4,5,2,16,19,3,10,3,4,B03,7,1,1,8,2,8,,19,19,1,22,8,B03,120.636795,24.183406,2
2022,6,27,10,28,臺中市,北區,0,1,0,8,1,5,40,14,8,1,5,4,5,7,4,4,1,4,4,2,17,40,3,10,3,1,B03,7,14,1,8,2,4,,40,40,1,21,8,B03,120.67699,24.156193,2
2022,6,27,10,33,臺中市,沙鹿區,0,1,0,8,1,5,50,3,1,1,5,4,5,7,1,1,10,5,5,2,16,23,3,10,1,1,B03,7,6,1,8,2,2,,23,23,1,21,8,B03,120.601296,24.258088,2
2022,6,27,10,34,臺中市,霧峰區,0,0,0,8,,,30,,,,,,,,,,,,,,,23,,,,,B12,,,1,,2,,,23,23,1,22,,B12,120.713437,24.075307,3
2022,6,27,10,45,臺中市,潭子區,0,0,0,8,,,60,,,,,,,,,,,,,,,17,,,,,C03,,,1,,9,,,17,17,1,22,,C03,120.702588,24.192062,3
2022,6,27,10,51,臺中市,南屯區,0,0,0,,,,50,,,,,,,,,,,,,,,12,,,,,B03,,,1,,2,,,12,12,1,22,,B03,120.64733,24.142762,3
2022,6,27,10,52,臺中市,太平區,0,0,0,8,,,50,,,,,,,,,,,,,,,23,,,,,C03,,,1,,2,,,23,23,1,22,,C03,120.714142,24.145327,3
2022,6,27,10,53,臺中市,西屯區,0,1,0,8,1,5,40,14,11,1,5,4,5,7,4,4,4,3,4,2,16,40,3,10,1,1,B12,7,14,1,8,2,4,,40,40,1,22,8,B12,120.666357,24.170474,2
2022,6,27,10,53,臺中市,太平區,0,1,0,8,1,5,30,3,1,1,5,4,5,7,4,4,10,5,5,2,18,42,2,8,1,1,C03,7,6,1,10,2,12,,42,42,1,21,8,C03,120.724844,24.103906,2
2022,6,27,11,0,臺中市,潭子區,0,0,0,8,,,60,,,,,,,,,,,,,,,23,,,,,B12,,,1,,2,,,23,23,1,22,,B12,120.686788,24.210105,3
2022,6,27,11,8,臺中市,南區,0,4,0,8,1,5,50,4,1,1,5,4,5,7,1,1,10,5,5,2,13,16,2,9,1,1,C03,7,9,1,10,2,11,,16,16,1,5,8,C03,120.668867,24.128556,2
2022,6,27,11,8,臺中市,烏日區,0,1,0,8,1,5,50,3,1,1,5,2,1,7,4,4,10,5,5,2,18,23,2,9,4,1,F01,7,9,8,20,2,16,,23,23,1,5,8,F01,120.611758,24.105405,2
2022,6,27,11,10,臺中市,龍井區,0,0,0,8,,,50,,,,,,,,,,,,,,,7,,,,,B12,,,1,,2,,,7,7,1,12,,B12,120.551993,24.2147,3
2022,6,27,11,19,臺中市,梧棲區,0,0,0,8,,,70,,,,,,,,,,,,,,,23,,,,,B03,,,4,,2,,,23,23,1,22,,B03,120.544173,24.246841,3
2022,6,27,11,21,臺中市,南屯區,0,0,0,8,,,50,,,,,,,,,,,,,,,23,,,,,B03,,,1,,1,,,23,23,1,22,,B03,120.622509,24.150098,3
2022,6,27,11,26,臺中市,潭子區,0,0,0,8,,,60,,,,,,,,,,,,,,,7,,,,,B03,,,1,,2,,,7,7,1,22,,B03,120.705385,24.209873,3
2022,6,27,11,30,臺中市,潭子區,0,1,0,8,1,5,50,5,2,1,5,4,5,7,1,1,3,4,4,1,16,25,3,10,1,1,C03,7,5,1,10,2,11,,25,25,1,22,8,C03,120.697988,24.216711,2
2022,6,27,11,30,臺中市,龍井區,0,0,0,,,,40,,,,,,,,,,,,,,,12,,,,,B03,,,1,,2,,,12,12,1,21,,B03,120.527407,24.219241,3
2022,6,27,11,30,臺中市,清水區,0,0,0,,,,50,,,,,,,,,,,,,,,8,,,,,B03,,,1,,2,,,8,8,1,21,,B03,120.559579,24.266375,3
2022,6,27,11,33,臺中市,北區,0,1,0,8,1,5,40,14,9,1,5,4,5,7,4,4,5,4,5,2,12,6,2,9,3,4,C03,7,6,1,10,2,12,,6,6,1,5,8,C03,120.677401,24.166848,2
2022,6,27,11,38,臺中市,西屯區,0,2,0,8,1,5,50,14,8,1,5,4,5,7,4,4,5,5,4,2,12,6,2,8,1,1,C03,7,6,1,10,2,11,,6,6,1,22,8,C03,120.609826,24.186355,2
2022,6,27,11,40,臺中市,大甲區,0,1,0,8,1,5,50,4,1,1,5,4,5,7,3,1,10,5,5,2,29,67,,,,,,,,,,,,,67,67,1,,,,120.625393,24.3491,2
2022,6,27,11,42,臺中市,南區,0,0,0,8,,,50,,,,,,,,,,,,,,,23,,,,,B03,,,1,,2,,,23,23,1,22,,B03,120.661435,24.12158,3
2022,6,27,11,44,臺中市,大甲區,0,1,0,8,1,5,30,3,1,1,5,4,5,7,4,4,5,5,5,2,16,14,3,10,1,1,B12,7,9,1,8,2,2,,14,14,1,7,3,B12,120.617266,24.428291,2
2022,6,27,11,47,臺中市,西屯區,0,0,0,8,,,50,,,,,,,,,,,,,,,19,,,,,B03,,,1,,2,,,19,19,1,21,,B03,120.602435,24.186509,3
2022,6,27,11,51,臺中市,西屯區,0,0,0,8,,,40,,,,,,,,,,,,,,,19,,,,,B03,,,1,,1,,,19,19,1,22,,B03,120.634881,24.169576,3
2022,6,27,11,52,臺中市,太平區,0,1,0,8,1,5,50,4,1,1,5,4,5,7,1,1,10,5,5,2,16,10,3,10,1,1,B12,7,11,1,8,2,4,,10,10,1,10,4,B12,120.729227,24.106721,2
2022,6,27,11,55,臺中市,清水區,0,0,0,8,,,50,,,,,,,,,,,,,,,17,,,,,B03,,,1,,1,,,17,17,1,21,,B03,120.58548,24.297108,3
2022,6,27,12,0,臺中市,太平區,0,2,0,8,1,5,50,14,9,1,5,4,5,7,4,4,9,4,5,2,16,6,2,9,2,1,F01,7,5,8,20,1,16,,6,6,1,20,8,F01,120.709711,24.154466,2
2022,6,27,12,2,臺中市,龍井區,0,2,0,8,1,5,30,14,9,1,5,4,5,7,4,4,10,5,5,2,17,23,2,8,3,4,C03,7,9,1,10,2,11,,23,23,1,22,9,C03,120.593599,24.187826,2
2022,6,27,12,5,臺中市,西屯區,0,0,0,8,,,40,,,,,,,,,,,,,,,16,,,,,C03,,,1,,1,,,16,16,1,22,,C03,120.651988,24.160978,3
2022,6,27,12,5,臺中市,沙鹿區,0,2,0,8,1,5,50,14,9,1,5,4,5,7,4,4,4,3,5,1,10,4,2,1,1,1,C03,7,9,1,10,2,11,,4,4,1,20,8,C03,120.572035,24.222761,2
2022,6,27,12,9,臺中市,烏日區,0,0,0,8,,,30,,,,,,,,,,,,,,,17,,,,,B03,,,1,,2,,,17,,1,21,,B03,120.643414,24.075606,3
2022,6,27,12,14,臺中市,北屯區,0,1,0,8,1,5,50,4,1,1,5,4,5,7,1,1,10,5,5,2,16,6,2,9,3,4,C03,7,5,1,10,2,12,,6,6,1,21,8,C03,120.728451,24.171846,2
2022,6,27,12,19,臺中市,南屯區,0,2,0,8,1,5,50,4,1,1,5,4,5,7,4,4,10,5,5,2,16,8,2,9,1,1,C03,7,5,1,10,2,11,,8,8,1,22,9,C03,120.652179,24.141803,2
2022,6,27,12,23,臺中市,南區,0,0,0,8,,,50,,,,,,,,,,,,,,,42,,,,,B12,,,1,,2,,,42,42,1,22,,B12,120.684336,24.131307,3
2022,6,27,12,24,臺中市,南區,0,2,0,8,1,5,50,4,1,1,5,4,5,7,1,1,10,5,5,2,6,44,2,9,1,1,C03,7,9,1,10,2,12,,44,44,1,22,8,C03,120.657516,24.116888,2
2022,6,27,12,33,臺中市,北區,0,0,0,8,,,40,,,,,,,,,,,,,,,19,,,,,C03,,,7,,11,,,19,19,2,22,,C03,120.681097,24.157585,3
2022,6,27,12,39,臺中市,外埔區,0,0,0,8,1,5,50,4,7,1,5,4,5,7,4,4,4,4,4,1,13,23,3,10,1,1,B12,7,9,1,7,2,1,,23,23,1,21,8,B12,120.637958,24.342003,3
2022,6,27,12,40,臺中市,南屯區,0,1,0,8,1,5,50,14,9,1,5,4,5,7,4,4,9,4,5,2,17,42,2,9,1,1,C03,7,9,1,10,2,11,12,42,42,1,5,8,C03,120.644878,24.131621,2
2022,6,27,12,40,臺中市,霧峰區,0,0,0,8,,,50,,,,,,,,,,,,,,,34,,,,,A12,,,1,,2,,,34,34,1,22,,A12,120.714539,24.077188,3
2022,6,27,12,44,臺中市,清水區,0,0,0,8,,,50,,,,,,,,,,,,,,,23,,,,,C02,,,1,,1,,,23,23,1,21,,C02,120.565412,24.274088,3
2022,6,27,12,55,臺中市,北屯區,0,0,0,8,,,40,,,,,,,,,,,,,,,12,,,,,C03,,,1,,2,,,12,12,1,5,,C03,120.691145,24.172895,3
2022,6,27,13,3,臺中市,太平區,0,0,0,8,,,50,,,,,,,,,,,,,,,26,,,,,B03,,,1,,2,,,26,26,1,21,,B03,120.713944,24.125364,3
2022,6,27,13,3,臺中市,梧棲區,0,0,0,8,,,50,,,,,,,,,,,,,,,12,,,,,B03,,,1,,2,,,12,12,1,22,,B03,120.539268,24.261153,3
2022,6,27,13,6,臺中市,潭子區,0,0,0,8,,,40,,,,,,,,,,,,,,,8,,,,,B03,,,1,,2,,,8,8,1,22,,B03,120.700337,24.210306,3
2022,6,27,13,6,臺中市,南區,0,0,0,,,,50,,,,,,,,,,,,,,,23,,,,,B03,,,1,,2,,,23,23,1,5,,B03,120.679199,24.118911,3
2022,6,27,13,8,臺中市,東區,0,1,0,8,1,5,50,4,1,1,5,4,1,7,1,1,10,5,5,2,16,6,2,9,1,1,C03,7,5,1,10,2,14,,6,6,1,22,8,C03,120.690822,24.132,2
2022,6,27,13,17,臺中市,南屯區,0,0,0,8,,,50,,,,,,,,,,,,,,,12,,,,,B03,,,1,,2,,,12,12,1,22,,B03,120.6483,24.13023,3
2022,6,27,13,20,臺中市,豐原區,0,1,0,8,1,5,50,4,1,1,5,4,5,7,1,1,10,5,5,2,16,9,3,10,1,1,B03,7,6,3,18,2,6,,9,9,1,21,8,B03,120.720559,24.266931,2
2022,6,27,13,25,臺中市,南區,0,1,0,8,1,5,40,4,2,1,5,4,5,7,2,1,1,4,5,2,13,16,3,10,1,1,B03,7,9,1,8,2,1,,16,16,1,5,8,B03,120.679286,24.119037,2
2022,6,27,13,26,臺中市,北區,0,0,0,8,,,30,,,,,,,,,,,,,,,6,,,,,C03,,,1,,1,,,6,6,1,21,,C03,120.692906,24.161138,3
2022,6,27,13,30,臺中市,西屯區,0,0,0,8,,,50,,,,,,,,,,,,,,,12,,,,,A32,,,1,,2,,,12,12,1,22,,A32,120.644174,24.162528,3
2022,6,27,13,31,臺中市,南屯區,0,0,0,8,,,40,,,,,,,,,,,,,,,42,,,,,B03,,,1,,1,,,42,42,1,4,,B03,120.624108,24.152316,3
2022,6,27,13,48,臺中市,梧棲區,0,2,0,8,1,5,50,3,2,1,5,4,3,5,4,4,5,4,4,2,16,4,2,8,1,1,C03,7,9,1,10,2,11,,4,4,1,22,8,C03,120.532564,24.259866,2
2022,6,27,13,50,臺中市,大甲區,0,1,0,8,1,5,50,4,1,1,5,4,5,7,4,4,5,5,5,2,16,14,2,9,1,1,C03,7,9,1,10,2,11,,14,14,1,21,8,C03,120.61792,24.348216,2
2022,6,27,13,54,臺中市,東區,0,1,0,8,1,5,50,4,1,1,5,4,5,7,1,1,10,5,5,2,18,23,2,9,1,1,C03,7,9,1,10,2,14,,23,23,1,22,8,C03,120.692456,24.142745,2
2022,6,27,13,55,臺中市,龍井區,0,2,0,8,1,5,60,4,1,1,5,4,5,7,1,1,10,5,5,2,17,25,2,3,3,4,B02,7,9,1,8,2,1,,25,25,1,22,9,B02,120.577638,24.18664,2
2022,6,27,14,11,臺中市,清水區,0,1,0,8,1,5,60,3,1,1,5,4,5,7,3,2,1,3,1,1,16,9,3,10,1,1,A41,7,6,1,1,11,6,,9,9,1,10,8,A41,120.551003,24.293213,2
2022,6,27,14,12,臺中市,南區,0,0,0,,,,40,,,,,,,,,,,,,,,23,,,,,B03,,,1,,2,,,23,23,1,22,,B03,120.6828,24.132919,3
2022,6,27,14,16,臺中市,南屯區,0,0,0,8,1,5,50,14,9,1,5,4,5,7,4,4,1,3,5,1,13,23,3,10,1,1,B12,7,9,1,7,1,1,,23,23,1,22,8,B12,120.616598,24.145837,3
2022,6,27,14,40,臺中市,西屯區,0,0,0,8,,,50,,,,,,,,,,,,,,,23,,,,,B12,,,1,,1,,,23,23,1,22,,B12,120.636635,24.201828,3
2022,6,27,14,47,臺中市,西屯區,0,1,0,8,1,5,50,3,1,1,5,4,5,7,4,4,10,5,5,2,16,6,3,10,1,1,B12,7,5,1,8,2,2,,6,6,1,21,8,B12,120.625202,24.18303,2
2022,6,27,14,59,臺中市,東勢區,0,0,0,8,,,50,,,,,,,,,,,,,,,25,,,,,B12,,,1,,2,,,25,,1,22,,B12,120.830329,24.251878,3
2022,6,27,15,4,臺中市,太平區,0,1,0,8,1,5,40,4,1,1,5,4,5,7,1,1,10,5,5,2,16,23,3,10,1,1,B03,7,5,1,8,2,8,,23,23,1,21,8,B03,120.725136,24.116852,2
2022,6,27,15,10,臺中市,烏日區,0,1,0,8,1,5,40,3,1,1,5,4,5,7,4,4,1,4,1,1,16,9,3,10,1,1,A12,7,6,1,7,2,2,,9,9,1,21,8,A12,120.650223,24.091517,2
2022,6,27,15,11,臺中市,西屯區,0,1,0,8,1,5,40,4,1,1,5,4,5,7,1,1,10,5,5,2,18,23,2,9,1,1,C04,7,9,1,10,2,14,,23,23,1,4,8,C04,120.63527,24.182096,2
2022,6,27,15,12,臺中市,西屯區,0,1,0,8,1,5,40,4,1,1,5,4,5,7,1,1,10,5,5,2,18,23,2,9,1,1,C03,7,9,1,10,2,14,,23,23,1,4,8,C03,120.635375,24.182152,2
2022,6,27,15,19,臺中市,龍井區,0,0,0,8,,,60,,,,,,,,,,,,,,,23,,,,,B03,,,1,,2,,,23,23,1,22,,B03,120.575714,24.177439,3
2022,6,27,15,20,臺中市,北屯區,0,1,0,8,1,5,50,4,1,1,5,4,5,7,2,1,10,5,5,2,16,6,3,10,1,1,B03,7,6,1,8,2,6,,6,6,1,4,8,B03,120.702355,24.169785,2
2022,6,27,15,21,臺中市,大甲區,0,0,0,,,,50,,,,,,,,,,,,,,,42,,,,,A12,,,1,,1,,,42,60,1,12,,A12,120.661313,24.402685,3
2022,6,27,15,22,臺中市,清水區,0,0,0,8,,,50,,,,,,,,,,,,,,,12,,,,,B12,,,1,,2,,,12,12,1,21,,B12,120.542026,24.267005,3
2022,6,27,15,22,臺中市,清水區,0,2,0,8,1,5,30,11,9,1,5,4,5,7,4,4,10,5,5,2,29,43,2,9,1,1,C03,7,9,1,10,2,14,,43,43,1,21,8,C03,120.625626,24.303452,2
2022,6,27,15,30,臺中市,大甲區,0,0,0,8,,,50,,,,,,,,,,,,,,,17,,,,,G02,,,1,,1,,,17,17,1,22,,G02,120.635638,24.364046,3
2022,6,27,15,33,臺中市,西屯區,0,1,0,8,1,5,50,14,9,1,5,4,5,7,4,4,2,5,5,2,16,7,3,10,3,4,C03,7,8,1,10,1,13,,7,7,1,22,8,C03,120.662946,24.201348,2
2022,6,27,15,35,臺中市,潭子區,0,0,0,8,,,50,,,,,,,,,,,,,,,43,,,,,,,,,,,,,43,43,1,,,,120.703288,24.207145,3
2022,6,27,15,44,臺中市,西屯區,0,1,0,8,1,5,50,14,7,1,5,4,5,7,4,4,5,4,4,2,12,17,3,10,1,1,A12,7,9,1,6,2,2,,17,17,1,22,8,A12,120.617998,24.16143,2
2022,6,27,15,46,臺中市,西屯區,0,1,0,8,1,5,50,3,1,1,5,4,5,7,4,4,5,5,5,2,12,6,3,10,3,4,C03,7,9,1,10,2,14,,6,6,1,22,8,C03,120.64494,24.17268,2
2022,6,27,15,50,臺中市,龍井區,0,0,0,8,,,50,,,,,,,,,,,,,,,23,,,,,B02,,,1,,1,,,23,23,1,22,,B02,120.587464,24.181206,3
2022,6,27,15,59,臺中市,梧棲區,0,0,0,8,,,90,,,,,,,,,,,,,,,34,,,,,A12,,,1,,2,,,34,34,1,22,,A12,120.530465,24.236631,3
2022,6,27,16,10,臺中市,太平區,0,1,0,8,1,5,50,4,1,1,5,4,5,7,4,4,10,5,5,2,13,16,2,7,1,1,C03,7,9,1,10,2,11,,16,16,1,21,8,C03,120.711724,24.151562,2
2022,6,27,16,10,臺中市,大肚區,0,1,0,8,1,5,50,14,9,1,5,4,5,7,4,4,10,5,5,2,17,23,2,1,1,1,B03,7,9,1,8,2,8,,23,23,1,19,8,B03,120.531038,24.15915,2
2022,6,27,16,13,臺中市,北屯區,0,0,0,8,,,50,,,,,,,,,,,,,,,12,,,,,B12,,,1,,1,,,12,12,1,21,,B12,120.719417,24.170656,3
2022,6,27,16,21,臺中市,太平區,0,1,0,8,1,5,50,4,1,1,5,4,5,7,1,1,10,5,5,2,16,8,2,9,1,1,C03,7,5,1,10,2,14,,8,8,1,21,8,C03,120.71281,24.144389,2
2022,6,27,16,28,臺中市,北屯區,0,2,0,8,1,5,50,3,1,1,5,4,5,7,1,1,10,5,5,2,16,25,2,9,1,1,C03,7,9,6,10,2,11,,25,25,1,22,8,C03,120.702375,24.170891,2
2022,6,27,16,30,臺中市,南屯區,0,0,0,8,,,50,,,,,,,,,,,,,,,23,,,,,B03,,,1,,1,,,23,,1,22,,B03,120.635,24.151944,3
2022,6,27,16,35,臺中市,北區,0,1,0,8,1,5,50,4,1,1,5,4,5,7,1,1,1,4,5,2,16,6,2,9,1,1,C03,7,5,1,10,2,14,,6,6,1,21,8,C03,120.694326,24.155623,2
2022,6,27,16,41,臺中市,豐原區,0,0,0,8,,,50,,,,,,,,,,,,,,,23,,,,,B03,,,1,,2,,,23,23,1,22,,B03,120.726845,24.255021,3
2022,6,27,16,46,臺中市,北屯區,0,1,0,8,1,5,50,3,1,1,5,4,5,7,4,4,10,5,5,2,16,43,3,10,1,1,C03,7,15,1,10,2,14,,43,43,1,22,8,C03,120.699951,24.18649,2
2022,6,27,16,48,臺中市,北區,0,0,0,,,,50,,,,,,,,,,,,,,,23,,,,,B12,,,1,,2,,,23,23,1,5,,B12,120.694659,24.156635,3
2022,6,27,16,52,臺中市,神岡區,0,0,0,8,,,30,,,,,,,,,,,,,,,18,,,,,B03,,,1,,2,,,18,18,1,22,,B03,120.69336,24.2598,3
2022,6,27,16,55,臺中市,北區,0,1,0,8,1,5,30,14,9,4,5,4,5,7,4,4,8,3,5,2,12,23,2,9,1,1,C03,7,9,1,10,2,12,,23,23,1,18,8,C03,120.666599,24.158008,2
2022,6,27,16,55,臺中市,南區,0,2,0,8,1,5,30,4,1,1,5,4,5,7,4,4,10,5,5,2,15,6,2,9,1,1,C03,7,9,1,10,2,12,,6,6,1,22,8,C03,120.681892,24.130027,2
2022,6,27,16,57,臺中市,西屯區,0,0,0,8,,,80,,,,,,,,,,,,,,,43,,,,,B03,,,1,,2,,,43,43,1,22,,B03,120.626183,24.157831,3
2022,6,27,17,0,臺中市,南屯區,0,1,0,8,1,5,50,14,9,1,5,4,5,7,4,4,5,5,5,2,10,26,3,10,1,1,B03,7,4,1,7,2,8,,26,26,1,5,8,B03,120.638283,24.139736,2
2022,6,27,17,1,臺中市,北區,0,1,0,8,1,5,50,4,1,1,5,4,5,7,1,1,10,5,5,2,16,25,2,9,1,1,C03,7,5,4,11,2,11,,25,25,1,22,8,C03,120.677171,24.165195,2
2022,6,27,17,13,臺中市,烏日區,0,0,0,8,,,40,,,,,,,,,,,,,,,18,,,,,B12,,,1,,2,,,18,18,1,21,,B12,120.607582,24.121129,3
2022,6,27,17,17,臺中市,沙鹿區,0,1,0,8,1,5,50,4,1,1,5,4,5,7,3,1,9,5,5,1,16,6,2,9,1,1,C03,7,9,1,10,2,11,,6,6,1,4,8,C03,120.556436,24.230025,2
2022,6,27,17,26,臺中市,西區,0,0,0,,,,50,,,,,,,,,,,,,,,23,,,,,B03,,,1,,1,,,23,,1,21,,B03,120.665987,24.141458,4
2022,6,27,17,26,臺中市,東區,0,1,0,8,1,5,50,3,2,1,5,4,5,7,4,4,5,4,5,2,16,19,2,7,1,1,C03,7,11,1,10,2,12,,19,11,1,21,8,C03,120.690698,24.13329,2
2022,6,27,17,27,臺中市,大肚區,0,2,0,8,1,5,70,14,12,1,5,4,5,7,2,1,1,4,4,1,13,16,2,9,1,1,C03,7,9,1,9,2,11,,16,16,1,1,8,C03,120.556806,24.12812,2
2022,6,27,17,33,臺中市,豐原區,0,1,0,8,1,5,50,3,1,1,5,4,5,7,4,4,10,5,5,2,16,6,3,10,1,1,C03,7,5,1,10,2,11,,6,6,1,22,8,C03,120.725089,24.24651,2
2022,6,27,17,35,臺中市,北屯區,0,0,0,8,,,50,,,,,,,,,,,,,,,6,,,,,C03,,,1,,1,,,6,6,1,4,,C03,120.667623,24.178291,3
2022,6,27,17,36,臺中市,南屯區,0,0,0,8,,,50,,,,,,,,,,,,,,,12,,,,,B02,,,1,,1,,,12,12,1,22,,B02,120.610403,24.158209,3
2022,6,27,17,38,臺中市,梧棲區,0,0,0,8,,,50,,,,,,,,,,,,,,,25,,,,,C03,,,1,,2,,,25,25,1,11,,C03,120.533163,24.264062,3
2022,6,27,17,40,臺中市,西屯區,0,2,0,8,1,5,50,3,1,1,5,4,5,7,4,4,10,5,5,2,17,43,2,9,1,4,C03,7,21,1,10,2,15,,43,43,1,22,8,C03,120.667184,24.178145,2
2022,6,27,17,41,臺中市,北區,0,0,0,,,,50,,,,,,,,,,,,,,,23,,,,,B03,,,1,,1,,,23,23,1,21,,B03,120.68868,24.156759,3
2022,6,27,17,43,臺中市,北屯區,0,0,0,8,,,50,,,,,,,,,,,,,,,16,,,,,C03,,,1,,1,,,16,16,1,21,,C03,120.69037,24.175449,3
2022,6,27,17,44,臺中市,梧棲區,0,0,0,8,,,50,,,,,,,,,,,,,,,23,,,,,B03,,,1,,1,,,23,23,1,21,,B03,120.529855,24.2575,3
2022,6,27,17,44,臺中市,梧棲區,0,1,0,8,2,5,50,5,1,1,5,4,5,7,1,1,10,5,5,2,16,25,3,10,1,1,B03,7,5,1,8,2,4,,25,25,1,2,8,B03,120.553885,24.251756,2
2022,6,27,17,45,臺中市,東區,0,1,0,8,1,5,50,4,1,1,5,4,5,7,1,1,10,5,5,2,16,27,2,9,1,1,C03,7,9,1,10,2,12,,23,27,1,21,8,C03,120.686141,24.132834,2
2022,6,27,17,45,臺中市,北屯區,0,1,0,8,1,5,50,4,1,1,5,4,5,7,1,1,10,5,5,2,16,6,3,10,1,1,B03,7,5,1,8,2,1,,6,6,1,22,8,B03,120.719281,24.176865,2
2022,6,27,17,45,臺中市,大肚區,0,1,0,8,1,5,50,14,9,1,5,4,5,7,4,4,9,5,5,1,17,19,3,10,3,4,B03,7,1,1,7,2,5,,19,19,1,22,9,B03,120.577542,24.165883,2
2022,6,27,17,48,臺中市,西區,0,1,0,8,1,5,50,14,8,1,5,4,5,7,4,4,3,4,4,2,12,19,3,10,1,1,B03,7,1,1,8,2,1,,19,19,1,5,8,B03,120.661466,24.1594,2