年,月,日,時,分,縣市,區,死,受傷,2-30,天候,光線,道路類別,速限,道路型態,事故位置,路面鋪裝,路面狀態,路面缺陷,障礙物,視距,號誌種類,號誌動作,分向設施,快車道或一般車道間,快慢車道間,路面邊線,事故類型及型態,主要肇因,受傷程度,主要傷處,保護裝備,行動電話,當事者區分,車輛用途,當事者行動狀態,駕駛資格情形,駕駛執照種類,飲酒情形,車輛撞擊部位最初,車輛撞擊部位其他,肇事因素個別,肇事因素主要,肇事逃逸,職業,旅次目的,車種,GPS緯度,GPS經度,事故類別
2022,6,27,17,50,臺中市,東區,0,0,0,8,1,5,50,14,9,1,5,4,5,7,4,4,5,4,5,2,13,23,3,10,1,1,B03,7,9,1,8,5,1,,23,23,1,22,8,B03,120.694742,24.150997,3
2022,6,27,17,50,臺中市,南區,0,1,0,8,1,5,50,3,1,1,5,4,5,7,4,4,5,5,5,2,13,16,2,9,1,1,C03,7,9,1,10,2,11,,16,16,1,22,8,C03,120.676083,24.131519,2
2022,6,27,17,50,臺中市,南區,0,0,0,8,,,50,,,,,,,,,,,,,,,16,,,,,B03,,,1,,2,,,16,16,1,22,,B03,120.652783,24.118276,3
2022,6,27,17,52,臺中市,太平區,0,0,0,8,,,50,,,,,,,,,,,,,,,16,,,,,C03,,,1,,2,,,16,16,1,21,,C03,120.719233,24.103189,3
2022,6,27,17,57,臺中市,大肚區,0,1,0,8,1,5,50,14,9,1,5,4,5,7,4,4,9,5,5,1,17,11,3,10,3,4,C03,7,11,1,10,2,11,,11,11,1,22,9,C03,120.578187,24.167109,2
2022,6,27,17,58,臺中市,西屯區,0,1,0,8,1,5,30,3,1,1,5,4,5,7,4,4,10,5,5,2,29,6,2,7,1,1,C03,7,5,1,10,2,11,,6,6,1,22,8,C03,120.636173,24.176151,2
2022,6,27,18,0,臺中市,西區,0,2,0,8,1,5,50,14,9,1,5,4,5,7,4,4,9,4,5,2,9,23,2,9,1,1,C03,7,9,1,10,2,12,,23,23,1,21,8,C03,120.667493,24.137868,2
2022,6,27,18,0,臺中市,清水區,0,1,0,8,1,5,50,14,9,1,5,4,5,7,4,4,9,4,4,1,16,7,3,10,1,1,B03,7,7,1,8,2,5,,7,7,1,5,5,B03,120.562403,24.309645,2
2022,6,27,18,3,臺中市,潭子區,0,1,0,8,1,5,50,14,7,1,5,4,5,7,4,4,5,4,4,2,13,23,4,11,1,1,C03,7,9,2,18,2,11,,23,23,1,22,8,C03,120.709006,24.21311,2
2022,6,27,18,6,臺中市,南區,0,0,0,,,,40,,,,,,,,,,,,,,,19,,,,,B03,,,1,,2,,,19,19,1,21,,B03,120.661394,24.122327,3
2022,6,27,18,8,臺中市,太平區,0,2,0,8,3,5,30,14,9,1,5,4,5,7,4,4,5,5,5,2,11,17,2,9,1,1,C03,7,9,1,10,2,14,,17,17,1,21,8,C03,120.723924,24.133583,2
2022,6,27,18,11,臺中市,大里區,0,0,0,8,,,60,,,,,,,,,,,,,,,23,,,,,B03,,,1,,2,,,23,23,1,22,,B03,120.665158,24.10658,3
2022,6,27,18,13,臺中市,神岡區,0,0,0,8,,,30,,,,,,,,,,,,,,,12,,,,,C03,,,1,,2,,,12,12,1,22,,C03,120.689169,24.239356,3
2022,6,27,18,17,臺中市,北區,0,0,0,8,,,30,,,,,,,,,,,,,,,23,,,,,C03,,,1,,2,,,23,23,1,22,,C03,120.666695,24.168797,3
2022,6,27,18,18,臺中市,霧峰區,0,0,0,8,,,30,,,,,,,,,,,,,,,17,,,,,H03,,,8,,10,,,67,17,1,22,,H03,120.695118,24.017329,3
2022,6,27,18,18,臺中市,梧棲區,0,0,0,8,,,50,,,,,,,,,,,,,,,12,,,,,B12,,,1,,1,,,12,12,1,21,,B12,120.539512,24.244805,3
2022,6,27,18,24,臺中市,沙鹿區,0,0,0,8,,,40,,,,,,,,,,,,,,,26,,,,,B03,,,1,,2,,,26,26,1,18,,B03,120.574376,24.222177,3
2022,6,27,18,30,臺中市,東區,0,1,0,8,2,5,50,4,1,1,5,4,5,7,1,1,10,5,5,2,16,8,3,10,1,1,B03,7,5,1,8,2,4,7,8,8,1,21,8,B03,120.697065,24.133065,2
2022,6,27,18,37,臺中市,西區,0,0,0,8,,,50,,,,,,,,,,,,,,,7,,,,,B03,,,1,,1,,,7,18,1,21,,B03,120.658086,24.154387,3
2022,6,27,18,44,臺中市,大肚區,0,1,0,8,1,5,70,14,7,1,5,4,5,7,4,4,1,4,4,1,12,7,3,10,1,1,A12,7,8,1,3,2,5,,7,7,1,10,1,A12,120.553903,24.132913,2
2022,6,27,18,50,臺中市,太平區,0,1,0,8,3,5,50,3,2,1,5,4,5,7,4,4,5,5,5,2,17,26,2,9,1,1,C03,7,5,1,10,2,11,,26,26,1,21,8,C03,120.712665,24.155722,2
2022,6,27,19,0,臺中市,南屯區,0,1,0,8,3,5,50,4,1,1,5,4,5,7,2,1,10,5,5,2,16,26,3,10,1,1,B12,7,6,1,8,2,2,,26,26,1,22,9,B12,120.623055,24.145277,2
2022,6,27,19,5,臺中市,大里區,0,2,0,8,3,5,50,14,7,1,5,4,5,7,4,4,5,5,4,1,16,7,2,8,1,1,F01,7,7,8,20,1,16,,7,7,1,14,8,F01,120.702822,24.089653,2
2022,6,27,19,5,臺中市,豐原區,0,1,0,8,3,5,30,14,9,1,5,4,5,7,4,4,10,5,5,1,17,23,2,7,1,4,C03,7,9,2,18,2,11,,23,23,1,22,8,C03,120.722271,24.265165,2
2022,6,27,19,12,臺中市,北屯區,0,0,0,8,,,50,,,,,,,,,,,,,,,12,,,,,B12,,,1,,1,,,12,12,1,21,,B12,120.69395,24.177125,3
2022,6,27,19,20,臺中市,太平區,0,1,0,8,3,5,50,14,9,1,5,4,5,7,4,4,5,4,5,2,14,12,3,10,1,1,B03,7,2,1,8,2,6,,12,12,1,21,8,B03,120.710115,24.127461,2
2022,6,27,19,25,臺中市,烏日區,0,0,0,8,,,40,,,,,,,,,,,,,,,16,,,,,B03,,,1,,2,,,16,16,1,21,,B03,120.60705,24.125604,3
2022,6,27,19,32,臺中市,北屯區,0,1,0,8,3,5,50,14,9,1,5,4,5,7,4,4,5,4,5,2,16,7,3,10,1,1,B03,7,8,1,8,2,2,,7,7,1,22,8,B03,120.718612,24.175656,2
2022,6,27,19,45,臺中市,北屯區,0,0,0,8,,,50,,,,,,,,,,,,,,,23,,,,,B03,,,1,,1,,,23,23,1,22,,B03,120.669319,24.177214,3
2022,6,27,19,50,臺中市,大里區,0,0,0,8,,,30,,,,,,,,,,,,,,,6,,,,,B12,,,1,,2,,,6,6,1,22,,B12,120.70343,24.092029,3
2022,6,27,19,52,臺中市,太平區,0,1,0,8,3,5,50,14,9,1,5,4,5,7,4,4,5,5,5,1,12,42,2,9,1,1,C03,7,9,1,10,2,14,,42,42,1,21,8,C03,120.720183,24.120834,2
2022,6,27,19,52,臺中市,大甲區,0,1,0,8,3,5,50,5,1,1,5,4,5,7,1,1,10,5,5,2,16,6,2,9,1,1,C03,7,5,1,10,2,11,,6,6,1,22,9,C03,120.623484,24.344087,2
2022,6,27,19,55,臺中市,大雅區,0,1,0,8,3,5,50,4,1,1,5,4,5,7,1,1,5,5,5,1,17,23,3,10,1,1,B03,7,5,1,8,2,8,,23,23,1,21,8,B03,120.648289,24.226613,2
2022,6,27,20,16,臺中市,烏日區,0,0,0,,,,50,,,,,,,,,,,,,,,16,,,,,B12,,,1,,2,,,16,16,1,22,,B12,120.607328,24.122445,3
2022,6,27,20,19,臺中市,后里區,0,0,0,8,,,30,,,,,,,,,,,,,,,18,,,,,B03,,,1,,11,,,18,18,1,22,,B03,120.727064,24.307659,3
2022,6,27,20,26,臺中市,南屯區,0,2,0,8,3,5,50,4,1,1,5,4,5,7,1,1,10,5,5,2,16,19,2,9,1,1,C03,7,1,1,10,2,14,,19,19,1,22,8,C03,120.609745,24.138488,2
2022,6,27,20,44,臺中市,神岡區,0,2,0,8,3,5,50,15,9,1,5,4,5,7,4,4,5,5,5,1,17,6,2,7,1,1,C03,7,5,1,10,2,11,,6,6,1,22,8,C03,120.688404,24.261604,2
2022,6,27,20,53,臺中市,西區,0,2,0,8,1,5,50,4,1,1,5,4,5,7,4,4,10,5,5,2,16,8,2,7,1,1,C03,7,5,1,10,2,11,,8,8,1,21,8,C03,120.664301,24.149044,2
2022,6,27,21,0,臺中市,北區,0,1,0,8,1,5,50,14,7,1,5,4,5,7,4,4,1,4,4,2,9,19,3,10,1,1,A02,7,1,1,2,11,15,,19,19,1,10,8,A02,120.685568,24.156019,2
2022,6,27,21,22,臺中市,豐原區,0,1,0,8,3,5,30,14,8,1,5,4,5,7,4,4,8,3,4,1,17,23,2,9,1,1,C03,7,9,1,10,2,11,,23,23,1,22,5,C03,120.709915,24.244368,2
2022,6,27,21,45,臺中市,北屯區,0,0,0,8,,,50,,,,,,,,,,,,,,,44,,,,,B03,,,1,,2,,,44,44,1,4,,B03,120.71743,24.175521,3
2022,6,27,21,55,臺中市,西屯區,0,0,0,8,,,50,,,,,,,,,,,,,,,23,,,,,B03,,,1,,1,,,23,23,1,22,,B03,120.645026,24.180848,3
2022,6,27,22,15,臺中市,大甲區,0,2,0,8,3,5,50,4,1,1,5,4,5,7,4,4,10,5,5,2,15,6,2,9,1,1,C03,7,9,3,18,2,11,,6,6,1,9,8,C03,120.619802,24.346472,2
2022,6,27,22,17,臺中市,南屯區,0,3,0,8,3,5,40,4,1,1,5,4,5,7,2,1,10,5,5,2,12,7,2,7,1,4,C03,7,8,2,18,2,12,11,7,7,1,16,8,C03,120.649764,24.153579,2
2022,6,27,22,21,臺中市,西屯區,0,4,0,8,3,5,50,11,9,1,5,4,5,7,4,4,1,4,5,2,12,42,2,9,1,1,C03,7,5,1,10,2,12,,42,42,1,22,8,C03,120.646951,24.158675,2
2022,6,27,23,4,臺中市,北屯區,0,2,0,8,3,8,30,14,9,1,5,4,5,7,4,4,5,5,5,1,29,42,2,1,1,1,B03,7,5,3,18,2,8,,42,42,1,21,8,B03,120.701348,24.18557,2
2022,6,27,23,36,臺中市,梧棲區,0,1,0,8,3,5,60,14,7,1,5,4,5,7,4,4,1,4,1,1,9,23,3,10,1,1,B03,7,9,1,8,2,1,,23,23,1,9,8,B03,120.537699,24.253789,2
2022,6,28,4,52,臺中市,霧峰區,0,0,0,8,,,50,,,,,,,,,,,,,,,42,,,,,C03,,,1,,2,,,42,42,1,21,,C03,120.697647,24.063365,3
2022,6,28,5,0,臺中市,大里區,0,0,0,8,,,50,,,,,,,,,,,,,,,8,,,,,B11,,,1,,2,,,8,8,1,5,,B11,120.689636,24.115018,3
2022,6,28,5,31,臺中市,北屯區,0,1,0,8,1,5,50,4,1,1,5,4,5,7,1,1,10,5,5,2,16,25,3,10,1,1,B03,7,6,1,8,2,2,,25,25,1,21,8,B03,120.686755,24.201278,2
2022,6,28,6,9,臺中市,豐原區,0,1,0,8,1,5,30,4,2,1,5,4,5,7,3,1,8,3,4,1,12,17,3,10,1,1,C03,7,9,1,10,2,12,,17,17,1,5,5,C03,120.726682,24.245456,2
2022,6,28,6,49,臺中市,北屯區,0,0,0,8,,,40,,,,,,,,,,,,,,,43,,,,,,,,,,,,,43,43,1,,,,120.69984,24.186737,3
2022,6,28,6,49,臺中市,烏日區,0,1,0,8,1,5,30,3,2,1,5,4,5,7,4,4,10,5,5,2,8,23,3,10,1,1,B03,7,5,1,8,2,5,,23,23,1,22,8,B03,120.59243,24.110229,2
2022,6,28,6,53,臺中市,北屯區,0,1,0,8,1,5,50,14,7,1,5,4,5,7,4,4,5,5,4,2,9,60,2,9,4,5,H01,8,20,8,20,2,16,,60,60,1,21,8,H01,120.67071,24.178653,2
2022,6,28,7,0,臺中市,北屯區,0,0,0,8,,,40,,,,,,,,,,,,,,,40,,,,,B03,,,1,,1,,,40,40,1,5,,B03,120.675327,24.181941,3
2022,6,28,7,10,臺中市,龍井區,0,1,0,8,1,5,50,4,1,1,5,4,5,7,2,1,10,5,5,2,17,23,2,9,3,4,C03,7,9,1,10,2,14,,23,23,1,22,9,C03,120.583256,24.187029,2
2022,6,28,7,13,臺中市,后里區,0,0,0,8,,,50,,,,,,,,,,,,,,,6,,,,,B03,,,1,,2,,,6,6,1,22,,B03,120.711096,24.310714,3
2022,6,28,7,16,臺中市,太平區,0,0,0,8,,,50,,,,,,,,,,,,,,,16,,,,,B03,,,1,,2,,,16,16,1,21,,B03,120.705068,24.148288,3
2022,6,28,7,16,臺中市,龍井區,0,1,0,8,1,5,50,3,2,1,5,4,5,7,4,4,5,5,5,2,17,9,2,9,3,4,C03,7,9,1,10,2,11,,44,9,1,22,9,C03,120.586055,24.187075,2
2022,6,28,7,23,臺中市,霧峰區,0,0,0,8,,,40,,,,,,,,,,,,,,,23,,,,,B03,,,1,,2,,,23,23,1,3,,B03,120.679223,24.071804,3
2022,6,28,7,28,臺中市,大甲區,0,1,0,8,1,5,30,14,9,1,5,4,5,7,4,4,10,5,5,2,12,23,3,10,1,1,C03,7,9,1,10,2,14,,23,23,1,22,8,C03,120.632581,24.358218,2
2022,6,28,7,31,臺中市,北屯區,0,2,0,8,1,5,50,3,1,1,5,4,5,7,4,4,10,5,5,2,16,6,2,9,1,1,C03,7,5,1,10,2,12,,6,6,1,21,8,C03,120.710705,24.173981,2
2022,6,28,7,35,臺中市,大甲區,0,1,0,8,1,5,50,11,9,1,5,4,5,7,4,4,5,5,5,1,16,43,2,1,1,4,C03,7,9,1,10,8,14,11,43,43,1,5,9,C03,120.65539,24.388696,2
2022,6,28,7,37,臺中市,太平區,0,2,0,8,1,5,50,3,2,1,5,4,5,7,4,4,5,4,4,1,16,7,2,9,1,1,F03,7,7,8,20,2,16,,7,7,1,21,8,F03,120.732787,24.116879,2
2022,6,28,7,37,臺中市,太平區,0,1,0,8,1,5,50,4,1,1,5,4,5,7,1,1,10,5,5,2,16,6,3,10,1,1,B03,7,6,1,8,2,2,,6,6,1,21,8,B03,120.700547,24.147973,2
2022,6,28,7,40,臺中市,烏日區,0,0,0,8,,,30,,,,,,,,,,,,,,,42,,,,,A21,,,1,,2,,,42,42,1,21,,A21,120.631272,24.09958,3
2022,6,28,7,41,臺中市,霧峰區,0,0,0,8,,,60,,,,,,,,,,,,,,,17,,,,,B03,,,1,,2,,,17,17,1,22,,B03,120.690925,24.052167,3
2022,6,28,7,46,臺中市,南區,0,1,0,8,1,5,50,3,1,1,5,4,5,7,4,4,10,5,5,2,16,6,3,10,3,4,B03,7,5,1,8,2,1,,6,6,1,5,8,B03,120.659558,24.116768,2
2022,6,28,7,49,臺中市,神岡區,0,2,0,8,1,5,50,3,1,1,5,4,5,7,1,1,10,5,5,2,12,42,2,9,1,1,C03,7,9,1,10,2,12,,23,42,1,22,9,C03,120.687106,24.241175,2
2022,6,28,7,50,臺中市,北屯區,0,0,0,8,,,50,,,,,,,,,,,,,,,12,,,,,B03,,,1,,1,,,12,12,1,5,,B03,120.727324,24.17687,3
2022,6,28,7,55,臺中市,豐原區,0,1,0,8,1,5,40,3,7,1,5,4,5,7,3,1,5,5,4,2,16,10,3,10,1,1,B03,7,11,1,8,2,4,,10,10,1,21,8,B03,120.704944,24.240499,2
2022,6,28,7,58,臺中市,北區,0,1,0,8,1,5,50,4,1,1,5,4,5,7,4,4,5,5,5,2,15,6,3,10,1,1,B03,7,9,1,8,2,5,,6,6,1,21,8,B03,120.688846,24.160312,2
2022,6,28,7,58,臺中市,南屯區,0,0,0,8,,,50,,,,,,,,,,,,,,,26,,,,,B03,,,1,,1,,,26,26,1,22,,B03,120.613846,24.139193,3
2022,6,28,8,0,臺中市,豐原區,0,1,0,8,1,5,50,3,2,1,5,4,5,7,4,4,5,5,4,2,17,19,3,10,3,4,B03,7,1,1,8,2,8,,19,19,1,22,8,B03,120.725547,24.254011,2
2022,6,28,8,7,臺中市,神岡區,0,0,0,8,,,50,,,,,,,,,,,,,,,16,,,,,B03,,,1,,2,,,16,16,1,22,,B03,120.698522,24.251112,3
2022,6,28,8,8,臺中市,北屯區,0,0,0,8,,,50,,,,,,,,,,,,,,,16,,,,,C03,,,1,,2,,,16,16,1,21,,C03,120.667746,24.200901,3
2022,6,28,8,10,臺中市,大雅區,0,1,0,8,1,5,50,3,1,1,5,4,5,7,1,1,10,5,5,2,17,23,2,9,1,1,C03,7,9,1,10,2,15,,23,23,1,22,9,C03,120.650933,24.216451,2
2022,6,28,8,10,臺中市,西區,0,0,0,8,,,50,,,,,,,,,,,,,,,23,,,,,C03,,,1,,1,,,23,23,1,21,,C03,120.675975,24.141326,3
2022,6,28,8,15,臺中市,潭子區,0,1,0,8,1,5,50,4,1,1,5,4,5,7,1,1,1,4,4,1,17,6,3,10,1,1,B03,7,5,1,8,2,6,,6,6,1,22,8,B03,120.691208,24.215976,2
2022,6,28,8,28,臺中市,西區,0,1,0,8,1,5,40,4,1,1,5,4,5,7,2,1,10,5,5,2,16,23,2,9,1,1,C03,7,6,1,10,2,14,,23,23,1,5,5,C03,120.665884,24.135274,2
2022,6,28,8,28,臺中市,大里區,0,0,0,8,,,30,,,,,,,,,,,,,,,6,,,,,C03,,,1,,2,,,6,,1,22,,C03,120.698697,24.10981,3
2022,6,28,8,30,臺中市,南屯區,0,0,0,8,,,50,,,,,,,,,,,,,,,23,,,,,B12,,,2,,1,,,23,23,1,22,,B12,120.623016,24.148115,3
2022,6,28,8,31,臺中市,北區,0,2,0,8,1,5,50,3,2,1,5,4,5,7,1,1,1,4,5,2,13,23,2,7,1,1,C03,7,9,1,10,2,11,,23,23,1,21,8,C03,120.680976,24.163174,2
2022,6,28,8,34,臺中市,西屯區,0,2,0,8,1,5,50,14,9,1,5,4,5,7,4,4,1,3,5,2,18,48,2,9,1,1,C03,7,9,1,10,9,12,,48,48,1,22,8,C03,120.659533,24.171414,2
2022,6,28,8,35,臺中市,太平區,0,2,0,8,1,5,30,14,9,1,5,4,5,7,4,4,10,5,5,1,11,5,3,10,1,1,B12,7,9,1,8,2,4,,5,5,1,10,8,B12,120.728864,24.140931,2
2022,6,28,8,45,臺中市,北屯區,0,0,0,8,,,80,,,,,,,,,,,,,,,16,,,,,B03,,,1,,1,,,16,16,1,5,,B03,120.68847,24.201012,3
2022,6,28,8,46,臺中市,霧峰區,0,0,0,8,1,5,40,4,1,1,5,4,5,7,1,1,10,5,5,2,16,25,,,,,C03,,,1,,2,,,25,25,1,3,,C03,120.709285,24.080698,3
2022,6,28,8,53,臺中市,潭子區,0,1,0,8,1,5,60,14,9,1,5,4,5,7,4,4,10,4,5,1,12,7,2,2,1,1,B03,7,7,1,8,2,4,,7,7,1,22,9,B03,120.702442,24.194483,2
2022,6,28,8,55,臺中市,大雅區,0,1,0,8,1,5,30,11,9,1,5,4,5,7,4,4,10,5,5,2,13,23,2,8,1,1,C03,7,9,1,10,2,11,,23,23,1,22,9,C03,120.621504,24.210763,2
2022,6,28,8,57,臺中市,南屯區,0,1,0,8,1,5,40,4,1,1,5,4,5,7,1,1,5,4,4,2,17,16,2,9,1,1,C03,7,9,1,10,2,11,,16,16,1,22,8,C03,120.615281,24.147923,2
2022,6,28,8,58,臺中市,沙鹿區,0,0,0,8,,,40,,,,,,,,,,,,,,,42,,,,,B03,,,1,,11,,,42,42,2,22,,B03,120.559444,24.235833,3
2022,6,28,9,0,臺中市,中區,0,1,0,8,1,5,50,14,9,1,5,4,5,7,4,4,5,4,5,2,13,23,2,8,1,1,C03,7,9,1,10,2,11,,23,23,1,22,9,C03,120.681885,24.140809,2
2022,6,28,9,0,臺中市,清水區,0,0,0,8,,,50,,,,,,,,,,,,,,,18,,,,,B03,,,1,,2,,,18,18,1,22,,B03,120.569405,24.27845,3
2022,6,28,9,1,臺中市,西區,0,0,0,8,,,50,,,,,,,,,,,,,,,12,,,,,B12,,,1,,1,,,12,12,1,5,,B12,120.660184,24.155275,3
2022,6,28,9,18,臺中市,大里區,0,1,0,8,1,5,50,14,11,1,5,4,5,7,4,4,9,2,5,1,16,26,3,10,1,1,B03,7,8,1,8,2,5,,26,26,1,22,9,B03,120.690142,24.09289,2
2022,6,28,9,23,臺中市,南屯區,0,0,0,,,,50,,,,,,,,,,,,,,,12,,,,,A12,,,1,,9,,,12,12,1,22,,A12,120.665566,24.138341,3
2022,6,28,9,30,臺中市,豐原區,0,0,0,8,,,30,,,,,,,,,,,,,,,17,,,,,B12,,,1,,2,,,17,17,1,22,,B12,120.704375,24.2333,3
2022,6,28,9,45,臺中市,豐原區,0,1,0,8,1,5,50,4,2,1,5,4,5,7,3,1,10,5,5,2,13,23,3,10,1,1,C03,7,6,1,10,2,11,,23,23,1,21,8,C03,120.730488,24.248799,2
2022,6,28,9,49,臺中市,大里區,1,0,0,8,1,5,50,4,1,1,5,4,5,7,1,1,10,5,5,2,11,6,3,10,1,1,A12,7,5,1,3,2,6,,6,6,1,9,8,A12,120.674383,24.114919,1
2022,6,28,9,49,臺中市,清水區,0,0,0,8,1,5,70,14,7,1,5,4,5,7,1,1,1,4,3,1,12,7,3,10,1,1,A41,7,8,1,1,1,5,,7,7,1,4,1,A41,120.540499,24.289562,3
2022,6,28,9,52,臺中市,西區,0,1,0,8,1,5,50,5,1,1,5,4,5,7,2,1,10,5,5,2,16,8,2,9,1,1,C03,7,5,1,10,2,14,,8,8,1,5,5,C03,120.670492,24.153412,2
2022,6,28,9,55,臺中市,南屯區,0,1,0,8,1,5,50,14,9,1,5,4,5,7,4,4,5,5,5,2,17,26,3,10,1,1,B03,7,9,1,8,2,4,,26,26,1,22,8,B03,120.613209,24.14417,2
2022,6,28,9,57,臺中市,西屯區,0,1,0,8,1,5,50,3,1,1,5,4,5,7,4,4,5,4,5,2,13,23,2,9,1,1,C03,7,9,1,10,1,11,,23,23,1,22,8,C03,120.643833,24.16998,2
2022,6,28,10,2,臺中市,西屯區,0,3,0,8,1,5,50,3,1,1,5,4,5,7,4,4,10,5,5,2,11,6,2,9,1,1,C03,7,5,1,10,2,11,,6,6,1,22,8,C03,120.64825,24.156589,2
2022,6,28,10,7,臺中市,南屯區,0,0,0,,,,50,,,,,,,,,,,,,,,6,,,,,B03,,,1,,2,,,6,6,1,22,,B03,120.639869,24.148775,3
2022,6,28,10,8,臺中市,南屯區,0,1,0,8,1,5,50,4,1,1,5,4,1,7,1,1,10,5,5,2,18,23,2,9,1,4,C03,7,9,1,10,2,12,,23,23,1,22,8,C03,120.646695,24.129651,2
2022,6,28,10,9,臺中市,北區,0,0,0,,,,50,,,,,,,,,,,,,,,23,,,,,B03,,,1,,2,,,23,23,1,21,,B03,120.68488,24.161012,3
2022,6,28,10,10,臺中市,東區,0,4,0,8,1,5,50,4,1,1,5,4,5,7,1,1,5,5,5,2,12,8,2,9,1,1,C03,7,5,1,10,2,14,,8,8,1,22,8,C03,120.689069,24.134083,2
2022,6,28,10,11,臺中市,南屯區,0,0,0,8,,,40,,,,,,,,,,,,,,,12,,,,,B03,,,1,,1,,,12,12,1,22,,B03,120.626434,24.115356,3
2022,6,28,10,15,臺中市,烏日區,0,0,0,8,,,60,,,,,,,,,,,,,,,9,,,,,A11,,,1,,2,,,9,9,1,10,,A11,120.646406,24.06488,3
2022,6,28,10,18,臺中市,北屯區,0,0,0,8,,,50,,,,,,,,,,,,,,,7,,,,,A12,,,1,,1,,,7,7,1,21,,A12,120.69922,24.176491,3
2022,6,28,10,19,臺中市,太平區,0,0,0,8,,,50,,,,,,,,,,,,,,,12,,,,,B12,,,1,,9,6,,12,12,1,22,,B12,120.721537,24.155863,3
2022,6,28,10,25,臺中市,南屯區,0,2,0,8,1,5,50,3,1,1,5,4,5,7,1,1,5,5,5,2,17,23,2,9,1,1,C03,7,14,1,10,2,14,,38,23,1,22,8,C03,120.613194,24.143951,2
2022,6,28,10,29,臺中市,神岡區,0,1,0,8,1,5,50,3,1,1,5,4,5,7,4,4,10,5,5,2,17,6,3,10,3,4,B03,7,5,6,7,2,8,,6,6,1,22,9,B03,120.680573,24.240838,2
2022,6,28,10,35,臺中市,西區,0,0,0,,,,50,,,,,,,,,,,,,,,10,,,,,B03,,,1,,1,,,10,,1,21,,B03,120.665622,24.132149,3
2022,6,28,10,44,臺中市,大肚區,0,1,0,8,1,5,50,14,9,1,5,4,5,7,4,4,5,4,5,1,16,19,2,7,1,1,C03,7,1,1,10,2,11,,19,19,1,2,8,C03,120.545232,24.151851,2
2022,6,28,10,48,臺中市,太平區,0,0,0,8,,,50,,,,,,,,,,,,,,,23,,,,,B03,,,1,,2,,,23,23,1,21,,B03,120.727667,24.115013,3
2022,6,28,10,57,臺中市,西屯區,0,1,0,8,1,5,50,4,1,1,5,4,5,7,1,1,1,3,5,2,16,43,3,10,1,1,C03,7,9,1,10,2,12,,43,43,1,22,8,C03,120.646482,24.15786,2
2022,6,28,11,0,臺中市,清水區,0,0,0,8,,,50,,,,,,,,,,,,,,,23,,,,,B03,,,1,,2,,,23,23,1,21,,B03,120.572572,24.261972,3
2022,6,28,11,7,臺中市,潭子區,0,0,0,8,,,50,,,,,,,,,,,,,,,10,,,,,B12,,,1,,2,,,10,10,1,22,,B12,120.681615,24.209883,3
2022,6,28,11,10,臺中市,烏日區,0,1,0,8,1,5,30,14,9,1,5,4,5,7,4,4,10,5,5,2,18,42,2,9,1,1,F01,7,9,8,20,2,16,,42,42,1,21,8,F01,120.649644,24.070355,2
2022,6,28,11,13,臺中市,東區,0,2,0,8,1,5,50,14,9,1,5,4,5,7,4,4,5,4,5,2,13,23,2,9,3,4,C03,7,9,1,10,2,11,,23,23,1,5,8,C03,120.684055,24.132473,2
2022,6,28,11,16,臺中市,南屯區,0,1,0,8,1,5,50,14,9,1,5,4,5,7,4,4,5,4,5,2,12,26,2,9,1,1,C03,7,11,1,10,2,14,,26,26,1,22,8,C03,120.634683,24.155564,2
2022,6,28,11,20,臺中市,南區,0,2,0,8,1,5,50,4,1,1,5,4,5,7,1,1,10,5,5,2,16,25,2,9,1,1,C03,7,9,1,10,2,12,,25,25,1,22,8,C03,120.670073,24.124488,2
2022,6,28,11,22,臺中市,大里區,0,3,0,8,1,5,50,5,1,1,5,4,5,7,1,1,5,4,4,1,12,23,2,9,1,1,C03,7,6,1,10,2,11,,23,23,1,22,8,C03,120.690032,24.112954,2
2022,6,28,11,25,臺中市,豐原區,0,0,0,8,,,60,,,,,,,,,,,,,,,26,,,,,B03,,,1,,2,,,26,26,1,21,,B03,120.722736,24.236506,3
2022,6,28,11,26,臺中市,東區,0,1,0,8,1,5,40,14,9,1,5,4,5,7,4,4,9,5,5,2,16,10,2,9,1,1,C04,7,11,1,10,2,11,,10,10,1,22,8,C04,120.692433,24.140548,2
2022,6,28,11,28,臺中市,太平區,0,1,0,8,1,5,50,3,1,1,5,4,5,7,4,4,10,5,5,2,16,6,3,10,1,1,C03,7,5,1,10,2,11,,6,6,1,22,8,C03,120.721306,24.12189,2
2022,6,28,11,37,臺中市,潭子區,0,1,0,8,1,5,40,14,7,1,5,4,5,7,4,4,5,4,4,2,12,7,2,8,1,1,C03,7,7,1,10,2,14,,7,7,1,22,8,C03,120.70667,24.206831,2
2022,6,28,11,41,臺中市,太平區,0,2,0,8,1,5,30,3,1,1,5,4,5,7,3,1,10,5,5,2,17,19,3,10,1,1,B12,7,1,1,8,2,8,,19,19,1,22,8,B12,120.735855,24.133363,2