年,月,日,時,分,縣市,區,死,受傷,2-30,天候,光線,道路類別,速限,道路型態,事故位置,路面鋪裝,路面狀態,路面缺陷,障礙物,視距,號誌種類,號誌動作,分向設施,快車道或一般車道間,快慢車道間,路面邊線,事故類型及型態,主要肇因,受傷程度,主要傷處,保護裝備,行動電話,當事者區分,車輛用途,當事者行動狀態,駕駛資格情形,駕駛執照種類,飲酒情形,車輛撞擊部位最初,車輛撞擊部位其他,肇事因素個別,肇事因素主要,肇事逃逸,職業,旅次目的,車種,GPS緯度,GPS經度,事故類別
2022,6,28,11,43,臺中市,霧峰區,0,1,0,8,1,5,30,14,9,1,5,4,5,7,4,4,10,5,5,2,16,23,3,10,3,4,B03,7,5,1,8,2,8,,23,23,1,3,8,B03,120.663591,24.062247,2
2022,6,28,11,44,臺中市,大雅區,0,1,0,8,1,5,30,3,1,1,5,4,5,7,4,4,10,5,5,1,16,6,3,10,1,1,B03,7,5,1,8,2,8,,6,6,1,22,9,B03,120.645577,24.20831,2
2022,6,28,11,51,臺中市,潭子區,0,0,0,8,,,50,,,,,,,,,,,,,,,17,,,,,A12,,,1,,2,,,17,17,1,22,,A12,120.703651,24.207219,3
2022,6,28,12,0,臺中市,東區,0,0,0,8,,,50,,,,,,,,,,,,,,,23,,,,,B03,,,1,8,11,,,44,23,1,5,,B03,120.692178,24.12594,3
2022,6,28,12,2,臺中市,南屯區,0,1,0,8,1,5,50,4,1,1,5,4,5,7,1,1,10,5,5,2,16,8,2,9,1,4,C03,7,5,1,10,2,13,,8,8,1,22,8,C03,120.633921,24.148,2
2022,6,28,12,6,臺中市,北屯區,0,0,0,8,,,50,,,,,,,,,,,,,,,23,,,,,B03,,,1,,1,,,23,23,1,21,,B03,120.699655,24.175628,3
2022,6,28,12,15,臺中市,神岡區,0,2,0,8,1,5,50,14,7,1,5,4,5,7,1,1,5,5,4,2,17,6,2,9,1,1,C04,7,5,1,10,2,13,,6,6,1,21,8,C04,120.65844,24.25885,2
2022,6,28,12,17,臺中市,北屯區,0,3,0,8,1,5,50,4,1,1,5,4,5,7,2,1,10,5,5,2,16,26,2,9,1,1,C03,7,5,3,18,2,14,,26,26,1,22,8,C03,120.690988,24.163031,2
2022,6,28,12,19,臺中市,太平區,0,0,0,8,,,50,,,,,,,,,,,,,,,12,,,,,A11,,,1,,2,,,12,12,1,10,,A11,120.748975,24.126776,3
2022,6,28,12,20,臺中市,南屯區,0,0,0,8,,,50,,,,,,,,,,,,,,,12,,,,,B03,,,1,,1,,,12,12,1,22,,B03,120.629399,24.151281,3
2022,6,28,12,26,臺中市,大肚區,0,1,0,8,1,5,50,3,2,1,5,4,5,7,4,4,5,5,5,1,17,4,3,10,3,4,F03,7,9,8,20,2,16,,4,4,1,22,9,F03,120.579843,24.170929,2
2022,6,28,12,29,臺中市,烏日區,0,0,0,8,,,60,,,,,,,,,,,,,,,23,,,,,B12,,,1,,2,,,23,,1,21,,B12,120.643003,24.07457,3
2022,6,28,12,33,臺中市,太平區,0,1,0,8,1,5,50,4,1,1,5,4,5,7,4,4,10,5,5,2,15,6,3,10,1,1,B03,7,9,1,8,2,5,,6,6,1,22,8,B03,120.718172,24.150596,2
2022,6,28,12,38,臺中市,北區,0,1,0,8,1,5,50,15,9,1,5,4,5,7,4,4,1,4,5,2,13,23,3,10,1,1,B02,7,8,3,18,2,8,,23,23,1,22,8,B02,120.677206,24.15221,2
2022,6,28,12,39,臺中市,豐原區,0,0,0,8,,,50,,,,,,,,,,,,,,,18,,,,,B12,,,1,,2,,,18,18,1,22,,B12,120.710755,24.250558,3
2022,6,28,12,50,臺中市,大甲區,0,1,0,8,1,5,50,11,9,1,5,4,5,7,4,4,5,4,5,1,10,23,2,9,1,1,C03,7,9,1,10,2,11,,23,23,1,16,8,C03,120.6291,24.346301,2
2022,6,28,13,0,臺中市,大安區,0,1,0,8,1,5,50,14,9,1,5,4,5,7,4,4,5,4,5,1,14,12,3,10,1,1,B03,7,2,1,8,2,6,,12,12,1,21,1,B03,120.588881,24.372638,2
2022,6,28,13,1,臺中市,西屯區,0,0,0,8,,,50,,,,,,,,,,,,,,,23,,,,,B03,,,1,,1,,,23,23,1,12,,B03,120.655883,24.19673,3
2022,6,28,13,1,臺中市,梧棲區,0,2,0,8,1,5,30,4,1,1,5,4,5,7,4,4,10,5,5,2,15,6,2,9,1,1,C03,7,9,1,10,2,12,,6,6,1,20,8,C03,120.557866,24.241826,2
2022,6,28,13,25,臺中市,東區,0,1,0,8,1,5,50,4,1,1,5,4,5,7,2,1,10,5,5,2,17,23,2,8,3,4,C03,7,9,1,10,2,14,,23,23,1,5,8,C03,120.692133,24.125906,2
2022,6,28,13,25,臺中市,清水區,0,0,0,,,,50,,,,,,,,,,,,,,,23,,,,,B03,,,1,,2,,,23,23,1,5,,B03,120.578531,24.271237,3
2022,6,28,13,26,臺中市,潭子區,0,0,0,8,,,50,,,,,,,,,,,,,,,16,,,,,B12,,,1,,2,,,16,16,1,22,,B12,120.691171,24.215865,3
2022,6,28,13,28,臺中市,霧峰區,0,0,0,8,,,30,,,,,,,,,,,,,,,6,,,,,B03,,,1,,2,,,6,6,1,3,,B03,120.697394,24.075023,3
2022,6,28,13,28,臺中市,豐原區,0,0,0,8,,,50,,,,,,,,,,,,,,,23,,,,,B02,,,1,,2,,,23,23,1,21,,B02,120.707616,24.250247,3
2022,6,28,13,30,臺中市,東區,0,0,0,8,,,40,,,,,,,,,,,,,,,42,,,,,B03,,,1,,1,,,42,42,1,22,,B03,120.690802,24.131751,3
2022,6,28,13,35,臺中市,西屯區,0,1,0,8,1,5,40,14,8,1,5,4,5,7,4,4,5,5,4,2,13,23,2,9,1,1,C03,7,9,1,10,1,11,,23,23,1,4,8,C03,120.661256,24.164946,2
2022,6,28,13,35,臺中市,烏日區,0,0,0,8,,,50,,,,,,,,,,,,,,,12,,,,,B12,,,1,,2,,,12,12,1,21,,B12,120.622232,24.106738,3
2022,6,28,13,42,臺中市,烏日區,0,1,0,8,1,5,50,14,9,1,5,4,5,7,4,4,9,5,5,2,17,8,3,10,1,1,B03,7,9,1,8,2,1,,23,8,1,21,8,B03,120.596252,24.109982,2
2022,6,28,13,47,臺中市,太平區,0,0,0,8,,,50,,,,,,,,,,,,,,,23,,,,,B01,,,1,,2,1,,23,23,1,22,,B01,120.71096,24.151337,3
2022,6,28,13,57,臺中市,南區,0,1,0,8,1,5,40,3,1,1,5,4,5,7,4,4,10,5,5,2,16,19,3,10,1,1,B12,7,1,1,8,2,4,,19,19,1,22,8,B12,120.677235,24.129884,2
2022,6,28,14,5,臺中市,烏日區,0,0,0,8,,,50,,,,,,,,,,,,,,,23,,,,,C03,,,1,,2,,,23,23,1,21,,C03,120.643738,24.08218,3
2022,6,28,14,13,臺中市,南屯區,0,0,0,,,,50,,,,,,,,,,,,,,,42,,,,,C03,,,1,,1,,,42,42,1,22,,C03,120.66545,24.138369,3
2022,6,28,14,14,臺中市,霧峰區,0,0,0,8,,,40,,,,,,,,,,,,,,,23,,,,,B03,,,1,,2,,,23,23,1,3,,B03,120.696967,24.065097,3
2022,6,28,14,15,臺中市,大甲區,0,0,0,,,,50,,,,,,,,,,,,,,,42,,,,,A12,,,1,,1,,,42,42,1,10,,A12,120.655622,24.393292,3
2022,6,28,14,18,臺中市,大里區,0,0,0,8,,,50,,,,,,,,,,,,,,,16,,,,,B03,,,1,,2,,,16,,1,22,,B03,120.673967,24.097458,3
2022,6,28,14,19,臺中市,西屯區,0,0,0,8,,,50,,,,,,,,,,,,,,,43,,,,,B03,,,1,,1,,,43,43,1,22,,B03,120.643026,24.182938,3
2022,6,28,14,21,臺中市,北屯區,0,0,0,8,,,50,,,,,,,,,,,,,,,7,,,,,A02,,,1,,2,,,23,7,1,10,,A02,120.670974,24.175008,3
2022,6,28,14,22,臺中市,北屯區,0,0,0,8,,,50,,,,,,,,,,,,,,,23,,,,,B03,,,1,,2,,,23,23,1,21,,B03,120.69736,24.169885,3
2022,6,28,14,27,臺中市,南屯區,0,1,0,8,1,5,50,4,1,1,5,4,5,7,1,1,5,5,4,2,16,6,3,10,1,1,B12,7,6,1,8,2,2,,6,6,1,21,8,B12,120.634378,24.130027,2
2022,6,28,14,28,臺中市,潭子區,0,1,0,8,1,5,50,5,2,1,5,4,5,7,1,1,3,4,4,1,16,6,3,10,1,1,B03,7,6,1,8,2,2,,6,6,1,22,8,B03,120.6863,24.216039,2
2022,6,28,14,28,臺中市,北屯區,0,2,0,8,1,5,50,14,7,1,5,4,5,7,4,4,5,5,4,2,13,16,2,9,1,1,C03,7,9,3,18,2,11,,16,16,1,22,8,C03,120.6696,24.17741,2
2022,6,28,14,40,臺中市,北屯區,0,2,0,8,1,5,50,4,1,1,5,4,5,7,4,4,10,5,5,2,15,6,2,9,1,1,C03,7,9,1,10,2,11,,6,6,1,22,8,C03,120.682231,24.170305,2
2022,6,28,14,45,臺中市,大雅區,0,1,0,8,1,5,50,4,1,1,5,4,5,7,4,4,10,5,5,2,16,6,3,10,1,1,B03,7,5,1,8,3,2,,6,6,1,22,9,B03,120.644851,24.221399,2
2022,6,28,14,50,臺中市,潭子區,0,0,0,8,,,50,,,,,,,,,,,,,,,7,,,,,B03,,,1,,2,,,7,7,1,22,,B03,120.702544,24.200923,3
2022,6,28,15,0,臺中市,西屯區,0,0,0,8,,,40,,,,,,,,,,,,,,,23,,,,,B03,,,1,,11,,,23,23,1,22,,B03,120.657993,24.200922,3
2022,6,28,15,8,臺中市,北屯區,0,0,0,8,,,50,,,,,,,,,,,,,,,12,,,,,B03,,,1,,1,,,12,12,1,22,,B03,120.697571,24.182944,3
2022,6,28,15,10,臺中市,南區,0,0,0,8,,,50,,,,,,,,,,,,,,,23,,,,,B03,,,1,,2,,,23,,1,22,,B03,120.663892,24.124887,3
2022,6,28,15,11,臺中市,南屯區,0,0,0,8,,,40,,,,,,,,,,,,,,,42,,,,,B03,,,1,,1,,,42,42,1,22,,B03,120.621613,24.150888,3
2022,6,28,15,15,臺中市,清水區,0,2,0,8,1,5,30,4,1,1,5,4,5,6,4,4,10,5,5,2,15,6,2,9,1,1,C03,7,9,2,18,2,14,,6,6,1,22,8,C03,120.616038,24.294508,2
2022,6,28,15,32,臺中市,南屯區,0,1,0,8,1,5,50,4,1,1,5,4,5,7,1,1,5,5,4,2,16,9,3,10,1,1,B03,7,6,1,8,2,6,,9,9,1,5,8,B03,120.65458,24.14012,2
2022,6,28,15,33,臺中市,西區,0,0,0,8,,,50,,,,,,,,,,,,,,,8,,,,,C03,,,1,,11,,,8,43,2,20,,C03,120.663884,24.157614,3
2022,6,28,15,41,臺中市,南屯區,0,0,0,8,,,30,,,,,,,,,,,,,,,23,,,,,B03,,,1,,1,,,23,23,1,22,,B03,120.636566,24.136811,3
2022,6,28,15,56,臺中市,霧峰區,0,0,0,8,,,30,,,,,,,,,,,,,,,18,,,,,B03,,,1,,1,,,18,18,1,4,,B03,120.699666,24.066812,3
2022,6,28,15,58,臺中市,西屯區,0,0,0,8,,,50,,,,,,,,,,,,,,,12,,,,,C03,,,1,,1,,,12,12,1,22,,C03,120.637562,24.170535,3
2022,6,28,16,0,臺中市,北屯區,0,0,0,8,,,50,,,,,,,,,,,,,,,23,,,,,B03,,,1,,2,,,23,23,1,4,,B03,120.675229,24.177207,3
2022,6,28,16,0,臺中市,烏日區,0,0,0,8,,,70,,,,,,,,,,,,,,,19,,,,,B03,,,1,,2,,,44,19,1,21,,B03,120.59435,24.112775,3
2022,6,28,16,8,臺中市,西屯區,0,1,0,8,1,5,30,4,1,1,5,4,5,7,4,4,10,5,5,2,15,6,2,9,1,1,C03,7,9,1,10,2,12,,6,6,1,22,8,C03,120.653089,24.173356,2
2022,6,28,16,10,臺中市,清水區,0,2,0,8,1,5,30,3,1,1,5,4,5,7,4,4,10,5,5,2,15,6,2,8,1,1,C03,7,9,1,10,2,14,,6,6,1,5,5,C03,120.569345,24.267421,2
2022,6,28,16,10,臺中市,清水區,0,0,0,8,,,50,,,,,,,,,,,,,,,23,,,,,B12,,,1,,2,,,23,23,1,22,,B12,120.616336,24.294278,3
2022,6,28,16,14,臺中市,南區,0,1,0,8,1,5,50,4,1,1,5,4,5,7,2,1,10,5,5,2,16,6,3,10,3,4,B12,7,5,1,10,2,2,,6,6,1,5,8,B12,120.692483,24.139248,2
2022,6,28,16,16,臺中市,北區,0,2,0,8,1,5,50,14,9,1,5,4,5,7,4,4,5,2,5,2,17,40,2,8,3,1,B03,7,15,1,8,2,4,,40,40,1,22,8,B03,120.674397,24.147062,2
2022,6,28,16,25,臺中市,西區,0,0,0,8,,,50,,,,,,,,,,,,,,,16,,,,,B03,,,1,,1,,,16,16,1,5,,B03,120.678394,24.136479,4
2022,6,28,16,26,臺中市,南屯區,0,1,0,8,1,5,50,4,1,1,5,4,5,7,1,1,10,5,5,2,16,6,2,8,1,1,C03,7,5,1,10,2,14,,6,6,1,19,8,C03,120.64782,24.148843,2
2022,6,28,16,27,臺中市,霧峰區,0,1,0,8,1,5,50,4,1,1,5,4,5,7,1,1,9,5,5,1,20,9,2,1,4,1,G02,7,6,7,19,6,1,,9,9,1,22,9,G02,120.703368,24.070761,2
2022,6,28,16,29,臺中市,烏日區,0,2,0,8,1,5,60,4,1,1,5,4,5,7,1,1,10,5,5,2,15,25,2,9,1,1,C03,7,1,1,10,2,14,,25,25,1,21,8,C03,120.646992,24.110467,2
2022,6,28,16,39,臺中市,北屯區,0,0,0,8,,,50,,,,,,,,,,,,,,,23,,,,,B03,,,1,,2,,,23,23,1,22,,B03,120.695107,24.183695,3
2022,6,28,16,50,臺中市,龍井區,0,1,0,8,1,5,40,4,1,1,5,4,5,7,3,1,10,5,5,2,16,9,3,10,1,1,B12,7,6,1,8,2,6,,9,9,1,12,8,B12,120.509635,24.218448,2
2022,6,28,17,13,臺中市,北區,0,1,0,8,1,5,50,14,7,1,5,4,5,7,4,4,5,5,4,2,13,42,2,9,1,1,C03,7,8,1,10,3,14,,42,42,1,22,8,C03,120.689255,24.159196,2
2022,6,28,17,15,臺中市,北區,0,1,0,8,1,5,50,4,1,1,5,4,5,7,1,1,10,5,5,2,16,6,3,10,1,1,B03,7,5,1,8,2,1,,6,6,1,20,8,B03,120.670481,24.159219,2
2022,6,28,17,17,臺中市,大里區,0,0,0,8,,,50,,,,,,,,,,,,,,,23,,,,,C01,,,1,,2,,,23,23,1,22,,C01,120.693756,24.10615,3
2022,6,28,17,22,臺中市,南屯區,0,0,0,8,1,5,50,14,9,1,5,4,5,7,4,4,5,4,5,2,17,42,,,,,,,,,,,,,42,42,1,,,,120.609045,24.138698,3
2022,6,28,17,27,臺中市,南屯區,0,0,0,,,,50,,,,,,,,,,,,,,,23,,,,,C03,,,1,,9,,,23,23,1,22,,C03,120.64301,24.14092,3
2022,6,28,17,28,臺中市,沙鹿區,0,1,0,8,1,5,50,14,7,1,5,4,5,7,4,4,1,4,4,2,17,19,3,10,1,1,B12,7,1,1,2,2,8,,19,19,1,10,8,B12,120.567772,24.227329,2
2022,6,28,17,30,臺中市,梧棲區,0,0,0,8,,,50,,,,,,,,,,,,,,,6,,,,,C03,,,1,,1,,,6,6,1,18,,C03,120.541291,24.257628,3
2022,6,28,17,34,臺中市,潭子區,0,0,0,8,,,50,,,,,,,,,,,,,,,19,,,,,C03,,,3,,2,,,19,19,1,22,,C03,120.705943,24.215477,3
2022,6,28,17,37,臺中市,北區,0,0,0,8,1,5,50,3,8,1,5,4,5,7,4,4,8,3,4,2,12,23,,,,,B03,,,1,,2,,,23,23,1,22,,B03,120.692325,24.160276,3
2022,6,28,17,39,臺中市,南屯區,0,0,0,8,,,50,,,,,,,,,,,,,,,12,,,,,B12,,,1,,1,,,12,12,1,4,,B12,120.654579,24.131989,3
2022,6,28,17,40,臺中市,烏日區,0,1,0,8,1,5,60,3,1,1,5,4,5,7,4,4,1,4,4,1,13,16,3,10,1,1,B03,7,9,1,8,2,1,,16,16,1,21,8,B03,120.617218,24.105671,2
2022,6,28,17,40,臺中市,豐原區,0,0,0,8,,,50,,,,,,,,,,,,,,,44,,,,,,,,,,,,,,,,,,,120.731592,24.242141,3
2022,6,28,17,43,臺中市,大里區,0,0,0,8,,,30,,,,,,,,,,,,,,,18,,,,,B12,,,1,,2,,,18,18,1,4,,B12,120.693165,24.09223,3
2022,6,28,17,45,臺中市,北屯區,0,0,0,8,,,40,,,,,,,,,,,,,,,7,,,,,B03,,,1,,2,,,7,7,1,4,,B03,120.703788,24.20158,3
2022,6,28,17,45,臺中市,大安區,0,0,0,8,,,30,,,,,,,,,,,,,,,19,,,,,B03,,,1,,2,,,19,19,1,5,,B03,120.597619,24.394463,3
2022,6,28,17,46,臺中市,潭子區,0,1,0,8,1,5,30,3,1,1,5,4,5,7,3,1,1,2,4,1,16,6,3,10,1,1,B03,7,6,1,8,2,7,,6,6,1,22,9,B03,120.687049,24.216015,2
2022,6,28,17,49,臺中市,豐原區,0,0,0,8,,,50,,,,,,,,,,,,,,,10,,,,,B12,,,1,,2,,,10,10,1,4,,B12,120.716294,24.252933,3
2022,6,28,17,59,臺中市,東區,0,2,0,8,1,5,50,4,1,1,5,4,5,7,1,1,10,5,5,2,12,23,3,10,1,1,C03,7,9,1,10,11,12,,23,23,1,22,8,C03,120.70151,24.125407,2
2022,6,28,18,11,臺中市,北區,0,0,0,8,,,50,,,,,,,,,,,,,,,23,,,,,B03,,,1,,1,,,23,23,1,22,,B03,120.674188,24.165323,3
2022,6,28,18,12,臺中市,南屯區,0,0,0,8,1,5,30,14,9,1,5,4,5,7,4,4,10,5,5,2,17,37,3,10,1,1,A11,7,9,1,4,2,9,,37,37,1,22,8,A11,120.609111,24.142501,3
2022,6,28,18,20,臺中市,西屯區,0,0,0,8,,,50,,,,,,,,,,,,,,,43,,,,,B03,,,1,,11,,,43,43,1,22,,B03,120.636573,24.165605,3
2022,6,28,18,21,臺中市,沙鹿區,0,2,0,8,1,5,40,5,1,1,5,4,5,7,2,1,10,5,5,2,17,42,3,10,1,1,B03,7,15,1,8,2,1,,42,42,1,11,1,B03,120.569722,24.237222,2
2022,6,28,18,33,臺中市,北屯區,0,0,0,8,,,50,,,,,,,,,,,,,,,2,,,,,B03,,,1,,2,,,23,2,1,22,,B03,120.700123,24.164964,3
2022,6,28,18,44,臺中市,潭子區,0,0,0,8,,,30,,,,,,,,,,,,,,,12,,,,,B12,,,1,,2,,,12,12,1,22,,B12,120.711433,24.201397,3
2022,6,28,18,56,臺中市,東區,0,0,0,,,,50,,,,,,,,,,,,,,,12,,,,,B03,,,1,,2,,,12,12,1,22,,B03,120.703911,24.13403,3
2022,6,28,18,57,臺中市,北屯區,0,1,0,8,3,5,50,3,1,1,5,4,5,7,4,4,10,5,5,2,17,26,3,10,1,1,C03,7,9,1,10,2,11,,26,26,1,21,8,C03,120.698345,24.160803,2
2022,6,28,19,4,臺中市,烏日區,0,0,0,8,,,50,,,,,,,,,,,,,,,16,,,,,B01,,,1,,2,,,16,16,1,21,,B01,120.597878,24.109999,3
2022,6,28,19,5,臺中市,神岡區,0,2,0,8,3,5,40,3,2,1,5,4,5,7,1,1,9,5,5,1,18,42,2,9,3,4,C03,7,12,1,10,2,14,,42,42,1,22,9,C03,120.669471,24.269614,2
2022,6,28,19,17,臺中市,北區,0,0,0,8,3,5,50,14,9,1,5,4,5,7,1,1,5,4,5,2,17,18,3,10,1,1,B03,7,3,1,8,9,2,,18,18,2,5,5,B03,120.670635,24.166909,3
2022,6,28,19,25,臺中市,大里區,0,0,0,8,,,50,,,,,,,,,,,,,,,18,,,,,B12,,,1,,2,,,18,18,1,9,,B12,120.68951,24.10716,3
2022,6,28,19,42,臺中市,北屯區,0,1,0,8,3,5,30,4,1,1,5,4,5,7,1,1,1,5,5,2,12,6,3,10,1,1,B03,7,6,1,8,2,2,,6,6,1,22,8,B03,120.6763,24.174398,2
2022,6,28,19,56,臺中市,南屯區,0,0,0,8,3,5,50,14,16,1,5,4,5,7,4,4,1,2,5,2,13,16,3,10,1,1,B03,7,9,1,7,2,1,,16,16,1,22,8,B03,120.620497,24.152512,3
2022,6,28,20,2,臺中市,清水區,0,1,0,8,1,8,60,4,1,1,5,4,5,7,1,1,8,3,4,1,16,9,3,10,1,1,B03,7,6,1,8,2,6,,9,9,1,21,8,B03,120.545147,24.270174,2
2022,6,28,20,3,臺中市,大里區,0,2,0,8,3,5,50,14,9,1,5,4,4,7,3,1,9,5,4,1,9,60,3,10,4,5,H01,8,16,8,20,10,16,,60,60,1,22,8,H01,120.709655,24.094468,2
2022,6,28,20,5,臺中市,梧棲區,0,1,0,8,3,5,40,14,8,1,5,4,5,7,4,4,1,4,3,1,18,22,2,9,1,1,C03,7,9,1,10,2,14,,22,22,1,9,8,C03,120.556568,24.242718,2
2022,6,28,20,5,臺中市,豐原區,0,1,0,8,3,5,30,5,1,1,5,4,5,7,1,1,8,3,5,1,17,42,2,9,1,1,C03,7,9,1,10,2,12,,42,42,1,22,5,C03,120.720403,24.24045,2
2022,6,28,20,9,臺中市,南屯區,0,2,0,8,3,5,50,5,4,1,5,4,5,7,2,1,5,5,5,2,13,23,2,8,1,4,C03,7,9,1,10,2,11,,23,23,1,21,8,C03,120.637677,24.142481,2
2022,6,28,20,9,臺中市,西屯區,0,0,0,8,,,50,,,,,,,,,,,,,,,42,,,,,B03,,,1,,11,,,42,,1,22,,B03,120.610182,24.187817,3
2022,6,28,20,10,臺中市,西屯區,0,1,0,8,4,5,50,14,9,1,5,4,5,7,4,4,1,4,5,2,13,23,3,10,3,4,B03,7,9,1,8,1,1,,23,23,1,22,8,B03,120.649428,24.162029,2
2022,6,28,20,10,臺中市,大里區,0,0,0,8,,,50,,,,,,,,,,,,,,,12,,,,,B02,,,1,,1,,,12,12,1,22,,B02,120.68041,24.11279,3
2022,6,28,20,11,臺中市,潭子區,0,2,0,8,1,5,50,4,1,1,5,4,5,7,4,4,10,5,5,2,15,26,2,9,1,1,C03,7,9,1,10,2,14,,26,26,1,22,8,C03,120.706733,24.210367,2
2022,6,28,20,19,臺中市,大安區,0,2,0,8,3,5,50,3,1,1,5,4,5,7,4,4,10,5,5,2,9,42,2,9,1,1,C03,7,9,1,10,2,11,,42,42,1,21,8,C03,120.60159,24.37263,2
2022,6,28,20,25,臺中市,大里區,0,0,0,8,,,30,,,,,,,,,,,,,,,18,,,,,B12,,,1,,2,,,18,18,1,9,,B12,120.705665,24.104416,3
2022,6,28,20,56,臺中市,東區,0,2,0,8,3,5,50,5,1,1,5,4,5,5,4,4,10,5,5,2,17,6,3,10,1,1,B03,7,15,1,8,2,1,,6,6,1,21,8,B03,120.685822,24.129763,2
2022,6,28,21,10,臺中市,沙鹿區,0,0,0,8,,,40,,,,,,,,,,,,,,,19,,,,,B12,,,6,,1,,,19,19,2,9,,B12,120.576154,24.225366,3
2022,6,28,21,39,臺中市,北屯區,0,0,0,8,,,50,,,,,,,,,,,,,,,12,,,,,B03,,,1,,1,,,12,12,1,22,,B03,120.737303,24.174528,3
2022,6,28,22,0,臺中市,東區,0,2,0,8,3,5,50,4,1,1,5,4,5,7,2,1,10,5,5,2,16,6,2,7,1,1,C03,7,5,1,10,2,11,,6,6,1,22,8,C03,120.700338,24.127277,2
2022,6,28,22,10,臺中市,烏日區,0,1,0,7,3,5,40,10,8,1,5,4,5,7,4,4,10,5,4,1,29,23,2,9,1,1,C03,7,9,1,10,2,11,12,23,23,1,22,8,C03,120.64873,24.093327,2
2022,6,28,23,0,臺中市,大甲區,0,0,0,8,,,30,,,,,,,,,,,,,,,18,,,,,B03,,,1,,1,,,18,18,1,22,,B03,120.631202,24.354873,3
2022,6,28,23,13,臺中市,西屯區,0,1,0,8,3,5,50,14,9,1,5,4,5,7,4,4,5,5,5,2,18,42,2,9,1,1,C03,7,9,1,10,2,14,,42,42,1,22,8,C03,120.65493,24.197357,2
2022,6,28,23,20,臺中市,太平區,0,1,0,8,3,5,50,3,1,1,5,4,5,7,4,4,10,5,5,2,16,23,2,9,1,1,C03,7,4,1,9,2,12,,23,23,1,20,8,C03,120.707583,24.11166,2
2022,6,28,23,30,臺中市,北區,0,1,0,7,1,5,50,4,2,1,5,4,5,7,2,1,3,2,3,1,12,38,3,10,3,4,B03,7,13,1,8,2,3,,38,38,1,22,9,B03,120.67346,24.167147,2
2022,6,28,23,30,臺中市,梧棲區,0,0,0,8,,,30,,,,,,,,,,,,,,,19,,,,,B03,,,1,,2,,,19,19,1,22,,B03,120.53716,24.260818,3
2022,6,28,23,41,臺中市,潭子區,0,1,0,7,3,5,50,4,1,1,5,4,5,7,3,1,5,5,4,2,17,14,2,9,1,1,C03,7,9,1,10,2,15,,14,14,1,22,9,C03,120.712066,24.229596,2
2022,6,29,0,9,臺中市,西區,0,1,0,8,3,5,50,4,1,1,5,4,5,7,3,1,10,5,5,2,15,6,3,10,1,1,B02,7,9,3,18,2,4,,6,6,1,21,8,B02,120.6829,24.142243,2
2022,6,29,0,30,臺中市,霧峰區,0,0,0,8,,,30,,,,,,,,,,,,,,,12,,,,,C03,,,1,,2,,,12,12,1,22,,C03,120.710382,24.078584,3
2022,6,29,1,58,臺中市,大雅區,0,1,0,8,3,5,50,11,9,1,5,4,5,7,4,4,10,5,5,1,17,23,2,9,1,1,C03,7,15,3,18,8,12,,23,23,1,22,8,C03,120.65077,24.229176,2
2022,6,29,2,30,臺中市,南屯區,0,0,0,,,,50,,,,,,,,,,,,,,,12,,,,,B12,,,1,,11,,,12,12,1,22,,B12,120.649729,24.144042,3
2022,6,29,3,33,臺中市,西屯區,1,0,0,8,3,5,50,14,9,1,5,4,5,7,4,4,1,4,5,2,13,23,3,10,1,1,B03,7,9,1,8,2,1,,23,23,1,21,8,B03,120.646901,24.158941,1
2022,6,29,6,10,臺中市,烏日區,0,1,0,8,1,5,50,14,9,1,5,4,5,7,4,4,5,4,5,1,12,9,3,10,1,1,B02,7,6,1,8,2,5,2,9,9,1,22,8,B02,120.643762,24.060708,2
2022,6,29,6,20,臺中市,西屯區,0,0,0,8,1,5,50,14,8,1,5,4,5,7,4,4,5,5,4,2,29,43,3,10,1,1,B03,7,20,1,8,7,15,,43,43,1,21,8,B03,120.635013,24.164811,3
2022,6,29,6,26,臺中市,西屯區,0,0,0,8,,,40,,,,,,,,,,,,,,,26,,,,,B12,,,1,,2,,,26,26,1,4,,B12,120.621084,24.180081,3
2022,6,29,6,44,臺中市,豐原區,0,0,0,8,,,30,,,,,,,,,,,,,,,6,,,,,F01,,,8,,2,,,6,6,1,22,,F01,120.703794,24.231004,3
2022,6,29,6,53,臺中市,龍井區,0,2,0,8,1,5,30,3,1,1,5,4,5,7,4,4,10,5,5,2,17,6,2,8,1,1,C03,7,5,1,10,2,11,,6,6,1,21,1,C03,120.597685,24.189,2
2022,6,29,7,6,臺中市,南屯區,0,1,0,8,1,5,50,14,9,1,5,4,5,7,4,4,5,5,5,2,17,26,3,10,1,1,B03,7,5,1,8,2,8,,26,26,1,22,9,B03,120.653084,24.133017,2
2022,6,29,7,9,臺中市,豐原區,0,1,0,8,1,5,50,14,9,1,5,4,5,7,4,4,5,5,5,2,12,23,3,10,1,1,C03,7,4,1,10,2,13,,23,23,1,21,8,C03,120.71847,24.25117,2